# vtk DataFile Version 3.0
XPBD Tissue Simulation - Frame 274 at t=0.8035s
ASCII
DATASET UNSTRUCTURED_GRID
POINTS 974 float
-0.011434 0.001265 0.003899
-0.016752 0.001102 0.005427
-0.013426 0.003084 0.008873
-0.009972 0.003589 0.008655
-0.028468 0.001656 0.002130
-0.026590 0.001442 0.004831
-0.025225 0.001492 0.001382
-0.023210 0.001539 0.003244
-0.015108 0.000838 0.000768
-0.013876 0.003853 0.009789
-0.014163 0.001403 -0.001836
-0.007505 0.005837 0.004023
-0.007963 0.005672 0.009102
-0.029808 0.002493 0.005406
-0.027801 0.002453 -0.000277
-0.021784 0.002614 0.005536
-0.019528 0.002063 0.004390
-0.018627 0.001970 0.002192
-0.020294 0.003205 0.005810
-0.019192 0.002842 0.006033
-0.015356 0.002208 -0.002542
-0.009349 0.003216 -0.002050
-0.009203 0.005115 0.009931
-0.032711 0.003436 0.001956
-0.032360 0.003155 0.003832
-0.024310 0.003698 0.006589
-0.021329 0.003002 0.000831
-0.016069 0.002148 -0.001332
-0.016654 0.003823 0.009490
-0.013941 0.003376 -0.007040
-0.008554 0.006851 0.011567
-0.006516 0.006870 -0.000612
-0.026068 0.004031 0.006723
-0.022385 0.003607 -0.000005
-0.022093 0.003995 0.006224
-0.019244 0.005346 0.007972
-0.013087 0.002726 -0.006399
-0.011524 0.003200 -0.007391
-0.008606 0.002928 -0.005320
-0.006884 0.010923 0.003581
-0.007047 0.010544 0.005019
-0.006610 0.010628 0.007575
-0.032984 0.004212 0.002742
-0.021023 0.005769 0.007018
-0.019430 0.004927 -0.004464
-0.015295 0.005029 -0.007821
-0.014220 0.004228 -0.007508
-0.007529 0.005373 -0.006327
-0.007942 0.009176 0.012269
-0.031782 0.004870 0.001267
-0.031004 0.004899 0.005395
-0.020743 0.005467 -0.001447
-0.022374 0.006232 0.006455
-0.012281 0.004098 -0.008444
-0.009105 0.003761 -0.008205
-0.005266 0.007489 -0.004192
-0.008847 0.009938 0.012919
-0.006751 0.012249 0.011943
-0.031130 0.005155 0.003740
-0.030494 0.006438 0.002158
-0.025615 0.006124 0.005715
-0.023278 0.006287 0.006057
-0.022062 0.006619 -0.001519
-0.020739 0.006179 -0.005396
-0.020312 0.006960 0.008141
-0.009984 0.010076 0.013134
-0.028556 0.006462 0.000001
-0.022282 0.007614 -0.002009
-0.007025 0.006935 -0.007447
-0.005021 0.008723 -0.004902
-0.029350 0.007590 0.003638
-0.023165 0.008287 -0.004340
-0.023461 0.008295 -0.001747
-0.011988 0.007217 -0.010257
-0.005873 0.014778 0.010276
-0.004225 0.012660 -0.002315
-0.004746 0.014668 0.000656
-0.027740 0.008693 0.002336
-0.026183 0.008207 0.003519
-0.024063 0.009063 -0.001282
-0.025495 0.008845 0.003793
-0.022402 0.008828 -0.007346
-0.026512 0.009453 0.000010
-0.027008 0.009175 0.002333
-0.026322 0.009050 0.002536
-0.024427 0.009985 -0.001209
-0.024397 0.010308 -0.003072
-0.020496 0.010690 0.009140
-0.010124 0.012674 0.012311
-0.010595 0.014915 0.011452
-0.025396 0.012254 -0.000192
-0.023761 0.010379 -0.007133
-0.025030 0.011239 -0.001507
-0.019728 0.012471 0.010140
-0.007890 0.010305 -0.008982
-0.004578 0.012729 -0.005030
-0.026022 0.011521 0.001279
-0.012447 0.015588 0.011044
-0.024652 0.011414 0.004303
-0.021315 0.011541 -0.009585
-0.022846 0.012181 0.006726
-0.006047 0.014529 -0.006285
-0.010764 0.011561 -0.010750
-0.011640 0.012904 -0.011033
-0.010083 0.012660 -0.010508
-0.005989 0.018204 0.000153
-0.024424 0.014505 -0.000200
-0.023352 0.013788 -0.007152
-0.021790 0.013718 -0.008425
-0.013505 0.016551 0.010560
-0.012076 0.016655 0.010101
-0.007656 0.018977 0.000883
-0.007601 0.019438 0.002853
-0.024831 0.013587 0.001162
-0.018028 0.013891 -0.011577
-0.013344 0.017376 0.009487
-0.006913 0.017140 -0.003674
-0.023436 0.015195 -0.005081
-0.021891 0.015749 -0.006585
-0.020622 0.014775 -0.009018
-0.019362 0.015452 -0.008821
-0.018545 0.014567 -0.011016
-0.018913 0.017149 0.008208
-0.010649 0.019142 0.005075
-0.022029 0.016163 -0.004831
-0.022850 0.015609 -0.002605
-0.022545 0.016456 0.003379
-0.019600 0.014734 -0.010261
-0.018722 0.015048 -0.010337
-0.015740 0.015391 -0.010675
-0.018702 0.018452 0.006703
-0.020670 0.016843 -0.005993
-0.021165 0.016715 -0.003517
-0.021844 0.017235 -0.000456
-0.015217 0.019065 0.005917
-0.012743 0.018994 0.006359
-0.008727 0.017127 -0.006039
-0.020624 0.018016 0.001791
-0.015761 0.017065 -0.008161
-0.015826 0.019296 0.004554
-0.017299 0.019435 0.002222
-0.015862 0.019301 -0.000267
-0.014564 0.019293 -0.003788
-0.014766 0.019227 -0.000885
-0.014989 0.000330 0.004401
-0.013452 0.000027 0.001500
-0.011565 0.002541 0.007411
-0.011737 -0.000271 0.002368
-0.012346 0.003052 0.008582
-0.011519 0.001598 0.004876
-0.009840 0.002957 0.004468
-0.009278 0.003940 0.008123
-0.026665 0.001255 0.002733
-0.027627 0.001300 0.004463
-0.026767 0.001586 0.001257
-0.024532 0.002397 0.000309
-0.024308 0.001757 0.004860
-0.022899 0.001827 0.004546
-0.022083 0.001797 0.003772
-0.018754 0.001817 0.003327
-0.017380 0.001513 0.004311
-0.017083 0.002179 0.006863
-0.017143 0.002722 0.007532
-0.014511 0.001030 -0.000548
-0.012406 0.000615 -0.000750
-0.010266 0.002245 0.000545
-0.008134 0.004639 0.001583
-0.007706 0.005146 0.006355
-0.029374 0.002730 0.000118
-0.027802 0.002156 0.000392
-0.029517 0.002171 0.000814
-0.026195 0.002608 -0.000329
-0.026435 0.001879 0.005634
-0.022422 0.002905 0.005970
-0.021606 0.002394 0.001728
-0.021262 0.002225 0.004858
-0.020138 0.002444 0.001705
-0.019479 0.002354 0.005304
-0.018923 0.002523 0.001282
-0.018652 0.002935 0.000612
-0.018233 0.002745 0.006988
-0.018715 0.003245 0.007834
-0.017294 0.002631 -0.000225
-0.016059 0.002793 0.008716
-0.012023 0.004584 0.011051
-0.010381 0.000656 -0.001313
-0.008456 0.004364 0.000316
-0.006906 0.007299 0.003155
-0.006656 0.008074 0.005936
-0.007135 0.007244 0.008081
-0.006994 0.007918 0.009926
-0.006541 0.009005 0.009680
-0.031740 0.003134 0.004730
-0.030918 0.002536 0.003976
-0.029235 0.002923 0.006224
-0.027981 0.003121 0.006664
-0.025887 0.002655 0.006285
-0.021263 0.003494 0.005976
-0.018373 0.004304 0.008135
-0.016337 0.003349 -0.005180
-0.016785 0.004477 0.008869
-0.015381 0.002806 -0.004857
-0.016278 0.002664 -0.002187
-0.014723 0.002891 -0.006026
-0.013451 0.001684 -0.003151
-0.010893 0.002303 -0.006131
-0.011316 0.001612 -0.003844
-0.010156 0.000913 -0.005407
-0.009823 0.005875 0.011774
-0.007501 0.005556 -0.000343
-0.007796 0.006786 0.010453
-0.007573 0.008240 0.011305
-0.006640 0.010559 0.009137
-0.006782 0.010041 0.010689
-0.031428 0.003027 0.000877
-0.030253 0.003312 0.000031
-0.029488 0.003687 0.006447
-0.030752 0.004137 0.006048
-0.028624 0.004124 0.006746
-0.027639 0.003871 0.006895
-0.026885 0.003839 -0.000964
-0.023241 0.004631 0.006379
-0.020006 0.003176 0.000678
-0.020574 0.004458 0.006614
-0.017257 0.003602 -0.004311
-0.017725 0.004624 -0.006280
-0.016210 0.002971 -0.003272
-0.017882 0.003736 -0.002237
-0.014761 0.005476 0.011219
-0.013373 0.006119 0.012191
-0.011445 0.005978 0.012263
-0.009100 0.002957 -0.007336
-0.006140 0.011574 0.006382
-0.032527 0.003956 0.001164
-0.032731 0.004421 0.001861
-0.032220 0.003987 0.004959
-0.021171 0.004389 -0.000447
-0.020501 0.005019 -0.000854
-0.019216 0.004717 -0.003075
-0.019329 0.004731 -0.002366
-0.019439 0.004010 -0.000469
-0.016884 0.005589 0.010330
-0.010462 0.003559 -0.008185
-0.010071 0.007101 0.012688
-0.006600 0.006147 -0.004588
-0.009668 0.007857 0.012847
-0.005172 0.008773 -0.000741
-0.006085 0.011804 0.001446
-0.006140 0.011305 0.008236
-0.032404 0.004388 0.003878
-0.019256 0.005135 -0.005574
-0.021026 0.005927 -0.002308
-0.014367 0.007383 0.012611
-0.012658 0.007470 0.013154
-0.012035 0.008556 0.013600
-0.005332 0.007557 -0.002647
-0.032212 0.005501 0.003609
-0.029063 0.005508 0.005727
-0.027809 0.005863 -0.000533
-0.027518 0.005646 0.006258
-0.024304 0.007216 -0.001274
-0.022024 0.005651 -0.001099
-0.020628 0.006702 -0.006579
-0.017178 0.005897 -0.007716
-0.018866 0.005590 -0.006554
-0.018151 0.007842 0.010229
-0.012075 0.005207 -0.009582
-0.013128 0.009061 0.013425
-0.008543 0.005131 -0.009177
-0.010984 0.007847 0.013264
-0.010038 0.008996 0.013223
-0.007740 0.012561 0.012080
-0.004594 0.009993 -0.001481
-0.030656 0.006628 0.003318
-0.029415 0.006378 0.003900
-0.027385 0.006355 0.005239
-0.024343 0.006641 0.005598
-0.023256 0.007642 -0.001441
-0.023364 0.007272 0.005885
-0.022559 0.007683 -0.005268
-0.022273 0.007313 0.006714
-0.019184 0.006730 -0.007512
-0.017235 0.006927 -0.008688
-0.017525 0.008523 0.011213
-0.004593 0.012395 -0.000468
-0.005077 0.013475 0.001175
-0.005452 0.014673 0.008534
-0.029269 0.007144 0.001016
-0.027240 0.007556 -0.000366
-0.026120 0.007331 -0.000818
-0.022627 0.008095 -0.005994
-0.019436 0.008065 0.009165
-0.019083 0.007488 -0.008020
-0.013809 0.006489 -0.009856
-0.014425 0.008679 0.012864
-0.009949 0.006340 -0.010115
-0.008323 0.006788 -0.008811
-0.006399 0.008506 -0.007418
-0.010513 0.010836 0.013250
-0.006189 0.007905 -0.006679
-0.005268 0.009210 -0.006130
-0.004959 0.014250 0.003953
-0.027528 0.008765 0.001179
-0.029333 0.007419 0.002159
-0.027937 0.007733 0.004197
-0.027117 0.008018 0.003169
-0.024557 0.008199 -0.001547
-0.024106 0.008116 0.005420
-0.021487 0.007541 -0.007114
-0.021942 0.009161 0.007369
-0.016070 0.007396 -0.009553
-0.016500 0.009227 0.011560
-0.013558 0.008037 -0.010318
-0.012867 0.012173 0.013014
-0.007885 0.009070 -0.008979
-0.006758 0.016448 0.011887
-0.004153 0.011421 -0.002925
-0.004599 0.015422 0.002505
-0.027814 0.008562 0.003220
-0.026021 0.009516 0.001931
-0.025059 0.009305 -0.000821
-0.024812 0.008714 0.004648
-0.023565 0.008681 -0.005338
-0.022991 0.008932 -0.002183
-0.024438 0.009424 0.004319
-0.019003 0.010720 0.010317
-0.015417 0.007937 -0.010169
-0.011708 0.012224 0.013036
-0.006540 0.009313 -0.007947
-0.008383 0.014086 0.011655
-0.004146 0.012635 -0.003293
-0.004484 0.014485 -0.000456
-0.004540 0.016792 0.001217
-0.026588 0.009789 0.001243
-0.025994 0.010593 0.001318
-0.025905 0.010256 0.001834
-0.024045 0.010105 -0.006614
-0.023472 0.010179 -0.004881
-0.024591 0.010367 -0.002130
-0.023173 0.010132 0.007085
-0.020460 0.009380 -0.008422
-0.017285 0.009252 -0.009798
-0.016516 0.011966 0.011510
-0.011792 0.014015 0.012137
-0.005005 0.011661 -0.006158
-0.004657 0.016738 0.002486
-0.024838 0.010707 -0.005798
-0.025453 0.011004 0.001468
-0.024100 0.009884 0.006185
-0.023468 0.011668 0.006031
-0.022099 0.011125 0.007436
-0.011640 0.008995 -0.009742
-0.013181 0.014006 0.012181
-0.010307 0.016879 0.009698
-0.006953 0.017963 0.010792
-0.004669 0.015473 -0.001555
-0.004868 0.018332 0.001373
-0.022730 0.010697 -0.007827
-0.019499 0.010924 -0.009353
-0.014409 0.013347 0.011877
-0.012785 0.014797 0.011748
-0.009068 0.010751 -0.009987
-0.008933 0.011502 -0.010037
-0.006652 0.018790 0.008890
-0.004980 0.014126 -0.004509
-0.024433 0.011622 -0.006584
-0.025084 0.012338 -0.005991
-0.018552 0.011653 -0.010089
-0.016131 0.011715 -0.011020
-0.016988 0.013240 0.011055
-0.007504 0.011682 -0.008764
-0.005828 0.012942 -0.006870
-0.024864 0.013799 -0.002552
-0.025757 0.012401 0.001875
-0.024233 0.013207 0.004314
-0.022836 0.012955 -0.007985
-0.021532 0.012323 -0.008942
-0.019421 0.012479 -0.009978
-0.019962 0.014037 0.009966
-0.019783 0.015047 0.009833
-0.007791 0.019339 0.004116
-0.006556 0.019643 0.006995
-0.025167 0.013950 -0.004715
-0.024830 0.013309 -0.000161
-0.025121 0.013153 0.002973
-0.024507 0.014327 -0.001164
-0.023393 0.014671 0.003758
-0.020963 0.013541 -0.009473
-0.013732 0.013079 -0.011328
-0.007074 0.013775 -0.007706
-0.006622 0.015394 -0.005797
-0.024110 0.014479 -0.002463
-0.023937 0.014543 0.000897
-0.022669 0.015971 0.005379
-0.020578 0.015827 0.008715
-0.016728 0.013744 -0.011775
-0.018657 0.015464 0.010624
-0.012987 0.014119 -0.010567
-0.007065 0.016259 -0.005549
-0.009778 0.018553 0.006020
-0.006013 0.016938 -0.002589
-0.006862 0.018164 -0.001046
-0.023531 0.015208 -0.001257
-0.023918 0.014907 0.000773
-0.021693 0.015423 -0.007274
-0.021374 0.016098 0.006754
-0.015967 0.014255 -0.011560
-0.019334 0.016609 0.009272
-0.013939 0.014938 -0.010558
-0.014710 0.017813 0.009009
-0.009091 0.014841 -0.008347
-0.007932 0.015855 -0.006523
-0.007739 0.017326 -0.004968
-0.009302 0.019220 0.003806
-0.022515 0.016133 -0.001594
-0.023455 0.015458 0.002322
-0.022801 0.016471 0.000073
-0.020970 0.014809 -0.008273
-0.021706 0.016541 0.005300
-0.017762 0.016110 -0.010339
-0.018114 0.015973 -0.009243
-0.020498 0.016403 0.007254
-0.016428 0.017559 0.009399
-0.012343 0.015208 -0.009277
-0.013280 0.018400 0.007802
-0.010081 0.015571 -0.007597
-0.010906 0.019595 0.001697
-0.008400 0.018049 -0.003907
-0.008702 0.018650 -0.002229
-0.008012 0.018800 -0.001009
-0.022084 0.017108 0.000577
-0.022680 0.016783 0.001918
-0.020344 0.017327 -0.004948
-0.020859 0.017203 -0.001778
-0.021297 0.017556 0.004346
-0.019471 0.016085 -0.007981
-0.017221 0.017043 -0.008653
-0.019738 0.018022 0.005009
-0.017323 0.018206 0.006844
-0.011653 0.017180 -0.007148
-0.014058 0.018894 0.006919
-0.013983 0.019414 0.005030
-0.010226 0.017531 -0.006158
-0.012882 0.019765 0.003789
-0.010314 0.018874 -0.001983
-0.021417 0.017540 0.000956
-0.020961 0.017898 -0.000474
-0.018157 0.017236 -0.007771
-0.019340 0.017519 -0.006683
-0.019415 0.018072 -0.001909
-0.018610 0.017951 -0.003921
-0.019879 0.017426 -0.003156
-0.018940 0.019327 0.001677
-0.018355 0.019179 0.004262
-0.013128 0.018283 -0.005696
-0.012868 0.018256 -0.003718
-0.013684 0.018955 -0.002094
-0.014548 0.019574 0.003920
-0.013628 0.019685 0.003106
-0.011328 0.019244 -0.000408
-0.019105 0.018767 -0.000446
-0.017738 0.018516 -0.002192
-0.015759 0.018653 -0.006379
-0.016571 0.018800 -0.002745
-0.017166 0.019140 -0.001059
-0.018425 0.019318 0.000332
-0.015748 0.019287 -0.001545
-0.016255 0.019500 0.002814
-0.014525 0.019770 0.000749
-0.010344 0.002850 0.006843
-0.027725 0.001313 0.003487
-0.024876 0.001342 0.002982
-0.011092 0.003885 0.009849
-0.029481 0.001722 0.003236
-0.023913 0.002356 0.005698
-0.020346 0.001973 0.003203
-0.010221 0.004908 0.011011
-0.026127 0.003419 0.006664
-0.012986 0.002006 -0.004409
-0.033048 0.003677 0.002997
-0.024903 0.005148 -0.001196
-0.005979 0.012147 0.009229
-0.031450 0.003830 0.000346
-0.017516 0.003931 -0.005207
-0.025928 0.004963 0.006482
-0.013690 0.004931 -0.008509
-0.005739 0.012380 0.003524
-0.005691 0.012549 0.007212
-0.030344 0.006036 0.001368
-0.029517 0.005845 0.000379
-0.027609 0.004726 0.006749
-0.006165 0.013745 0.011054
-0.021704 0.006859 -0.004454
-0.011476 0.009107 0.013337
-0.005655 0.013362 0.008536
-0.005065 0.014327 0.005078
-0.014881 0.010041 0.012658
-0.009952 0.007195 -0.009553
-0.005547 0.015796 0.008742
-0.013635 0.011056 0.013117
-0.005022 0.010561 -0.005947
-0.004270 0.013963 -0.002123
-0.024566 0.010747 0.004334
-0.010367 0.008341 -0.010152
-0.005591 0.010147 -0.006738
-0.005846 0.017730 0.007970
-0.012878 0.009135 -0.010824
-0.005507 0.018575 0.005521
-0.025232 0.011683 -0.004776
-0.021240 0.011297 -0.008672
-0.014977 0.010650 -0.010941
-0.004898 0.015600 -0.002366
-0.025128 0.012020 -0.002396
-0.020942 0.013414 0.009160
-0.024780 0.013484 -0.001486
-0.023501 0.012774 0.005177
-0.012312 0.012179 -0.011165
-0.021906 0.013028 -0.008611
-0.021753 0.014885 0.007250
-0.024380 0.014198 -0.006000
-0.019852 0.013970 -0.010288
-0.020811 0.015235 0.008767
-0.007228 0.014728 -0.006889
-0.015361 0.014008 -0.011546
-0.014872 0.016963 0.010197
-0.007729 0.017798 -0.003437
-0.020578 0.017603 0.005998
-0.019844 0.017790 0.003845
-0.011381 -0.000064 0.001393
-0.029285 0.001735 0.004526
-0.009077 0.003482 0.006447
-0.007855 0.005034 0.007660
-0.007297 0.005890 0.005567
-0.011823 0.001107 -0.002223
-0.031091 0.002470 0.001616
-0.032160 0.002787 0.002628
-0.019826 0.003651 0.006614
-0.006814 0.006989 0.001470
-0.027519 0.004651 -0.000947
-0.026025 0.003489 -0.001005
-0.024452 0.004513 -0.001027
-0.006867 0.005843 -0.003049
-0.005752 0.007263 -0.001458
-0.005814 0.008711 0.000306
-0.030922 0.004171 0.000222
-0.022923 0.004802 -0.000914
-0.025921 0.006070 -0.001039
-0.024121 0.005718 0.006105
-0.029688 0.004935 0.006454
-0.010561 0.004718 -0.009457
-0.005205 0.013988 0.006721
-0.027985 0.007531 0.000173
-0.005143 0.015344 0.006702
-0.027643 0.008180 0.000404
-0.025241 0.007314 0.005220
-0.024180 0.007556 0.005460
-0.023367 0.008639 -0.003278
-0.005913 0.016332 0.009925
-0.016959 0.010865 0.011203
-0.008866 0.008295 -0.009132
-0.004960 0.016125 0.004473
-0.026090 0.010954 0.000771
-0.024804 0.010607 0.002958
-0.014798 0.011406 0.012380
-0.005091 0.017740 0.003687
-0.006480 0.011326 -0.007781
-0.008497 0.015684 0.010726
-0.006271 0.017345 0.009962
-0.017391 0.010584 -0.010234
-0.013192 0.010597 -0.010827
-0.025431 0.013495 -0.003823
-0.019120 0.013588 0.010395
-0.017958 0.014427 0.010760
-0.015366 0.014495 0.011206
-0.013758 0.015166 0.011513
-0.008223 0.012427 -0.008897
-0.005631 0.019803 0.002929
-0.016945 0.015779 0.010756
-0.022374 0.015725 -0.005811
-0.021960 0.016604 -0.001410
-0.023101 0.016167 0.004069
-0.008741 0.019420 0.001651
-0.021334 0.016616 -0.002527
-0.011337 0.018620 -0.003425
-0.017973 0.017755 -0.005959
-0.017378 0.018040 -0.004060
-0.014274 0.017717 -0.005883
-0.024698 0.003253 -0.000622
-0.027660 0.003091 -0.000697
-0.032924 0.003919 0.003915
-0.009027 0.008915 0.012884
-0.029825 0.005386 0.005018
-0.005379 0.013093 0.004623
-0.023843 0.011731 0.002355
-0.014312 0.011431 -0.011214
-0.025346 0.013316 -0.005604
-0.017152 0.013055 -0.011617
-0.010771 0.013885 -0.010419
-0.011396 0.015115 -0.009977
-0.012049 0.018820 -0.001887
-0.018145 0.018986 -0.000742
-0.013405 0.001370 0.005550
-0.026263 0.001277 0.003906
-0.024020 0.001525 0.004004
-0.022498 0.002086 0.001752
-0.024473 0.003057 0.006513
-0.021348 0.002054 0.002526
-0.020778 0.002622 0.005465
-0.015784 0.001602 -0.000552
-0.023104 0.003441 0.006329
-0.017825 0.003261 -0.001163
-0.013434 0.002367 -0.005354
-0.008988 0.007369 0.012320
-0.022616 0.005226 0.006351
-0.019174 0.004397 -0.001411
-0.015399 0.006099 0.011365
-0.006372 0.011401 0.009819
-0.006149 0.007004 -0.005386
-0.007467 0.010753 0.012185
-0.023964 0.006070 -0.001187
-0.021116 0.006283 -0.003080
-0.014037 0.005695 -0.009083
-0.015063 0.006064 -0.009025
-0.015991 0.007410 0.011548
-0.015140 0.008078 0.012361
-0.004715 0.009023 -0.003349
-0.022195 0.007646 -0.003242
-0.023408 0.008387 0.005832
-0.012565 0.006315 -0.010077
-0.006680 0.014801 0.012206
-0.020587 0.007742 -0.007876
-0.024004 0.009569 -0.005910
-0.004394 0.010949 -0.004753
-0.025620 0.010413 -0.000267
-0.013835 0.009410 -0.010937
-0.012190 0.011333 -0.010805
-0.007703 0.019395 0.010419
-0.005911 0.015623 -0.004523
-0.024340 0.013011 -0.006757
-0.021725 0.013944 0.008139
-0.011435 0.015838 0.010665
-0.006336 0.020490 0.004862
-0.020303 0.013214 -0.010018
-0.015285 0.013113 -0.011549
-0.009951 0.013660 -0.009209
-0.023563 0.014815 -0.006090
-0.023017 0.015464 -0.004131
-0.017274 0.014510 -0.011224
-0.015763 0.018339 0.007834
-0.009717 0.019044 -0.000344
-0.020305 0.016573 -0.007112
-0.011669 0.018193 -0.004975
-0.017473 0.019091 0.001158
-0.016111 0.019385 0.001205
-0.032693 0.004552 0.003289
-0.004840 0.014071 0.002409
-0.026907 0.007685 0.004381
-0.023766 0.009417 0.005790
-0.017790 0.012076 0.011039
-0.009372 0.009676 -0.010071
-0.008558 0.018569 0.005204
-0.009598 0.017950 -0.004578
-0.019250 0.017756 -0.005685
-0.028351 0.006606 0.004513
-0.004242 0.013827 -0.003230
-0.021710 0.008811 0.007826
-0.011904 0.010251 0.013161
-0.017861 0.012643 -0.011208
-0.024540 0.014665 -0.004991
-0.009779 0.002567 0.002794
-0.028204 0.002216 0.005994
-0.007796 0.005245 -0.002523
-0.029155 0.003872 -0.000385
-0.032132 0.004336 0.000905
-0.029869 0.004747 -0.000090
-0.021447 0.004774 0.006444
-0.018024 0.010493 0.010954
-0.018874 0.012469 0.010832
-0.015236 0.012397 -0.011436
-0.013622 0.011994 -0.011632
-0.017089 0.017736 -0.007162
-0.012343 0.019601 0.001031
-0.018367 0.018198 -0.002879
-0.015083 0.019774 0.002137
-0.023688 0.001472 0.002394
-0.016410 0.001132 0.002175
-0.017324 0.001873 0.000878
-0.024831 0.014316 -0.003807
-0.017918 0.016514 0.010144
-0.010392 0.014878 -0.008859
-0.014736 0.000039 0.003187
-0.012491 0.019289 -0.000367
-0.013490 0.005045 0.011265
-0.022869 0.009096 0.006810
-0.017849 0.017071 0.009526
-0.011863 0.019368 0.004240
-0.021637 0.017388 0.002678
-0.014472 0.001596 0.006876
-0.024022 0.001959 0.001242
-0.009178 0.003833 0.007368
-0.023933 0.002726 0.006184
-0.022566 0.002628 0.000910
-0.007499 0.009654 0.008433
-0.018043 0.008235 -0.008984
-0.015899 0.012854 0.011465
-0.025202 0.010842 -0.003723
-0.023157 0.016508 0.001320
-0.017472 0.017821 0.008608
-0.023952 0.014782 -0.004014
-0.009004 0.005587 0.010926
-0.032051 0.005301 0.002452
-0.011112 0.005856 -0.010046
-0.009320 0.011584 0.012871
-0.010277 0.009656 -0.010377
-0.005228 0.017075 0.005630
-0.023253 0.013892 0.005672
-0.011581 0.018211 0.007688
-0.016220 0.015794 -0.009631
-0.015855 0.018469 -0.005423
-0.024000 0.004023 -0.000845
-0.005993 0.011947 0.004918
-0.014789 0.009059 -0.010745
-0.018565 0.013514 -0.010778
-0.014259 0.017451 -0.007182
-0.016525 0.016776 0.010356
-0.009848 0.005533 -0.009574
-0.020810 0.001987 0.004063
-0.026024 0.008522 -0.000553
-0.014018 0.016469 -0.008385
-0.022837 0.008502 -0.006763
-0.008556 0.018300 0.007764
-0.025158 0.012855 -0.002146
-0.030474 0.003220 0.005897
-0.004828 0.011049 -0.000006
-0.019589 0.009496 0.009634
-0.012952 -0.000738 0.003298
-0.028029 0.001710 0.005342
-0.014907 0.015991 0.010872
-0.016920 0.000962 0.003383
-0.015989 0.003791 -0.006306
-0.013837 0.015654 -0.009439
-0.019772 0.015819 0.009680
-0.007182 0.010244 0.011677
-0.018149 0.002487 0.005337
-0.014609 0.002423 -0.003758
-0.006579 0.018867 0.001410
-0.026125 0.001927 0.000495
-0.015417 0.002109 0.007498
-0.025075 0.009755 0.003059
-0.015447 0.018420 -0.002894
-0.010414 0.019450 0.003192
-0.017876 0.005636 0.009427
-0.015125 0.011278 0.000895
-0.009449 0.010952 -0.002955
-0.011968 0.008989 0.005765
-0.021167 0.009670 0.001607
-0.013506 0.011524 -0.005864
-0.018686 0.011269 -0.002800
-0.017149 0.007256 0.003849
-0.016832 0.012419 0.005950
-0.010535 0.013106 0.002431
-0.013686 0.007279 -0.003489
-0.013162 0.012667 0.007793
-0.010910 0.008848 0.009459
-0.022832 0.006205 0.002332
-0.013208 0.006624 0.001083
-0.019584 0.013370 0.000587
-0.012468 0.014068 -0.001618
-0.026027 0.005619 0.002143
-0.014170 0.014926 0.003742
-0.009779 0.008943 0.002690
-0.007552 0.009830 -0.004783
-0.023968 0.008597 0.001125
-0.014793 0.006113 0.006521
-0.011294 0.008290 -0.006128
-0.016256 0.014870 -0.000638
-0.016770 0.007814 -0.001105
-0.011215 0.005864 0.006722
-0.019527 0.005648 0.003318
-0.007623 0.009626 -0.001332
-0.009105 0.013099 0.006204
-0.017307 0.012601 -0.006503
-0.021910 0.011843 -0.002129
-0.009153 0.009648 0.007656
-0.019694 0.010407 0.004878
-0.010746 0.007217 -0.001403
-0.008882 0.015081 -0.000339
-0.014552 0.009985 0.004262
-0.009958 0.013595 -0.005259
-0.017521 0.015064 0.002921
-0.016908 0.008146 -0.004669
-0.007813 0.012811 0.002569
-0.015115 0.011714 -0.002678
-0.017991 0.009839 0.001667
-0.011373 0.005639 0.003329
-0.012295 0.010585 -0.000551
-0.020480 0.011951 -0.005795
-0.028026 0.003834 0.004328
-0.022459 0.010580 0.003848
-0.019355 0.007027 0.000975
-0.017081 0.008877 0.007211
-0.013947 0.009168 0.009190
-0.020243 0.008990 -0.001175
-0.015435 0.014825 0.007770
-0.017418 0.005811 0.006576
-0.022416 0.009667 -0.000419
-0.011657 0.015928 0.001798
-0.012378 0.012792 0.004735
-0.020233 0.013682 0.003886
-0.013240 0.012368 -0.008569
-0.017473 0.014348 -0.003681
-0.010709 0.011948 0.008231
-0.022301 0.012314 0.000436
-0.014402 0.005267 -0.001496
-0.015932 0.005835 0.001109
-0.014325 0.004250 0.003280
-0.006838 0.013259 -0.001812
-0.019161 0.013407 0.007106
-0.009369 0.006808 -0.004382
-0.021260 0.008093 0.004517
-0.015080 0.016621 0.001505
-0.009318 0.010654 -0.006742
-0.011978 0.009759 0.002845
-0.012991 0.015506 0.006512
-0.015052 0.014621 -0.005717
-0.012918 0.006208 0.008892
-0.018375 0.013199 -0.008532
-0.020692 0.009771 -0.003865
-0.022617 0.003807 0.003876
-0.012331 0.014989 -0.004569
-0.015715 0.009646 -0.007035
-0.023288 0.012397 -0.003852
-0.012168 0.011139 0.010282
-0.007467 0.012676 -0.004940
-0.009694 0.011017 0.000132
-0.010278 0.014898 0.007061
-0.017802 0.004749 0.002308
-0.009290 0.016427 0.003142
-0.024099 0.004146 0.002174
-0.009998 0.015735 -0.002827
-0.008184 0.010874 0.005419
-0.008958 0.006938 0.000187
-0.023569 0.007838 0.003369
-0.020410 0.013959 -0.001808
-0.025653 0.007677 0.001617
-0.014369 0.008514 -0.000468
-0.015677 0.013188 -0.008842
-0.008138 0.015173 0.004385
-0.012125 0.010100 -0.003585
-0.011164 0.004657 0.000403
-0.015594 0.011705 0.008506
-0.009389 0.006544 0.005306
-0.013058 0.013106 0.001923
-0.015628 0.012389 0.003481
-0.009695 0.007035 0.009250
-0.014561 0.015350 -0.002849
-0.023414 0.010388 0.001784
-0.025105 0.003702 0.004472
-0.019249 0.008147 0.003257
-0.018991 0.007722 0.005931
-0.008504 0.012875 0.008930
-0.017293 0.012081 -0.000493
-0.018448 0.009867 -0.006552
-0.013452 0.007345 0.003785
-0.029943 0.004075 0.002759
-0.022543 0.007392 0.000226
-0.019035 0.014832 -0.005529
-0.012070 0.003434 0.004372
-0.017208 0.010239 0.004085
-0.016341 0.015161 0.005179
-0.014534 0.013276 0.005738
-0.009143 0.007860 -0.006913
-0.013321 0.009713 -0.008314
-0.013775 0.007645 -0.006703
-0.024391 0.005785 0.003843
-0.027863 0.004251 0.001426
-0.015800 0.008797 0.002082
-0.015171 0.005221 -0.003802
-0.018465 0.015375 -0.001440
-0.007164 0.015256 0.001392
-0.013450 0.016525 -0.000671
-0.019004 0.004872 0.005104
-0.017497 0.015199 0.008114
-0.014099 0.008987 0.006525
-0.011713 0.005227 -0.004139
-0.010207 0.008788 0.011288
-0.012193 0.007598 0.010916
-0.008965 0.010458 0.010235
-0.020900 0.005159 0.001654
-0.011042 0.016158 0.004782
-0.010120 0.009822 0.005218
-0.019009 0.006894 -0.001260
-0.014197 0.003871 0.000405
-0.013315 0.004189 0.006757
-0.021423 0.014019 0.001811
-0.010855 0.013230 -0.000239
-0.014288 0.013542 -0.000145
-0.024351 0.006162 0.000816
-0.017790 0.011531 0.008133
-0.021222 0.013479 -0.004297
-0.014716 0.009573 -0.004528
-0.018666 0.015627 0.005334
-0.022191 0.010744 -0.005336
-0.011178 0.016626 -0.000688
-0.013702 0.014675 0.009035
-0.012040 0.013783 0.009742
-0.010980 0.012688 -0.007706
-0.012205 0.004357 -0.001940
-0.012866 0.006310 0.005633
-0.008277 0.015038 -0.003890
-0.010755 0.012820 -0.002969
-0.006649 0.013155 0.000571
-0.018222 0.012362 0.002990
-0.026113 0.003324 0.002356
-0.018682 0.008594 -0.002986
-0.006033 0.011833 -0.003883
-0.020363 0.015533 0.000070
-0.020358 0.011338 -0.000417
-0.007990 0.009789 0.002338
-0.009912 0.011626 0.003622
-0.017805 0.005562 0.000023
-0.016021 0.013621 0.001462
-0.027890 0.006368 0.002600
-0.022224 0.005999 0.004598
-0.009474 0.005845 0.002426
-0.010932 0.008427 0.007377
-0.016740 0.016142 -0.002524
-0.016841 0.017021 0.000366
-0.023512 0.011662 -0.000921
-0.018252 0.009800 -0.000625
-0.011367 0.007919 0.000885
-0.011112 0.011058 -0.005454
-0.011162 0.011513 0.005326
-0.013116 0.016999 0.004588
-0.016790 0.011076 -0.004379
-0.021402 0.012164 0.005201
-0.010263 0.011259 0.010695
-0.020552 0.011388 0.003008
-0.012258 0.009743 0.008012
-0.022712 0.012503 0.002370
-0.015768 0.007426 0.008779
-0.009616 0.005629 0.007576
-0.015269 0.008764 -0.002493
-0.008964 0.014801 0.008780
-0.013801 0.009693 0.001771
-0.016498 0.003918 0.003873
-0.021121 0.007337 0.002054
-0.007276 0.008004 -0.003789
-0.024339 0.010528 0.000346
-0.015272 0.007474 0.004904
-0.007479 0.013196 0.007382
-0.025506 0.004456 0.000694
-0.016192 0.004831 0.007323
-0.012782 0.007071 -0.001418
-0.006010 0.010991 -0.002019
-0.020529 0.009287 -0.006074
-0.011086 0.009459 -0.007887
-0.024086 0.008983 -0.000196
-0.017493 0.007432 0.001775
-0.006898 0.011020 -0.006055
-0.015732 0.010319 0.006151
-0.009582 0.005170 -0.002872
-0.016933 0.015212 -0.006465
-0.016460 0.005636 -0.002132
-0.018447 0.015519 0.000881
-0.020717 0.004818 0.004758
-0.007230 0.015327 -0.001622
-0.020782 0.006603 0.000007
-0.031797 0.003879 0.003062
-0.026499 0.005432 0.004070
-0.013547 0.013160 -0.003644
-0.014947 0.003648 0.005144
-0.026781 0.006416 0.000634
-0.012776 0.011053 0.006106

CELLS 3395 16975
4 32 219 490 797
4 556 86 323 782
4 693 798 339 935
4 458 820 806 933
4 810 843 451 866
4 439 829 809 906
4 145 794 849 892
4 439 824 809 829
4 323 782 805 827
4 145 815 794 892
4 174 838 828 888
4 73 628 711 774
4 440 648 134 803
4 323 86 338 782
4 761 877 46 884
4 628 266 711 774
4 190 854 783 941
4 696 894 916 964
4 527 808 696 964
4 641 837 786 879
4 784 87 859 898
4 786 837 581 903
4 780 840 847 950
4 451 843 810 878
4 604 828 174 838
4 86 782 556 831
4 549 774 242 871
4 87 784 817 898
4 759 784 868 898
4 323 805 802 827
4 242 774 818 871
4 513 817 784 935
4 513 784 87 935
4 760 780 835 932
4 46 761 873 877
4 800 868 784 898
4 32 477 219 797
4 440 803 134 823
4 134 803 648 869
4 791 847 840 950
4 359 762 832 850
4 46 873 761 884
4 641 847 837 879
4 134 823 803 869
4 475 888 828 965
4 760 834 786 879
4 760 837 835 847
4 771 753 821 871
4 527 789 808 964
4 134 823 869 933
4 768 844 78 874
4 363 780 835 847
4 87 784 513 817
4 745 112 111 786
4 760 786 847 879
4 880 926 775 927
4 760 786 837 847
4 455 880 829 903
4 760 835 780 847
4 693 798 309 819
4 791 552 847 950
4 439 728 809 824
4 495 550 791 840
4 649 786 581 903
4 333 561 334 772
4 701 838 174 888
4 359 832 801 850
4 476 854 825 886
4 753 795 785 834
4 794 815 765 892
4 753 818 785 848
4 466 926 880 927
4 753 785 795 848
4 760 919 780 932
4 681 806 820 880
4 497 711 871 956
4 783 854 190 887
4 801 832 762 850
4 202 27 813 963
4 475 778 888 965
4 132 451 843 866
4 785 848 818 884
4 458 681 806 820
4 786 753 816 879
4 423 425 788 906
4 483 877 790 963
4 786 834 753 879
4 119 108 387 826
4 696 808 894 964
4 802 805 782 827
4 794 765 849 892
4 701 174 26 888
4 760 847 834 879
4 583 455 829 903
4 53 774 873 884
4 112 786 641 837
4 626 323 67 827
4 753 834 816 879
4 752 776 793 929
4 761 785 848 953
4 472 777 854 941
4 145 794 528 849
4 469 867 777 941
4 73 628 774 872
4 725 711 549 871
4 391 782 385 928
4 440 823 134 933
4 829 880 767 903
4 774 821 753 871
4 87 784 350 935
4 790 873 761 877
4 190 783 189 941
4 568 826 781 846
4 752 793 776 876
4 563 801 359 832
4 794 815 145 867
4 781 866 757 934
4 513 87 350 935
4 752 776 861 942
4 760 835 837 889
4 781 796 757 866
4 53 873 46 884
4 414 416 402 843
4 693 627 798 819
4 466 855 880 926
4 556 782 323 827
4 783 840 702 851
4 759 868 800 898
4 686 814 836 892
4 812 843 416 916
4 475 778 176 888
4 785 761 848 884
4 472 777 825 854
4 779 834 841 918
4 792 795 752 845
4 188 840 187 924
4 29 46 877 884
4 219 218 490 797
4 213 783 190 887
4 242 774 37 818
4 563 359 801 850
4 641 786 745 879
4 762 850 359 904
4 760 822 795 834
4 309 798 784 819
4 769 139 820 869
4 794 908 777 925
4 467 789 820 869
4 806 820 769 933
4 774 818 848 884
4 768 874 78 969
4 791 840 552 950
4 755 772 842 856
4 527 696 137 964
4 753 771 818 871
4 760 847 780 919
4 769 820 806 852
4 784 859 800 898
4 37 242 53 774
4 363 835 780 943
4 781 826 568 862
4 363 780 567 943
4 759 784 817 912
4 775 880 855 926
4 837 847 786 879
4 510 846 830 872
4 246 542 543 779
4 40 187 188 840
4 434 696 527 808
4 191 190 213 783
4 799 802 755 929
4 782 827 556 831
4 702 840 188 851
4 63 914 790 955
4 755 842 772 946
4 806 852 820 896
4 701 604 174 838
4 266 774 628 873
4 457 139 820 933
4 45 873 790 877
4 323 782 338 928
4 549 53 242 774
4 792 795 767 896
4 752 795 792 896
4 770 841 834 918
4 164 145 849 892
4 795 834 822 930
4 774 848 761 884
4 188 851 840 924
4 53 485 46 873
4 769 820 139 933
4 793 799 755 929
4 262 250 264 790
4 774 871 711 956
4 809 824 756 829
4 246 542 779 947
4 815 863 814 949
4 711 774 549 871
4 809 829 756 906
4 770 822 794 890
4 794 822 754 890
4 416 812 402 843
4 610 920 814 963
4 816 879 834 911
4 423 425 442 788
4 73 774 711 956
4 758 815 814 949
4 753 785 779 834
4 753 833 909 966
4 781 757 796 934
4 266 549 711 774
4 222 176 178 888
4 863 876 814 949
4 455 855 829 880
4 840 918 187 924
4 477 797 32 857
4 790 862 281 955
4 806 837 786 903
4 745 641 112 786
4 779 841 543 918
4 176 836 178 888
4 728 809 824 846
4 781 756 830 846
4 752 861 776 929
4 760 835 807 932
4 757 866 810 934
4 767 795 792 970
4 769 820 852 896
4 545 865 764 888
4 402 106 385 928
4 785 761 884 953
4 568 781 830 846
4 242 818 54 871
4 409 648 440 803
4 771 871 68 947
4 784 759 817 898
4 391 385 514 928
4 323 805 782 928
4 79 323 85 805
4 247 733 246 779
4 807 852 787 853
4 581 837 806 903
4 543 779 31 841
4 778 859 819 965
4 472 825 476 854
4 567 943 780 950
4 419 826 647 846
4 779 816 834 911
4 391 402 385 782
4 757 810 866 899
4 769 869 823 933
4 754 794 890 925
4 31 841 779 961
4 495 791 592 840
4 797 864 274 922
4 545 764 865 897
4 323 802 67 827
4 757 861 929 942
4 777 851 794 925
4 806 820 880 896
4 832 885 666 886
4 786 837 806 895
4 774 872 628 873
4 757 843 810 899
4 776 752 845 942
4 779 834 785 841
4 835 837 730 847
4 40 187 840 918
4 753 818 774 871
4 781 810 866 934
4 843 866 810 899
4 439 809 423 906
4 829 839 583 903
4 67 802 323 805
4 834 841 770 930
4 139 869 769 933
4 250 790 63 914
4 510 809 846 872
4 755 842 798 856
4 777 867 851 941
4 792 848 795 942
4 402 812 782 843
4 754 908 794 925
4 43 819 859 965
4 29 877 203 884
4 812 416 894 916
4 182 813 27 963
4 666 885 493 886
4 760 786 834 895
4 527 808 789 901
4 814 815 758 945
4 767 848 795 970
4 293 628 872 873
4 760 807 835 889
4 781 826 796 866
4 627 307 798 842
4 78 844 768 922
4 458 457 820 933
4 212 702 783 840
4 787 853 852 944
4 274 663 797 922
4 764 842 844 874
4 769 820 896 921
4 86 338 782 831
4 795 845 792 942
4 359 762 904 905
4 761 873 774 884
4 755 819 798 842
4 476 825 184 886
4 429 111 581 786
4 439 728 740 809
4 794 822 770 930
4 757 866 796 899
4 804 952 180 971
4 754 822 794 863
4 469 530 867 941
4 274 663 591 797
4 753 816 833 966
4 774 818 753 848
4 247 911 779 918
4 191 189 190 783
4 851 890 794 925
4 795 848 792 970
4 661 788 136 839
4 807 787 852 944
4 795 822 760 852
4 299 297 68 771
4 666 298 885 936
4 469 146 777 867
4 829 855 767 880
4 779 785 753 818
4 649 429 786 903
4 262 790 281 955
4 335 319 334 772
4 759 868 784 912
4 760 822 834 919
4 795 848 761 942
4 550 552 791 840
4 779 791 834 918
4 775 810 792 861
4 382 595 668 831
4 914 929 776 942
4 795 848 785 953
4 806 786 895 903
4 777 908 825 925
4 793 912 752 921
4 53 37 774 884
4 788 829 906 931
4 817 901 759 912
4 359 832 762 905
4 774 753 821 931
4 793 752 861 921
4 760 852 807 889
4 67 323 72 805
4 281 262 264 790
4 45 790 263 877
4 466 749 855 926
4 528 794 145 867
4 785 841 834 930
4 164 145 528 849
4 772 842 764 946
4 561 334 772 948
4 262 63 790 955
4 783 860 491 950
4 764 842 772 844
4 780 847 505 950
4 779 816 753 834
4 550 552 495 791
4 182 814 813 963
4 814 863 765 876
4 757 792 861 942
4 246 255 542 947
4 300 500 504 959
4 753 833 788 909
4 757 929 914 942
4 552 840 550 950
4 733 779 247 911
4 776 929 861 942
4 761 845 795 942
4 429 581 649 786
4 579 416 414 843
4 73 872 774 956
4 568 830 781 862
4 27 813 182 892
4 834 919 822 930
4 756 781 824 846
4 757 827 862 914
4 409 803 440 823
4 132 866 843 899
4 825 908 883 938
4 667 826 368 846
4 752 776 845 876
4 297 299 300 771
4 765 794 822 863
4 834 847 791 879
4 780 860 811 890
4 402 385 782 928
4 750 806 581 837
4 790 761 873 900
4 666 298 493 885
4 37 818 774 884
4 752 861 792 942
4 556 831 827 902
4 44 483 790 963
4 693 309 798 935
4 495 592 550 840
4 853 868 793 876
4 808 817 784 912
4 472 3 777 941
4 128 121 419 826
4 300 771 500 959
4 744 884 877 907
4 324 798 307 842
4 752 853 793 876
4 814 815 765 863
4 778 836 176 888
4 784 798 309 935
4 216 548 218 797
4 810 824 718 926
4 758 814 876 949
4 792 810 775 855
4 621 485 266 873
4 826 846 420 962
4 793 861 912 921
4 266 53 549 774
4 505 567 780 950
4 208 854 476 886
4 266 485 53 873
4 781 756 824 934
4 543 542 31 779
4 568 830 510 846
4 358 826 796 862
4 78 922 768 969
4 793 853 752 912
4 807 852 769 889
4 469 777 146 941
4 212 702 191 783
4 561 772 333 957
4 377 667 722 826
4 765 822 794 930
4 274 864 273 922
4 297 68 771 871
4 825 925 908 938
4 796 826 781 862
4 801 832 294 886
4 554 78 874 969
4 773 883 825 908
4 591 257 50 797
4 810 824 792 934
4 272 246 733 779
4 792 845 752 942
4 753 909 788 910
4 852 769 896 921
4 549 242 54 871
4 594 678 368 846
4 822 852 795 944
4 266 53 774 873
4 628 73 312 872
4 755 819 842 946
4 212 248 41 840
4 633 561 333 957
4 661 442 136 788
4 297 771 328 871
4 497 73 711 956
4 797 875 864 922
4 758 945 815 949
4 764 874 844 897
4 811 887 763 925
4 753 821 788 833
4 370 833 821 959
4 813 814 182 892
4 527 434 808 901
4 348 339 657 798
4 509 796 358 826
4 263 830 790 873
4 756 781 830 934
4 666 885 832 936
4 755 799 793 858
4 319 334 772 844
4 824 934 756 970
4 752 793 861 929
4 527 452 789 964
4 771 821 753 833
4 780 943 860 950
4 756 906 829 931
4 563 704 359 850
4 757 934 792 942
4 792 824 810 855
4 792 934 824 970
4 278 61 276 923
4 458 806 443 933
4 189 783 851 941
4 615 228 241 940
4 795 848 767 910
4 568 510 368 846
4 765 815 794 863
4 401 745 111 786
4 610 814 182 963
4 46 873 45 877
4 263 790 225 877
4 860 943 557 950
4 442 829 788 839
4 773 893 825 952
4 339 693 657 798
4 770 834 791 918
4 681 820 468 880
4 262 63 250 790
4 845 930 795 944
4 80 772 748 842
4 796 826 417 866
4 753 779 771 816
4 467 820 139 869
4 851 867 530 941
4 740 809 728 846
4 333 772 334 844
4 627 798 819 842
4 753 795 895 910
4 772 842 80 844
4 905 936 811 943
4 543 247 779 918
4 567 557 943 950
4 309 819 784 859
4 795 852 767 896
4 466 855 749 880
4 125 782 391 831
4 753 786 816 966
4 753 795 834 895
4 760 806 852 889
4 769 820 789 869
4 757 827 796 862
4 409 440 424 823
4 323 338 805 928
4 763 777 825 925
4 803 850 369 882
4 757 792 810 861
4 420 826 419 846
4 628 312 293 872
4 273 70 274 922
4 224 877 483 963
4 800 801 883 960
4 775 810 861 878
4 824 855 718 926
4 429 839 786 903
4 381 730 837 847
4 770 840 890 924
4 827 914 63 955
4 819 858 755 937
4 795 845 761 953
4 763 825 777 854
4 862 914 827 955
4 843 861 757 878
4 763 885 832 886
4 805 856 812 948
4 810 757 861 878
4 508 346 366 831
4 764 844 772 897
4 860 887 811 925
4 436 420 846 962
4 824 829 586 855
4 86 831 556 902
4 505 780 363 847
4 669 851 794 867
4 798 819 755 937
4 769 852 807 853
4 610 182 814 920
4 505 567 363 780
4 767 852 795 895
4 761 848 774 873
4 793 917 755 937
4 755 802 799 967
4 641 507 847 879
4 795 930 845 953
4 800 859 784 868
4 190 854 211 887
4 784 819 798 937
4 294 832 499 886
4 760 834 847 919
4 836 888 799 920
4 80 319 748 772
4 757 914 862 934
4 180 952 161 971
4 853 752 912 921
4 402 782 812 928
4 263 790 45 873
4 755 805 802 865
4 765 930 845 944
4 335 748 319 772
4 211 854 30 885
4 732 217 216 797
4 599 880 455 903
4 844 897 727 957
4 369 882 850 898
4 146 777 3 941
4 771 915 500 959
4 365 366 346 831
4 219 195 218 797
4 537 31 209 841
4 458 468 681 820
4 72 277 67 805
4 755 865 802 967
4 562 502 324 856
4 402 812 106 928
4 376 796 509 826
4 552 505 847 950
4 822 863 754 973
4 537 543 841 918
4 851 890 840 924
4 733 779 911 954
4 828 838 764 888
4 206 907 849 961
4 791 847 834 919
4 367 368 667 826
4 208 885 854 886
4 759 789 853 912
4 528 794 165 849
4 810 843 757 878
4 33 838 764 897
4 757 810 792 934
4 522 788 833 909
4 216 217 548 797
4 257 591 663 797
4 69 915 771 954
4 139 134 869 933
4 596 667 368 846
4 486 911 247 918
4 757 914 934 942
4 793 755 917 929
4 203 877 611 884
4 766 917 793 937
4 824 855 792 970
4 252 228 615 886
4 787 863 822 973
4 633 333 82 957
4 767 839 829 903
4 743 804 180 971
4 784 858 819 937
4 753 834 786 895
4 808 901 817 912
4 583 599 455 903
4 348 349 339 798
4 789 759 901 912
4 766 916 894 964
4 753 848 795 910
4 433 582 451 843
4 416 843 579 916
4 31 779 671 961
4 759 853 789 869
4 176 475 17 778
4 800 850 801 960
4 696 916 137 964
4 189 191 702 783
4 563 801 342 850
4 276 61 874 923
4 274 797 591 864
4 791 847 714 879
4 772 865 755 946
4 769 853 807 870
4 854 885 763 886
4 328 771 297 959
4 184 476 472 825
4 753 771 779 818
4 218 548 490 797
4 423 689 425 906
4 765 845 930 953
4 425 136 442 788
4 778 881 859 965
4 782 831 338 928
4 806 769 852 889
4 718 824 810 962
4 786 760 837 895
4 433 843 451 878
4 772 856 805 948
4 53 46 29 884
4 453 789 467 869
4 404 866 118 899
4 435 826 120 962
4 776 929 799 958
4 592 840 791 918
4 425 411 136 788
4 734 859 87 898
4 686 836 685 892
4 576 641 745 879
4 44 790 250 914
4 600 878 461 927
4 591 797 50 864
4 759 800 868 960
4 391 831 782 928
4 827 831 782 899
4 349 339 798 935
4 782 757 827 899
4 396 379 741 882
4 755 805 772 856
4 825 940 773 952
4 807 822 787 944
4 776 814 813 845
4 420 447 120 826
4 803 823 409 904
4 537 543 31 841
4 788 821 753 931
4 755 812 805 856
4 851 925 777 941
4 754 890 811 925
4 789 759 869 901
4 417 796 108 826
4 741 817 394 882
4 813 877 761 907
4 764 865 772 946
4 744 877 813 907
4 212 41 702 840
4 775 855 810 926
4 793 868 853 912
4 778 799 858 958
4 766 912 921 964
4 748 842 772 856
4 337 86 556 902
4 405 817 808 901
4 627 278 307 842
4 335 772 334 948
4 834 879 791 911
4 668 595 519 831
4 802 917 755 929
4 777 763 854 925
4 862 914 790 934
4 552 714 791 847
4 757 862 796 934
4 790 914 862 955
4 436 420 419 846
4 807 853 787 870
4 752 852 853 944
4 136 839 788 909
4 766 843 812 916
4 734 800 859 898
4 277 805 72 957
4 844 874 768 897
4 829 931 910 970
4 807 852 822 944
4 250 44 483 790
4 429 909 401 966
4 222 178 836 888
4 319 772 80 844
4 766 912 861 921
4 250 483 225 790
4 475 828 726 965
4 776 891 799 929
4 33 764 545 897
4 783 887 860 925
4 781 824 810 934
4 119 417 108 826
4 825 854 763 886
4 765 876 863 944
4 831 899 827 902
4 189 783 702 851
4 335 748 772 856
4 766 921 861 964
4 388 408 643 678
4 766 894 808 964
4 763 925 825 938
4 825 883 801 938
4 545 764 33 888
4 388 408 678 846
4 54 871 818 947
4 766 843 861 917
4 626 556 323 827
4 651 583 829 839
4 300 299 69 771
4 760 822 807 852
4 781 796 862 934
4 267 294 499 886
4 48 211 885 887
4 793 917 766 929
4 800 883 801 940
4 764 838 33 888
4 758 868 800 960
4 67 802 805 865
4 761 848 795 953
4 291 800 265 804
4 757 861 843 917
4 442 788 661 839
4 261 865 545 888
4 773 801 825 883
4 765 815 814 892
4 281 790 263 862
4 527 137 452 964
4 370 575 821 833
4 21 849 841 961
4 499 801 563 832
4 690 867 815 971
4 41 188 702 840
4 87 817 93 898
4 514 831 391 928
4 850 882 759 898
4 744 611 877 884
4 299 69 771 947
4 714 560 791 879
4 814 758 836 945
4 450 682 878 926
4 777 867 146 893
4 435 866 826 962
4 140 820 789 927
4 46 45 739 877
4 471 857 838 913
4 803 759 850 882
4 451 450 810 866
4 391 125 402 782
4 767 806 880 896
4 44 250 63 914
4 669 794 528 867
4 779 834 791 911
4 859 881 43 965
4 771 816 779 954
4 788 910 829 931
4 783 925 851 941
4 297 328 296 871
4 766 861 843 878
4 522 411 410 788
4 294 801 499 832
4 352 832 359 905
4 770 840 791 919
4 769 789 820 921
4 379 817 741 882
4 660 381 730 837
4 475 176 606 888
4 755 799 946 967
4 693 627 657 798
4 765 845 814 876
4 358 568 826 862
4 771 753 816 833
4 806 837 760 895
4 561 948 772 957
4 766 812 894 916
4 420 128 419 826
4 793 776 876 958
4 825 886 763 938
4 581 806 426 903
4 552 498 505 950
4 770 918 840 924
4 785 779 841 961
4 758 800 949 960
4 683 458 457 820
4 451 810 450 878
4 405 518 808 817
4 522 411 788 909
4 752 852 795 896
4 767 910 848 970
4 287 922 875 972
4 816 833 511 915
4 854 925 783 941
4 472 777 148 825
4 541 779 542 947
4 451 450 682 878
4 794 851 669 924
4 791 834 770 919
4 758 949 868 960
4 792 900 848 942
4 776 799 891 920
4 745 879 786 966
4 584 810 866 962
4 822 795 930 944
4 799 920 776 958
4 790 934 914 942
4 571 817 882 898
4 403 402 416 812
4 828 838 603 857
4 795 767 895 910
4 776 914 790 963
4 164 892 849 907
4 767 852 806 896
4 800 804 758 949
4 790 914 238 963
4 733 247 285 911
4 324 627 307 798
4 730 837 835 889
4 814 845 776 876
4 429 401 786 966
4 813 814 776 963
4 467 789 140 820
4 458 681 443 806
4 404 796 866 899
4 723 824 439 829
4 117 831 645 899
4 643 678 408 846
4 475 606 828 888
4 66 287 875 972
4 552 560 495 791
4 796 862 827 955
4 806 852 767 895
4 832 885 763 936
4 820 880 775 927
4 615 623 801 940
4 813 814 765 845
4 518 808 817 935
4 787 822 807 973
4 784 817 808 935
4 792 855 775 896
4 478 884 744 907
4 447 120 826 962
4 810 855 824 926
4 309 784 87 859
4 17 178 176 836
4 696 894 431 916
4 481 783 491 950
4 331 911 816 954
4 188 11 851 924
4 771 328 871 959
4 793 766 861 929
4 402 403 106 812
4 801 850 800 940
4 720 840 592 918
4 429 786 839 966
4 782 757 802 827
4 877 884 761 907
4 839 895 786 903
4 671 779 947 961
4 767 895 839 903
4 358 796 509 862
4 823 869 769 870
4 776 891 914 963
4 403 812 416 894
4 794 770 890 924
4 389 522 788 833
4 778 888 923 946
4 401 111 429 786
4 515 798 374 935
4 772 897 844 957
4 695 806 889 933
4 337 831 86 902
4 394 741 521 817
4 457 441 134 933
4 793 912 766 937
4 797 922 663 969
4 778 836 799 958
4 764 923 888 946
4 584 810 450 866
4 261 865 888 967
4 813 907 761 953
4 67 805 277 865
4 754 811 890 932
4 439 723 728 824
4 779 818 771 947
4 854 885 211 887
4 794 890 851 924
4 264 263 281 790
4 426 581 750 806
4 755 858 793 937
4 668 117 708 831
4 762 835 811 973
4 780 890 811 932
4 323 338 85 805
4 429 839 909 966
4 756 830 900 934
4 806 837 750 889
4 741 394 407 882
4 21 206 849 961
4 13 797 529 864
4 466 143 141 927
4 762 960 870 973
4 775 861 792 896
4 72 323 79 805
4 272 779 733 954
4 798 842 324 856
4 762 883 960 973
4 773 804 800 949
4 442 661 829 839
4 774 848 756 873
4 772 805 755 865
4 769 853 789 921
4 93 87 513 817
4 795 785 834 930
4 102 906 809 956
4 143 820 141 927
4 402 782 125 843
4 165 794 528 924
4 609 221 828 857
4 760 837 806 889
4 110 904 823 905
4 803 869 823 870
4 303 273 864 922
4 877 942 790 963
4 261 545 236 888
4 364 511 833 915
4 136 788 411 909
4 829 756 931 970
4 783 840 851 890
4 755 946 865 967
4 148 825 777 893
4 577 803 573 882
4 633 948 561 957
4 44 224 483 963
4 466 880 143 927
4 841 849 785 961
4 247 246 543 779
4 756 824 809 846
4 225 790 483 877
4 627 819 278 842
4 360 352 574 904
4 429 839 525 909
4 240 799 888 920
4 743 180 161 971
4 585 810 718 926
4 649 581 426 903
4 67 62 802 865
4 825 893 183 952
4 770 849 794 930
4 782 802 757 917
4 782 831 125 899
4 813 942 877 963
4 852 853 769 921
4 705 338 831 928
4 769 823 807 889
4 582 132 451 843
4 319 333 334 844
4 838 857 828 874
4 641 381 837 847
4 758 778 836 881
4 563 342 704 850
4 84 319 80 844
4 502 798 324 856
4 635 569 506 872
4 211 30 612 885
4 514 372 391 831
4 835 932 811 973
4 782 125 843 899
4 802 865 62 967
4 13 732 797 864
4 438 648 803 869
4 757 782 843 899
4 799 836 778 888
4 776 942 813 963
4 86 705 338 831
4 143 880 820 927
4 776 790 942 963
4 758 859 800 868
4 750 581 413 837
4 20 204 744 813
4 750 695 806 889
4 89 936 905 943
4 309 350 87 784
4 695 443 806 933
4 481 840 783 950
4 868 876 787 949
4 791 911 486 918
4 779 911 791 918
4 761 848 873 900
4 770 919 834 930
4 760 795 852 895
4 762 807 835 973
4 102 809 635 956
4 455 456 855 880
4 165 849 794 924
4 307 278 555 842
4 792 861 752 896
4 767 839 895 910
4 297 296 68 871
4 799 929 793 958
4 686 182 814 892
4 651 829 661 839
4 849 907 785 961
4 584 585 810 962
4 533 849 206 907
4 331 332 816 911
4 758 876 868 949
4 811 763 887 936
4 760 834 795 895
4 786 753 895 910
4 28 940 825 952
4 382 687 570 831
4 472 854 22 941
4 466 463 926 927
4 766 793 861 912
4 762 807 823 835
4 752 795 852 944
4 761 877 813 942
4 782 843 812 917
4 755 799 858 946
4 748 321 842 856
4 660 837 730 889
4 17 176 778 836
4 450 878 810 926
4 796 827 757 899
4 845 876 765 944
4 598 423 809 906
4 179 222 178 836
4 745 786 401 966
4 681 806 880 903
4 762 835 823 905
4 11 188 187 924
4 447 826 420 962
4 651 583 455 829
4 776 845 813 942
4 524 724 422 803
4 669 528 794 924
4 374 935 798 939
4 301 791 560 911
4 612 48 211 885
4 452 140 789 927
4 828 888 764 923
4 21 185 841 849
4 410 389 522 788
4 368 826 568 846
4 142 586 829 855
4 43 819 280 859
4 759 882 869 901
4 282 281 263 862
4 267 493 254 886
4 701 33 838 888
4 785 818 779 961
4 558 342 801 850
4 755 858 819 946
4 789 853 769 869
4 790 873 830 900
4 848 900 761 942
4 363 567 354 943
4 773 945 804 949
4 348 515 349 798
4 794 863 815 908
4 98 515 348 798
4 683 457 139 820
4 190 12 854 941
4 800 804 291 859
4 838 897 719 951
4 819 858 784 859
4 773 800 883 949
4 352 359 904 905
4 696 808 126 894
4 261 888 236 967
4 758 804 881 945
4 759 817 882 901
4 819 923 778 965
4 495 560 301 791
4 240 888 836 920
4 414 402 125 843
4 179 240 222 836
4 57 783 213 887
4 393 808 518 935
4 760 807 822 932
4 756 873 848 900
4 466 464 463 927
4 26 174 176 888
4 53 29 37 884
4 82 844 727 957
4 453 467 139 869
4 624 801 294 886
4 769 889 806 933
4 324 842 321 856
4 518 393 405 808
4 826 866 781 962
4 793 858 784 937
4 470 153 602 797
4 153 470 529 797
4 173 609 34 828
4 758 881 836 945
4 766 808 912 964
4 57 616 213 783
4 774 756 872 873
4 778 858 819 859
4 784 858 793 868
4 820 775 880 896
4 814 876 776 958
4 796 827 899 902
4 186 841 185 924
4 429 525 116 909
4 762 850 870 960
4 766 812 917 937
4 756 906 931 956
4 791 879 560 911
4 878 926 461 927
4 645 831 107 899
4 799 891 802 929
4 438 869 803 882
4 602 797 857 913
4 427 661 412 909
4 502 348 657 798
4 236 545 33 888
4 787 876 863 949
4 345 560 879 911
4 775 878 861 964
4 383 812 113 948
4 425 410 411 788
4 187 918 841 924
4 863 883 754 973
4 240 222 836 888
4 511 833 816 966
4 365 831 346 902
4 273 303 70 922
4 783 890 851 925
4 794 815 867 908
4 452 927 789 964
4 789 912 808 964
4 701 26 33 888
4 466 463 749 926
4 126 696 434 808
4 760 852 806 895
4 766 894 812 937
4 758 858 859 868
4 438 803 648 882
4 812 856 373 948
4 762 801 883 938
4 13 736 529 797
4 790 877 761 942
4 750 837 413 889
4 784 859 858 868
4 815 945 690 971
4 718 855 142 926
4 7 603 828 838
4 85 805 338 928
4 849 892 765 907
4 721 510 830 872
4 765 794 849 930
4 861 921 775 964
4 410 788 425 906
4 382 570 595 831
4 346 831 337 902
4 778 758 859 881
4 469 149 146 867
4 787 883 863 973
4 153 529 736 797
4 693 280 627 819
4 807 932 835 973
4 164 10 892 907
4 771 833 816 915
4 651 661 583 839
4 341 830 568 862
4 774 848 753 931
4 620 827 802 914
4 510 568 341 830
4 78 318 84 844
4 778 923 819 946
4 159 836 778 881
4 800 804 773 940
4 379 521 741 817
4 747 9 2 893
4 714 564 560 879
4 435 417 826 866
4 755 917 812 937
4 35 223 43 881
4 606 174 828 888
4 789 921 912 964
4 238 914 891 963
4 69 771 947 954
4 723 586 824 829
4 744 478 611 884
4 314 296 328 871
4 388 809 408 846
4 818 871 771 947
4 246 779 272 947
4 264 250 225 790
4 718 810 585 962
4 93 378 571 817
4 82 727 320 957
4 321 80 748 842
4 812 843 766 917
4 774 756 848 931
4 115 409 823 904
4 669 150 851 867
4 714 560 552 791
4 190 210 211 854
4 773 908 815 949
4 252 624 294 886
4 514 731 372 831
4 773 940 804 952
4 22 472 476 854
4 765 930 849 953
4 396 571 379 882
4 451 682 449 878
4 352 313 359 832
4 606 176 174 888
4 809 872 635 956
4 278 842 819 923
4 571 817 379 882
4 507 714 847 879
4 208 476 184 886
4 795 785 930 953
4 179 240 836 920
4 438 134 648 869
4 791 840 770 918
4 863 876 787 944
4 910 931 848 970
4 373 113 812 948
4 573 803 369 882
4 786 895 839 910
4 418 405 393 808
4 657 627 324 798
4 364 511 637 833
4 793 784 868 912
4 303 273 59 864
4 801 886 825 938
4 332 879 816 911
4 496 563 499 801
4 754 863 794 908
4 145 815 690 867
4 676 558 311 940
4 470 797 602 913
4 511 637 833 966
4 368 367 568 826
4 767 806 895 903
4 787 870 960 973
4 773 945 949 971
4 502 657 324 798
4 21 206 533 849
4 427 839 661 909
4 713 102 635 956
4 83 84 318 844
4 164 528 165 849
4 794 849 770 924
4 810 824 781 962
4 804 945 773 971
4 762 811 835 905
4 472 3 148 777
4 355 816 356 966
4 758 804 800 859
4 662 584 450 866
4 811 905 832 936
4 800 773 883 940
4 841 849 185 924
4 759 898 800 960
4 21 533 185 849
4 770 822 890 919
4 731 831 514 928
4 720 232 487 840
4 669 528 147 867
4 562 324 748 856
4 784 912 793 937
4 813 765 892 907
4 345 560 564 879
4 805 812 782 928
4 775 855 880 896
4 733 911 285 954
4 776 793 929 958
4 752 845 795 944
4 193 13 529 864
4 592 495 301 791
4 768 874 838 897
4 752 853 852 921
4 350 784 309 935
4 766 917 861 929
4 636 835 363 943
4 761 813 845 942
4 499 563 359 832
4 559 871 821 956
4 281 282 292 862
4 609 25 221 857
4 724 422 803 882
4 747 952 893 971
4 767 792 896 970
4 908 925 754 938
4 63 827 492 914
4 804 945 758 949
4 30 854 208 885
4 61 547 874 923
4 148 777 146 893
4 794 851 777 867
4 762 823 904 905
4 453 140 467 789
4 803 850 762 904
4 803 850 759 870
4 829 839 767 910
4 854 887 783 925
4 676 283 800 940
4 369 803 573 850
4 20 202 27 813
4 765 849 907 953
4 690 144 867 971
4 208 184 230 886
4 714 552 505 847
4 762 850 803 870
4 20 813 27 892
4 838 874 764 897
4 787 868 853 876
4 79 72 805 957
4 4 797 470 913
4 686 814 182 836
4 503 559 821 956
4 777 925 854 941
4 751 804 940 952
4 511 664 355 915
4 337 346 508 831
4 88 832 905 936
4 723 454 586 829
4 509 862 796 955
4 757 843 782 917
4 189 167 531 941
4 761 907 884 953
4 10 204 20 813
4 3 146 148 777
4 418 405 808 901
4 460 878 600 927
4 380 641 381 837
4 828 857 221 874
4 762 938 883 973
4 447 435 120 962
4 793 868 858 958
4 794 867 777 908
4 8 815 145 892
4 815 949 945 971
4 815 908 863 949
4 373 856 812 939
4 858 868 758 958
4 501 331 816 954
4 301 560 317 911
4 502 98 348 798
4 801 762 832 938
4 409 524 803 904
4 835 905 811 943
4 374 515 98 798
4 349 798 515 935
4 438 648 707 882
4 787 870 853 960
4 600 460 461 878
4 699 530 469 941
4 356 816 332 879
4 367 667 377 826
4 314 821 559 871
4 150 530 851 867
4 743 945 804 971
4 65 493 298 885
4 115 409 424 823
4 754 932 822 973
4 807 823 769 870
4 811 936 860 943
4 238 44 790 963
4 645 519 107 831
4 16 607 177 965
4 705 831 512 928
4 442 661 651 829
4 689 410 425 906
4 814 920 776 963
4 659 559 314 821
4 543 39 247 918
4 759 853 868 912
4 782 812 805 917
4 490 484 32 969
4 841 849 770 930
4 823 835 353 905
4 811 887 860 936
4 335 856 772 948
4 817 759 882 898
4 773 825 801 940
4 632 915 69 954
4 314 94 821 959
4 584 718 585 962
4 532 702 188 851
4 578 117 645 899
4 620 802 891 914
4 594 510 809 846
4 659 503 559 821
4 325 676 800 898
4 332 345 879 911
4 517 108 375 796
4 780 840 890 919
4 524 737 724 803
4 848 900 792 970
4 138 846 824 962
4 16 177 881 965
4 277 865 805 957
4 728 824 138 846
4 204 744 813 907
4 777 893 825 908
4 868 949 787 960
4 453 789 869 901
4 659 821 361 906
4 763 887 854 925
4 765 814 813 892
4 471 603 838 857
4 183 825 9 893
4 656 922 78 969
4 759 853 870 960
4 142 586 454 829
4 776 790 914 942
4 816 879 356 966
4 422 409 524 803
4 778 758 858 859
4 468 458 683 820
4 748 324 321 856
4 799 778 858 946
4 746 171 875 913
4 891 920 614 963
4 429 428 525 839
4 452 140 453 789
4 786 879 816 966
4 133 416 579 916
4 823 889 769 933
4 584 585 450 810
4 522 833 390 909
4 775 861 896 921
4 720 40 232 840
4 754 890 822 932
4 604 606 174 828
4 861 878 766 964
4 490 797 259 969
4 821 906 659 956
4 181 180 19 804
4 548 259 490 797
4 201 611 203 877
4 807 870 787 973
4 10 813 892 907
4 635 809 569 872
4 573 850 803 904
4 404 796 417 866
4 571 882 572 898
4 768 857 838 874
4 455 142 829 855
4 865 897 772 957
4 762 870 803 904
4 380 112 641 837
4 759 803 869 882
4 822 863 787 944
4 855 896 792 970
4 840 890 783 950
4 822 932 807 973
4 489 287 488 875
4 695 443 426 806
4 239 891 614 963
4 637 909 833 966
4 369 572 882 898
4 120 435 417 826
4 522 101 390 833
4 562 593 502 856
4 775 896 820 921
4 572 577 573 882
4 294 496 499 801
4 421 394 817 882
4 80 321 554 842
4 643 408 523 846
4 760 822 919 932
4 171 169 746 875
4 768 875 797 922
4 431 416 430 916
4 811 835 780 932
4 373 812 113 939
4 685 815 8 892
4 386 808 935 939
4 426 750 695 806
4 594 368 510 846
4 43 675 52 965
4 469 146 3 941
4 94 370 821 959
4 815 867 908 971
4 14 169 171 875
4 571 378 379 817
4 433 451 449 878
4 152 470 602 913
4 812 856 755 939
4 10 813 20 892
4 190 189 12 941
4 671 947 38 961
4 704 369 573 850
4 810 878 775 926
4 345 317 560 911
4 853 868 787 960
4 771 871 821 959
4 762 823 807 870
4 782 805 802 917
4 713 906 102 956
4 576 879 745 966
4 79 805 85 957
4 537 39 543 918
4 759 868 853 960
4 727 897 260 957
4 803 870 823 904
4 246 272 255 947
4 238 790 44 914
4 390 101 637 833
4 661 136 412 909
4 749 855 456 880
4 311 624 623 801
4 269 885 243 886
4 386 894 808 939
4 805 812 755 917
4 778 799 888 946
4 9 825 2 893
4 369 850 658 898
4 251 802 62 967
4 422 648 409 803
4 865 946 888 967
4 433 449 446 878
4 128 127 121 826
4 527 452 453 789
4 360 352 904 905
4 765 822 930 944
4 573 359 850 904
4 237 240 891 967
4 752 896 861 921
4 147 528 145 867
4 429 116 401 909
4 4 875 797 913
4 499 359 313 832
4 472 22 3 941
4 836 881 159 945
4 156 828 603 857
4 775 921 927 964
4 8 608 686 892
4 142 855 749 926
4 883 949 800 960
4 537 841 187 918
4 475 159 17 778
4 756 848 931 970
4 761 845 813 953
4 513 350 100 935
4 512 831 731 928
4 128 420 120 826
4 577 724 803 882
4 571 93 817 898
4 599 456 455 880
4 773 949 815 971
4 820 921 789 927
4 29 36 37 884
4 169 154 746 875
4 451 432 450 866
4 507 564 714 879
4 780 835 811 943
4 573 359 704 850
4 433 843 878 916
4 788 839 829 910
4 38 947 818 961
4 798 755 856 939
4 358 568 367 826
4 771 779 947 954
4 593 798 502 856
4 391 708 125 831
4 823 835 807 889
4 389 833 370 959
4 341 721 510 830
4 98 374 798 939
4 806 767 880 903
4 681 880 691 903
4 201 744 611 877
4 762 823 870 904
4 359 574 352 904
4 815 908 773 971
4 443 681 426 806
4 492 827 63 955
4 466 749 456 880
4 238 227 226 963
4 89 566 936 943
4 813 765 907 953
4 432 451 132 866
4 62 251 67 802
4 349 350 339 935
4 418 808 434 901
4 658 677 571 898
4 356 332 345 879
4 163 145 164 892
4 802 805 755 917
4 765 863 822 944
4 818 947 779 961
4 767 896 855 970
4 228 825 28 940
4 825 893 773 908
4 785 849 841 930
4 299 617 69 947
4 764 888 865 946
4 641 507 381 847
4 511 355 816 915
4 511 816 355 966
4 781 846 826 962
4 821 833 771 959
4 493 885 269 886
4 671 779 541 947
4 484 857 32 969
4 189 851 167 941
4 761 900 790 942
4 661 839 136 909
4 770 849 841 924
4 556 827 71 902
4 57 213 742 887
4 83 318 77 844
4 419 647 129 846
4 673 233 214 968
4 775 921 820 927
4 141 820 653 927
4 811 832 762 938
4 746 875 154 913
4 756 900 848 970
4 776 920 814 958
4 355 664 501 915
4 595 638 519 831
4 124 131 432 866
4 788 753 910 931
4 759 870 850 960
4 633 82 320 957
4 440 424 823 933
4 756 829 824 970
4 318 78 305 922
4 764 772 865 897
4 713 659 906 956
4 755 937 812 939
4 595 366 638 831
4 716 835 823 889
4 651 455 454 829
4 419 717 436 846
4 390 833 637 909
4 638 366 365 831
4 770 890 840 919
4 453 527 789 901
4 757 861 917 929
4 547 221 857 874
4 277 72 306 957
4 106 403 113 812
4 804 859 758 881
4 893 908 867 971
4 82 727 844 972
4 4 864 797 875
4 600 461 464 927
4 513 639 817 935
4 591 58 274 864
4 788 909 839 910
4 240 888 799 967
4 733 285 284 954
4 830 872 756 873
4 763 811 925 938
4 883 908 754 938
4 664 511 364 915
4 116 401 909 966
4 383 928 812 948
4 767 880 855 896
4 421 882 817 901
4 723 439 454 829
4 107 519 638 831
4 251 891 802 967
4 4 470 152 913
4 764 819 923 946
4 580 808 386 894
4 328 297 504 959
4 503 821 659 956
4 781 862 830 934
4 457 134 139 933
4 838 857 768 913
4 812 937 894 939
4 433 878 446 916
4 686 685 8 892
4 124 866 132 899
4 456 143 466 880
4 469 151 699 941
4 10 204 813 907
4 88 832 343 905
4 511 355 356 966
4 264 225 263 790
4 431 706 416 894
4 489 66 287 875
4 483 199 739 877
4 860 936 329 943
4 592 791 486 918
4 620 802 251 891
4 272 947 779 954
4 669 165 528 924
4 696 126 431 894
4 580 126 808 894
4 684 838 698 913
4 373 383 113 948
4 635 102 516 809
4 676 311 283 940
4 771 915 816 954
4 474 828 156 857
4 82 288 727 972
4 180 804 181 952
4 669 147 150 867
4 875 913 171 951
4 789 927 921 964
4 799 802 891 967
4 790 830 862 934
4 486 285 247 911
4 571 572 658 898
4 793 858 799 958
4 283 325 676 800
4 436 447 420 962
4 355 501 816 915
4 799 891 240 967
4 370 389 575 833
4 364 637 101 833
4 314 559 296 871
4 182 836 814 920
4 763 832 811 938
4 713 635 351 956
4 547 276 61 874
4 758 868 876 958
4 326 872 830 873
4 653 141 468 820
4 355 332 356 816
4 270 493 65 885
4 254 493 269 886
4 681 468 691 880
4 315 557 860 943
4 278 627 280 819
4 764 838 828 874
4 756 830 873 900
4 84 80 78 844
4 371 915 833 959
4 720 40 840 918
4 764 842 819 946
4 641 576 507 879
4 738 690 945 971
4 793 876 868 958
4 446 878 460 916
4 752 852 896 921
4 95 915 371 959
4 326 830 310 873
4 759 869 803 870
4 841 918 770 924
4 98 502 593 798
4 227 614 920 963
4 110 823 353 905
4 842 874 764 923
4 824 846 781 962
4 524 737 803 904
4 663 274 304 922
4 43 881 223 965
4 508 366 595 831
4 758 876 814 958
4 810 781 866 962
4 816 915 501 954
4 414 125 582 843
4 569 510 634 872
4 747 183 893 952
4 656 78 554 969
4 620 492 827 914
4 19 536 181 804
4 536 35 804 881
4 780 890 840 950
4 445 696 431 916
4 227 239 614 963
4 811 832 763 936
4 198 181 536 804
4 436 846 138 962
4 690 144 735 867
4 449 460 446 878
4 106 113 383 812
4 797 768 922 969
4 602 857 471 913
4 147 0 150 867
4 417 119 120 826
4 808 937 935 939
4 386 935 374 939
4 566 329 936 943
4 449 461 460 878
4 94 565 370 959
4 585 718 142 926
4 819 858 778 946
4 548 257 259 797
4 183 28 825 952
4 747 893 697 971
4 571 677 93 898
4 30 208 612 885
4 770 822 919 930
4 71 556 626 827
4 662 450 432 866
4 768 797 875 913
4 139 467 683 820
4 305 78 656 922
4 801 883 773 940
4 486 247 39 918
4 629 860 491 887
4 444 428 649 903
4 449 682 461 878
4 460 916 878 964
4 545 865 619 897
4 638 107 831 902
4 229 228 252 886
4 142 455 456 855
4 769 869 853 870
4 242 37 231 818
4 802 827 757 914
4 138 824 462 962
4 318 844 78 922
4 5 153 736 797
4 369 658 572 898
4 121 127 520 826
4 686 608 182 892
4 347 856 335 948
4 124 432 132 866
4 170 864 4 875
4 636 363 354 943
4 780 811 860 943
4 585 749 463 926
4 684 698 6 913
4 179 836 182 920
4 93 513 378 817
4 721 830 326 872
4 115 823 110 904
4 759 853 869 870
4 518 817 639 935
4 453 869 438 901
4 819 842 764 923
4 251 620 67 802
4 763 885 854 887
4 37 205 818 884
4 579 843 433 916
4 386 808 393 935
4 386 580 393 808
4 682 461 878 926
4 421 130 122 882
4 406 129 647 846
4 237 888 240 967
4 30 709 208 854
4 139 438 453 869
4 431 894 416 916
4 486 655 285 911
4 314 328 94 959
4 601 893 867 971
4 293 872 326 873
4 768 797 913 969
4 743 161 1 971
4 727 260 306 957
4 890 919 822 932
4 421 407 394 882
4 86 337 705 831
4 525 839 427 909
4 426 806 681 903
4 88 905 89 936
4 757 917 802 929
4 315 567 557 943
4 555 554 842 874
4 331 76 911 954
4 536 223 35 881
4 240 891 799 920
4 787 960 883 973
4 87 93 325 898
4 754 925 811 938
4 329 860 887 936
4 189 531 12 941
4 690 815 685 945
4 426 681 459 903
4 653 820 140 927
4 454 455 142 829
4 603 156 157 828
4 532 188 11 851
4 789 901 808 912
4 582 843 125 899
4 375 796 107 902
4 203 199 201 877
4 602 797 5 857
4 438 139 134 869
4 440 135 424 933
4 88 327 343 832
4 818 884 205 961
4 441 440 134 933
4 236 888 237 967
4 185 186 21 841
4 418 434 526 901
4 767 829 910 970
4 775 926 878 927
4 145 690 735 867
4 444 583 839 903
4 857 913 797 969
4 754 883 863 908
4 311 801 623 940
4 48 612 590 885
4 267 666 493 886
4 813 845 765 953
4 510 569 594 809
4 646 831 117 899
4 805 812 928 948
4 610 202 227 963
4 375 108 107 796
4 133 579 433 916
4 371 370 565 959
4 444 839 428 903
4 684 471 838 913
4 322 337 71 902
4 739 225 483 877
4 353 905 835 943
4 374 715 515 935
4 746 171 913 951
4 555 276 554 874
4 836 920 799 958
4 569 809 510 872
4 98 798 593 939
4 421 130 882 901
4 17 778 159 836
4 875 922 768 972
4 344 500 915 959
4 298 65 885 936
4 724 694 422 882
4 755 798 937 939
4 258 66 875 972
4 30 211 210 854
4 164 849 533 907
4 762 811 938 973
4 281 862 630 955
4 634 506 569 872
4 380 413 112 837
4 476 208 709 854
4 808 912 784 937
4 552 286 498 950
4 337 556 71 902
4 58 591 50 864
4 762 832 811 905
4 935 937 798 939
4 638 831 365 902
4 529 797 473 864
4 167 851 530 941
4 206 884 907 961
4 646 708 117 831
4 766 912 808 937
4 762 870 807 973
4 798 856 593 939
4 601 867 144 971
4 106 383 385 928
4 283 265 734 800
4 587 838 719 951
4 340 862 509 955
4 776 920 891 963
4 232 41 248 840
4 863 908 883 949
4 450 810 585 926
4 4 154 875 913
4 354 567 315 943
4 550 840 487 950
4 88 298 327 936
4 120 127 128 826
4 67 277 62 865
4 658 850 558 898
4 768 913 857 969
4 381 505 363 847
4 293 312 326 872
4 263 45 622 873
4 19 180 743 804
4 325 800 734 898
4 716 353 823 835
4 739 199 203 877
4 130 453 438 901
4 716 889 823 933
4 541 542 255 947
4 476 709 22 854
4 61 278 52 923
4 614 237 240 891
4 341 326 721 830
4 211 48 742 887
4 507 576 564 879
4 513 100 639 935
4 503 73 497 956
4 811 932 754 973
4 122 407 421 882
4 601 146 867 893
4 790 900 830 934
4 163 8 145 892
4 602 153 5 797
4 789 853 912 921
4 460 878 927 964
4 135 823 424 933
4 145 685 690 815
4 232 248 487 840
4 106 812 383 928
4 681 691 459 903
4 198 181 804 952
4 468 820 143 880
4 292 630 281 862
4 658 558 676 898
4 857 874 768 969
4 585 142 749 926
4 743 881 804 945
4 279 71 827 902
4 198 536 35 804
4 70 304 274 922
4 893 952 773 971
4 698 604 701 838
4 448 584 662 866
4 166 186 185 924
4 372 570 687 831
4 160 945 743 971
4 747 183 9 893
4 805 928 85 957
4 470 473 529 797
4 620 891 238 914
4 814 836 758 958
4 698 838 155 913
4 289 546 897 972
4 764 874 828 923
4 89 329 88 936
4 821 871 774 956
4 119 127 120 826
4 123 750 413 889
4 808 894 766 937
4 8 685 145 815
4 808 894 937 939
4 260 897 865 957
4 279 902 827 955
4 767 855 829 970
4 805 865 772 957
4 734 309 87 859
4 474 157 156 828
4 345 564 356 879
4 660 730 399 889
4 828 874 221 923
4 418 393 580 808
4 396 741 407 882
4 784 798 935 937
4 94 328 565 959
4 439 442 454 829
4 547 221 874 923
4 671 541 38 947
4 4 152 154 913
4 371 389 370 959
4 163 164 10 892
4 776 914 891 929
4 10 20 27 892
4 79 306 72 957
4 371 833 389 959
4 141 143 468 820
4 314 94 659 821
4 364 101 371 833
4 594 569 679 809
4 271 629 491 887
4 536 804 19 881
4 325 734 87 898
4 360 574 97 904
4 362 821 575 906
4 752 876 845 944
4 335 347 748 856
4 703 830 341 862
4 663 304 656 922
4 185 849 165 924
4 442 651 454 829
4 579 582 433 843
4 599 691 880 903
4 509 796 357 955
4 419 129 717 846
4 56 887 885 936
4 381 660 380 837
4 625 69 947 954
4 412 136 411 909
4 773 883 908 949
4 198 35 751 804
4 77 844 922 972
4 253 267 254 886
4 56 48 885 887
4 703 282 830 862
4 189 702 532 851
4 579 414 582 843
4 900 934 790 942
4 716 730 835 889
4 796 902 357 955
4 757 802 914 929
4 572 573 369 882
4 408 809 740 846
4 92 633 85 948
4 427 525 428 839
4 613 675 34 965
4 582 132 843 899
4 11 669 851 924
4 406 523 408 846
4 190 12 210 854
4 230 269 243 886
4 137 916 460 964
4 361 659 94 821
4 867 893 777 908
4 811 754 938 973
4 749 142 456 855
4 238 224 44 963
4 223 881 18 965
4 684 6 471 913
4 750 123 695 889
4 405 421 817 901
4 453 437 527 901
4 804 773 952 971
4 413 581 112 837
4 74 860 557 950
4 288 289 727 972
4 800 898 850 960
4 863 883 787 949
4 357 796 375 902
4 785 907 884 961
4 405 421 394 817
4 388 397 408 809
4 347 373 856 948
4 254 269 253 886
4 426 459 649 903
4 316 915 632 954
4 716 135 889 933
4 270 269 493 885
4 19 804 743 881
4 759 850 898 960
4 663 922 656 969
4 168 169 14 875
4 352 343 313 832
4 747 2 697 893
4 164 533 10 907
4 0 149 150 867
4 23 214 233 968
4 88 343 89 905
4 538 875 951 972
4 718 462 586 824
4 149 601 146 867
4 891 914 802 929
4 205 884 206 961
4 138 436 717 846
4 610 227 920 963
4 547 857 484 874
4 48 590 56 885
4 23 233 234 968
4 734 665 309 859
4 386 393 715 935
4 21 841 209 961
4 88 327 832 936
4 586 462 723 824
4 92 731 514 928
4 646 125 708 831
4 343 832 352 905
4 829 855 824 970
4 747 697 1 971
4 465 927 452 964
4 785 884 818 961
4 329 887 271 936
4 286 552 550 950
4 168 170 169 875
4 666 313 327 832
4 508 595 570 831
4 242 231 54 818
4 452 652 140 927
4 16 159 881 945
4 698 684 604 838
4 448 584 866 962
4 734 325 283 800
4 260 727 289 897
4 293 326 622 873
4 184 2 9 825
4 848 910 753 931
4 243 612 208 885
4 580 386 415 894
4 505 507 714 847
4 545 619 480 897
4 244 47 231 947
4 16 881 743 945
4 546 951 897 972
4 409 115 524 904
4 363 636 730 835
4 620 492 626 827
4 265 800 283 940
4 706 431 126 894
4 792 934 900 942
4 462 824 718 962
4 205 231 818 961
4 501 75 331 954
4 706 403 416 894
4 775 927 878 964
4 588 14 171 875
4 816 911 779 954
4 137 465 452 964
4 392 812 894 939
4 279 322 71 902
4 329 89 566 936
4 707 122 130 882
4 273 274 58 864
4 698 701 155 838
4 123 889 135 933
4 445 137 696 916
4 239 238 891 963
4 198 804 751 952
4 544 214 215 864
4 738 690 685 945
4 84 83 319 844
4 622 326 310 873
4 169 4 154 875
4 529 473 193 864
4 231 818 38 947
4 772 948 805 957
4 390 637 398 909
4 178 686 179 836
4 551 287 66 972
4 95 344 915 959
4 784 935 808 937
4 125 831 646 899
4 698 155 6 913
4 415 894 386 939
4 716 823 135 933
4 697 893 601 971
4 508 705 337 831
4 821 774 931 956
4 237 236 240 888
4 680 436 138 962
4 30 210 709 854
4 655 301 317 911
4 728 138 717 846
4 205 231 37 818
4 631 346 337 902
4 392 812 403 894
4 738 144 690 971
4 633 320 85 957
4 666 499 313 832
4 736 670 172 797
4 35 43 64 881
4 179 686 182 836
4 365 91 357 902
4 766 878 843 916
4 473 797 4 864
4 601 735 144 867
4 773 908 893 971
4 331 76 332 911
4 444 599 583 903
4 680 447 436 962
4 318 77 844 922
4 467 140 653 820
4 177 743 16 881
4 788 906 821 931
4 625 316 632 954
4 396 572 571 882
4 712 271 887 936
4 1 160 743 971
4 620 238 44 914
4 637 400 909 966
4 278 819 280 923
4 785 884 907 953
4 27 182 608 892
4 614 891 240 920
4 428 661 427 839
4 92 512 731 928
4 98 593 374 939
4 110 716 353 823
4 48 618 742 887
4 167 530 531 941
4 740 728 717 846
4 658 676 677 898
4 768 951 875 972
4 90 633 92 948
4 209 21 186 841
4 538 951 546 972
4 51 237 891 967
4 95 371 344 959
4 204 478 744 907
4 315 860 329 943
4 430 416 133 916
4 92 514 90 928
4 538 258 875 972
4 715 393 518 935
4 38 818 231 961
4 113 812 392 939
4 547 484 60 874
4 373 113 384 939
4 653 468 683 820
4 92 85 928 948
4 580 415 126 894
4 712 885 65 936
4 545 261 619 865
4 744 226 20 813
4 609 221 34 828
4 75 501 915 954
4 351 872 73 956
4 625 632 69 954
4 422 694 707 882
4 330 501 664 915
4 369 342 658 850
4 737 573 803 904
4 598 809 597 906
4 169 170 4 875
4 357 509 375 796
4 360 904 97 905
4 192 235 50 864
4 599 459 691 903
4 223 18 197 965
4 294 267 252 886
4 94 370 362 821
4 599 691 456 880
4 56 885 712 936
4 928 948 85 957
4 524 115 109 904
4 403 392 113 812
4 176 222 26 888
4 652 653 140 927
4 205 206 207 961
4 205 38 231 961
4 537 209 186 841
4 516 102 103 809
4 357 638 365 902
4 689 644 410 906
4 277 260 865 957
4 490 259 484 969
4 833 915 771 959
4 74 629 315 860
4 347 335 96 948
4 172 5 797 857
4 353 835 636 943
4 444 583 661 839
4 177 19 743 881
4 726 828 175 965
4 424 716 115 823
4 669 532 11 851
4 295 559 497 871
4 635 516 679 809
4 155 913 838 951
4 380 660 413 837
4 95 664 364 915
4 748 347 562 856
4 322 290 631 902
4 315 557 74 860
4 56 712 887 936
4 524 109 737 904
4 494 286 550 950
4 635 679 569 809
4 253 252 267 886
4 361 821 362 906
4 607 197 18 965
4 251 51 891 967
4 554 874 60 969
4 553 287 551 972
4 538 546 258 972
4 494 550 487 950
4 492 279 827 955
4 147 145 735 867
4 4 473 470 797
4 821 931 906 956
4 148 2 825 893
4 89 905 353 943
4 491 860 74 950
4 349 100 350 935
4 277 306 260 957
4 706 415 403 894
4 51 237 614 891
4 327 313 343 832
4 564 576 356 879
4 214 49 673 968
4 683 467 653 820
4 77 302 844 972
4 545 540 719 897
4 389 101 522 833
4 805 948 928 957
4 115 716 110 823
4 610 227 614 920
4 43 859 64 881
4 374 386 715 935
4 357 375 638 902
4 540 719 897 951
4 375 107 638 902
4 3 151 469 941
4 381 507 505 847
4 241 228 28 940
4 291 734 800 859
4 351 312 73 872
4 123 413 399 889
4 269 245 243 885
4 137 460 465 964
4 362 361 94 821
4 587 155 838 951
4 703 292 282 862
4 141 653 652 927
4 468 143 691 880
4 275 663 656 969
4 456 691 143 880
4 511 400 637 966
4 167 189 532 851
4 325 93 677 898
4 365 346 336 902
4 166 185 165 924
4 340 358 509 862
4 141 464 466 927
4 706 126 415 894
4 43 223 675 965
4 83 333 319 844
4 269 270 245 885
4 226 813 744 877
4 888 946 799 967
4 703 282 310 830
4 384 856 373 939
4 768 897 838 951
4 185 164 165 849
4 787 949 883 960
4 253 229 252 886
4 56 712 271 887
4 82 844 553 972
4 639 100 715 935
4 814 920 836 958
4 430 445 431 916
4 576 745 105 966
4 707 130 438 882
4 362 370 575 821
4 448 680 584 962
4 43 280 64 859
4 780 919 890 932
4 768 838 913 951
4 123 695 889 933
4 109 97 574 904
4 279 290 902 955
4 747 161 162 952
4 116 400 401 966
4 508 570 512 831
4 150 530 167 851
4 508 512 705 831
4 885 887 763 936
4 878 916 766 964
4 5 736 172 797
4 90 92 928 948
4 10 533 204 907
4 206 884 478 907
4 1 697 601 971
4 56 618 48 887
4 592 486 720 918
4 103 809 102 906
4 525 427 412 909
4 489 258 66 875
4 99 367 377 826
4 260 289 546 897
4 844 897 768 972
4 897 951 768 972
4 82 553 288 972
4 388 408 523 643
4 746 913 155 951
4 81 357 902 955
4 452 465 652 927
4 349 515 100 935
4 325 677 676 898
4 160 738 945 971
4 324 307 321 842
4 95 330 664 915
4 347 96 373 948
4 369 704 342 850
4 716 399 730 889
4 658 342 558 850
4 33 26 236 888
4 562 347 593 856
4 336 346 631 902
4 329 315 629 860
4 721 634 510 872
4 768 913 875 951
4 177 18 19 881
4 207 38 205 961
4 709 210 22 854
4 49 214 544 864
4 322 631 337 902
4 582 125 132 899
4 298 712 65 936
4 265 291 734 800
4 481 491 494 950
4 279 290 322 902
4 332 317 345 911
4 46 485 45 873
4 123 716 135 889
4 796 827 902 955
4 320 727 306 957
4 537 187 39 918
4 610 240 182 920
4 685 836 17 945
4 622 621 293 873
4 503 659 713 956
4 152 471 6 913
4 754 883 938 973
4 123 135 695 933
4 62 277 260 865
4 12 151 3 941
4 716 730 353 835
4 159 17 836 945
4 34 221 613 828
4 491 57 271 887
4 746 6 155 913
4 52 278 280 923
4 150 167 532 851
4 295 296 559 871
4 462 718 584 962
4 500 632 344 915
4 226 202 20 813
4 680 462 584 962
4 335 334 96 948
4 494 491 74 950
4 484 25 32 857
4 447 680 448 962
4 384 593 856 939
4 671 21 209 961
4 206 205 478 884
4 162 181 200 952
4 608 10 27 892
4 198 200 181 952
4 81 902 729 955
4 408 129 406 846
4 669 150 532 851
4 69 55 625 947
4 251 239 238 891
4 383 514 385 928
4 730 636 353 835
4 602 471 152 913
4 611 205 36 884
4 179 182 240 920
4 448 662 131 866
4 284 272 733 954
4 101 389 371 833
4 16 743 160 945
4 639 715 518 935
4 224 199 483 877
4 290 262 308 955
4 105 511 356 966
4 102 361 362 906
4 60 276 547 874
4 68 296 268 871
4 599 444 459 903
4 692 825 228 886
4 621 45 485 873
4 703 340 292 862
4 685 686 17 836
4 415 392 894 939
4 746 155 171 951
4 271 618 56 887
4 412 411 398 909
4 332 76 317 911
4 530 699 531 941
4 75 501 330 915
4 109 574 737 904
4 633 85 948 957
4 226 202 813 963
4 60 554 276 874
4 65 712 56 885
4 185 533 164 849
4 260 619 865 897
4 630 862 340 955
4 441 135 440 933
4 55 255 625 947
4 85 338 92 928
4 460 927 465 964
4 236 26 222 888
4 506 634 312 872
4 514 92 90 731
4 229 692 228 886
4 433 446 133 916
4 69 617 55 947
4 428 444 661 839
4 49 214 864 968
4 138 462 680 962
4 646 124 132 899
4 292 340 630 862
4 615 241 623 940
4 160 144 738 971
4 613 828 221 923
4 340 509 357 955
4 521 639 518 817
4 601 148 146 893
4 147 735 0 867
4 64 280 665 859
4 251 238 620 891
4 178 17 686 836
4 498 74 557 950
4 488 59 710 864
4 295 725 268 871
4 197 34 675 965
4 15 197 607 965
4 601 697 148 893
4 573 574 359 904
4 336 631 729 902
4 245 612 243 885
4 302 82 333 844
4 236 222 240 888
4 130 526 437 901
4 377 642 99 826
4 269 230 253 886
4 105 745 401 966
4 1 144 160 971
4 656 554 275 969
4 712 329 271 936
4 392 403 415 894
4 692 184 825 886
4 39 187 40 918
4 373 96 383 948
4 235 864 192 968
4 37 36 205 884
4 239 51 614 891
4 424 135 716 823
4 270 590 245 885
4 109 110 97 904
4 716 123 399 889
4 260 546 619 897
4 453 130 437 901
4 491 629 74 860
4 302 553 82 844
4 545 480 540 897
4 141 652 464 927
4 62 260 261 865
4 223 197 675 965
4 538 875 220 951
4 103 597 809 906
4 358 367 99 826
4 492 63 279 955
4 450 585 682 926
4 226 813 877 963
4 58 249 256 968
4 116 398 637 909
4 1 601 144 971
4 110 353 640 905
4 351 73 503 956
4 74 498 286 950
4 154 152 6 913
4 432 131 662 866
4 415 386 392 939
4 729 902 290 955
4 58 256 864 968
4 619 546 480 897
4 353 636 566 943
4 175 726 158 828
4 534 864 214 968
4 360 343 352 905
4 546 480 897 951
4 344 504 500 959
4 611 478 205 884
4 407 694 688 882
4 51 251 62 967
4 273 256 710 864
4 275 554 60 969
4 207 206 21 961
4 703 358 340 862
4 566 89 353 943
4 132 125 646 899
4 721 326 312 872
4 110 97 904 905
4 625 255 272 947
4 746 154 6 913
4 230 229 253 886
4 239 251 51 891
4 296 295 268 871
4 768 922 844 972
4 22 854 12 941
4 193 192 864 968
4 593 384 374 939
4 58 256 273 864
4 383 96 90 948
4 165 669 166 924
4 721 312 634 872
4 116 637 400 909
4 159 738 685 945
4 81 340 357 955
4 260 619 261 865
4 113 392 384 939
4 643 679 388 678
4 459 444 649 903
4 365 336 91 902
4 735 601 149 867
4 15 175 828 965
4 383 90 928 948
4 0 735 149 867
4 245 590 612 885
4 18 536 19 881
4 109 115 110 904
4 742 618 57 887
4 116 909 400 966
4 75 330 316 915
4 75 915 316 954
4 258 674 538 875
4 536 18 223 881
4 11 166 669 924
4 383 90 514 928
4 540 897 480 951
4 159 685 17 945
4 105 400 511 966
4 241 940 28 952
4 553 844 302 972
4 625 947 272 954
4 561 96 334 948
4 238 226 224 963
4 239 227 238 963
4 354 566 636 943
4 608 163 10 892
4 351 506 312 872
4 489 674 258 875
4 720 486 39 918
4 631 290 729 902
4 305 304 318 922
4 407 688 396 882
4 172 156 5 857
4 720 39 40 918
4 81 357 91 902
4 273 710 59 864
4 710 864 256 968
4 308 630 81 955
4 74 286 494 950
4 130 421 526 901
4 207 21 671 961
4 187 166 11 924
4 446 430 133 916
4 135 441 443 933
4 656 304 305 922
4 56 590 270 885
4 244 255 55 947
4 448 131 650 866
4 122 694 407 882
4 45 621 622 873
4 196 156 172 857
4 465 460 600 927
4 538 674 672 875
4 566 315 329 943
4 655 317 76 911
4 271 57 618 887
4 608 8 163 892
4 12 22 210 854
4 707 694 122 882
4 384 386 374 939
4 110 640 97 905
4 100 515 715 935
4 22 12 3 941
4 184 9 692 825
4 23 534 214 968
4 311 623 283 940
4 65 56 270 885
4 97 640 89 905
4 565 328 504 959
4 392 386 384 939
4 587 539 171 951
4 52 613 61 923
4 344 565 504 959
4 737 574 573 904
4 597 644 689 906
4 751 940 241 952
4 488 710 49 864
4 95 632 330 915
4 344 632 95 915
4 303 77 70 922
4 561 633 90 948
4 241 283 623 940
4 70 77 318 922
4 81 729 308 955
4 747 162 183 952
4 241 265 283 940
4 533 206 204 907
4 204 206 478 907
4 207 671 38 961
4 565 344 371 959
4 351 503 713 956
4 259 275 60 969
4 135 443 695 933
4 610 614 240 920
4 226 877 224 963
4 97 343 360 905
4 330 632 316 915
4 298 88 712 936
4 284 316 272 954
4 200 183 162 952
4 699 151 531 941
4 148 697 2 893
4 587 171 155 951
4 198 751 200 952
4 62 865 261 967
4 105 401 400 966
4 320 306 79 957
4 49 864 710 968
4 288 258 289 972
4 241 751 265 940
4 465 600 464 927
4 640 353 89 905
4 226 227 202 963
4 541 255 244 947
4 193 24 192 968
4 412 398 116 909
4 546 289 258 972
4 655 76 285 911
4 226 744 201 877
4 70 318 304 922
4 566 354 315 943
4 15 607 175 965
4 290 308 729 955
4 316 284 75 954
4 625 272 316 954
4 561 90 96 948
4 597 104 644 906
4 652 465 464 927
4 259 60 484 969
4 630 340 81 955
4 531 151 12 941
4 525 412 116 909
4 236 237 261 967
4 23 234 42 968
4 79 85 320 957
4 712 88 329 936
4 47 244 617 947
4 463 461 585 926
4 62 261 51 967
4 445 430 446 916
4 512 90 92 731
4 682 585 461 926
4 49 710 234 968
4 237 51 261 967
4 42 479 23 968
4 97 89 343 905
4 535 24 193 968
4 24 235 192 968
4 24 589 235 968
4 710 42 234 968
4 479 589 24 968
4 55 617 244 947
4 288 553 551 972
4 535 534 23 968
4 200 28 183 952
4 710 654 42 968
4 673 482 214 233
4 654 710 256 968
4 654 256 249 968
4 589 249 235 968
4 654 249 589 968
4 397 408 523 388
4 120 420 435 447
4 23 479 535 968
4 24 535 479 968
4 214 544 215 482
4 17 475 176 606
4 172 196 474 156
4 157 158 175 726
4 499 496 294 267
4 408 523 406 397
4 371 575 370 389
4 112 786 581 111
4 112 581 786 837
4 846 872 756 830
4 756 872 846 809
4 840 847 919 780
4 919 847 840 791
4 797 32 969 490
4 797 969 32 857
4 685 945 892 836
4 685 892 945 815
4 814 892 945 836
4 814 945 892 815
4 67 827 620 626
4 620 827 67 802
4 874 842 80 554
4 80 842 874 844
4 80 78 874 554
4 874 78 80 844
4 906 439 788 423
4 906 788 439 829
4 442 788 439 423
4 442 439 788 829
4 751 28 952 241
4 751 952 28 200
4 27 610 963 202
4 27 963 610 182
4 615 886 623 252
4 615 623 886 801
4 624 623 886 252
4 624 886 623 801
4 655 592 911 486
4 655 911 592 301
4 791 911 592 486
4 791 592 911 301
4 801 940 886 615
4 801 886 940 825
4 228 886 940 615
4 228 940 886 825
4 860 925 890 783
4 890 925 860 811
4 499 886 666 267
4 666 886 499 832
4 796 517 826 376
4 796 826 517 108
4 387 826 517 376
4 387 517 826 108
4 965 177 18 607
4 965 18 177 881
4 373 593 856 384
4 373 856 593 347
4 266 293 873 628
4 873 293 266 621
4 957 333 844 772
4 957 844 333 82
4 959 314 871 821
4 959 871 314 328
4 847 730 363 381
4 847 363 730 835
4 687 668 831 382
4 687 831 668 708
4 961 31 209 671
4 961 209 31 841
4 890 860 950 780
4 890 950 860 783
4 263 862 830 282
4 830 862 263 790
4 947 47 268 617
4 268 68 947 617
4 947 68 268 871
4 643 395 846 523
4 882 648 422 803
4 882 422 648 707
4 899 107 404 796
4 960 801 762 850
4 960 762 801 883
4 938 886 832 801
4 938 832 886 763
4 797 670 216 194
4 195 216 670 194
4 927 463 461 464
4 927 461 463 926
4 959 300 297 504
4 959 297 300 771
4 351 872 635 506
4 351 635 872 956
4 947 68 299 617
4 947 299 68 771
4 853 944 876 752
4 876 944 853 787
4 936 666 327 832
4 936 327 666 298
4 958 778 758 858
4 958 758 778 836
4 753 966 910 786
4 753 910 966 909
4 839 910 966 786
4 839 966 910 909
4 801 558 940 311
4 801 940 558 850
4 826 846 114 647
4 855 586 718 142
4 855 718 586 824
4 54 947 231 47
4 231 947 54 818
4 705 92 928 512
4 928 92 705 338
4 874 555 923 842
4 874 923 555 276
4 278 923 555 842
4 278 555 923 276
4 541 31 779 671
4 541 779 31 542
4 956 756 774 931
4 956 774 756 872
4 888 965 923 828
4 923 965 888 778
4 953 849 785 930
4 953 785 849 907
4 670 13 797 736
4 670 797 13 194
4 500 915 300 632
4 500 300 915 771
4 69 300 915 632
4 69 915 300 771
4 575 104 906 644
4 575 906 104 362
4 956 809 756 906
4 956 756 809 872
4 897 33 719 545
4 897 719 33 838
4 243 886 208 230
4 208 886 243 885
4 622 282 873 310
4 622 873 282 263
4 830 873 282 310
4 830 282 873 263
4 898 558 800 850
4 898 800 558 676
4 940 800 558 850
4 940 558 800 676
4 887 491 783 860
4 887 783 491 57
4 195 477 797 219
4 376 796 375 509
4 375 796 376 517
4 596 722 846 114
4 596 846 722 667
4 826 846 722 114
4 826 722 846 667
4 956 559 497 503
4 956 497 559 871
4 496 558 801 311
4 903 428 429 839
4 903 429 428 649
4 899 902 107 796
4 107 902 899 831
4 751 804 291 265
4 29 739 877 46
4 29 877 739 203
4 339 309 935 350
4 339 935 309 693
4 915 371 364 95
4 915 364 371 833
4 965 52 613 675
4 965 613 52 923
4 438 901 882 130
4 882 901 438 869
4 487 592 840 550
4 840 592 487 720
4 972 727 897 289
4 972 897 727 844
4 965 613 828 34
4 965 828 613 923
4 970 900 934 756
4 970 934 900 792
4 280 923 965 52
4 965 923 280 819
4 965 43 280 52
4 280 43 965 819
4 889 660 413 399
4 889 413 660 837
4 77 333 844 302
4 844 333 77 83
4 211 213 887 742
4 887 213 211 190
4 711 295 871 725
4 711 871 295 497
4 36 203 884 29
4 36 884 203 611
4 138 723 824 728
4 824 723 138 462
4 887 629 329 271
4 887 329 629 860
4 149 530 867 469
4 867 530 149 150
4 187 924 537 166
4 187 537 924 841
4 186 537 924 166
4 186 924 537 841
4 342 496 801 563
4 342 801 496 558
4 687 391 831 708
4 687 831 391 372
4 875 864 287 488
4 59 864 287 303
4 59 287 864 488
4 645 668 831 117
4 831 668 645 519
4 954 285 76 911
4 954 76 285 284
4 874 484 969 857
4 874 969 484 60
4 971 161 747 952
4 971 747 161 1
4 434 437 901 527
4 901 437 434 526
4 778 159 965 475
4 726 965 159 475
4 726 159 965 16
4 840 487 481 248
4 121 647 826 114
4 826 647 121 419
4 577 737 803 724
4 577 803 737 573
4 783 616 840 481
4 783 840 616 212
4 248 840 616 481
4 248 616 840 212
4 966 576 356 105
4 966 356 576 879
4 102 659 906 713
4 906 659 102 361
4 831 731 570 512
4 831 570 731 372
4 548 50 797 217
4 548 797 50 257
4 509 99 826 358
4 826 99 509 376
4 732 194 797 216
4 732 797 194 13
4 33 838 155 701
4 598 689 906 597
4 598 906 689 423
4 127 387 826 119
4 487 950 481 494
4 481 950 487 840
4 477 857 605 196
4 724 688 882 577
4 724 882 688 694
4 673 234 968 49
4 968 234 673 233
4 388 809 103 397
4 118 650 866 404
4 866 650 118 131
4 268 549 871 725
4 871 549 268 54
4 643 596 846 395
4 288 66 972 551
4 288 972 66 258
4 477 25 857 32
4 477 857 25 605
4 118 645 899 578
4 307 554 842 555
4 307 842 554 321
4 180 162 952 181
4 180 952 162 161
4 303 553 922 287
4 972 922 553 287
4 15 828 474 173
4 404 435 866 417
4 404 866 435 650
4 513 817 379 378
4 678 596 846 643
4 846 596 678 368
4 394 518 817 521
4 394 817 518 405
4 168 588 875 14
4 857 471 5 602
4 603 5 471 602
4 197 173 965 15
4 197 965 173 34
4 828 965 173 15
4 828 173 965 34
4 598 408 809 740
4 598 809 408 397
4 864 214 170 534
4 41 40 840 232
4 41 840 40 188
4 899 578 866 118
4 899 866 578 124
4 131 866 578 118
4 131 578 866 124
4 33 587 838 719
4 33 838 587 155
4 589 42 968 479
4 589 968 42 654
4 445 460 916 446
4 916 460 445 137
4 2 472 825 184
4 2 825 472 148
4 423 740 809 439
4 423 809 740 598
4 45 225 877 263
4 45 877 225 739
4 864 732 50 192
4 235 50 732 192
4 235 732 50 217
4 387 520 826 642
4 387 826 520 127
4 828 7 606 158
4 230 692 886 184
4 230 886 692 229
4 63 290 955 262
4 63 955 290 279
4 639 379 817 521
4 817 379 639 513
4 257 797 969 259
4 969 797 257 663
4 969 275 257 259
4 257 275 969 663
4 859 665 819 280
4 859 819 665 309
4 693 819 665 280
4 693 665 819 309
4 809 679 846 388
4 809 846 679 594
4 678 846 679 388
4 678 679 846 594
4 13 192 864 193
4 13 864 192 732
4 505 557 950 498
4 505 950 557 567
4 418 126 808 580
4 808 126 418 434
4 50 249 968 235
4 968 249 50 58
4 968 864 50 235
4 50 864 968 58
4 700 173 828 609
4 828 173 700 474
4 828 857 700 609
4 700 857 828 474
4 341 358 862 568
4 341 862 358 703
4 291 665 859 64
4 291 859 665 734
4 547 613 923 61
4 923 613 547 221
4 642 722 826 377
4 642 826 722 520
4 395 114 846 647
4 846 114 395 596
4 195 196 797 477
4 857 797 196 477
4 857 196 797 172
4 458 441 933 443
4 933 441 458 457
4 906 104 103 597
4 175 16 965 607
4 965 16 175 726
4 605 609 857 25
4 605 857 609 700
4 544 673 214 49
4 214 673 544 482
4 124 117 899 646
4 899 117 124 578
4 475 158 828 606
4 828 158 475 726
4 7 471 838 684
4 7 838 471 603
4 215 588 875 168
4 215 875 588 672
4 376 642 826 99
4 376 826 642 387
4 332 501 816 355
4 332 816 501 331
4 875 588 951 171
4 875 951 588 220
4 539 951 588 171
4 539 588 951 220
4 538 480 951 220
4 951 480 538 546
4 738 16 945 159
4 738 945 16 160
4 220 672 875 538
4 875 672 220 588
4 281 308 955 630
4 955 308 281 262
4 201 224 877 199
4 201 877 224 226
4 719 539 951 540
4 719 951 539 587
4 44 492 914 63
4 44 914 492 620
4 492 71 827 279
4 492 827 71 626
4 540 220 951 480
4 540 951 220 539
4 336 81 902 729
4 336 902 81 91
4 107 417 796 108
4 107 796 417 404
4 520 114 826 722
4 826 114 520 121
4 447 650 866 448
4 866 650 447 435
4 866 962 447 448
4 447 962 866 435
4 751 64 804 35
4 751 804 64 291
4 859 64 804 291
4 196 670 797 172
4 797 670 196 195
4 534 4 864 473
4 534 864 4 170
4 684 606 828 7
4 828 606 684 604
4 828 838 684 7
4 684 838 828 604
4 221 484 857 25
4 221 857 484 547
4 311 294 801 496
4 801 294 311 624
4 28 692 825 228
4 212 213 783 191
4 783 213 212 616
4 481 57 783 616
4 481 783 57 491
4 421 418 901 405
4 421 901 418 526
4 396 577 882 688
4 882 577 396 572
4 390 411 909 398
4 909 411 390 522
4 523 647 846 406
4 846 647 523 395
4 740 129 846 717
4 740 846 129 408
4 597 397 809 598
4 809 397 597 103
4 788 389 906 410
4 644 906 389 410
4 644 389 906 575
4 103 362 906 102
4 103 906 362 104
4 75 76 954 284
4 75 954 76 331
4 326 703 830 341
4 326 830 703 310
4 158 603 828 7
4 158 828 603 157
4 231 541 947 38
4 231 947 541 244
4 674 864 49 544
4 922 287 864 303
4 922 864 287 875
4 544 864 875 674
4 875 864 544 215
4 875 672 544 674
4 544 672 875 215
4 214 168 864 170
4 214 864 168 215
4 875 864 168 170
4 875 168 864 215
4 265 804 940 751
4 940 804 265 800
4 645 404 899 107
4 645 899 404 118
4 489 875 864 674
4 864 875 489 488
4 864 49 489 674
4 489 49 864 488
4 972 302 922 77
4 972 922 302 553
4 303 922 302 77
4 303 302 922 553
4 193 968 473 535
4 193 473 968 864
4 534 473 968 535
4 534 968 473 864
4 183 692 825 28
4 183 825 692 9
4 268 947 54 47
4 54 947 268 871
4 195 216 797 670
4 797 216 195 218
4 516 388 809 103
4 516 809 388 679
4 159 965 881 778
4 159 881 965 16
4 857 474 196 156
4 700 196 857 474
4 700 857 196 605
4 603 5 857 471
4 857 5 603 156
4 732 50 797 864
4 732 797 50 217
4 828 474 175 15
4 157 175 828 474
4 157 828 175 158
4 64 804 881 859
4 64 881 804 35
4 389 906 833 788
4 389 833 906 575
4 821 833 906 788
4 821 906 833 575

CELL_TYPES 3395
10
10
10
10
10
10
10
10
10
10
10
10
10
10
10
10
10
10
10
10
10
10
10
10
10
10
10
10
10
10
10
10
10
10
10
10
10
10
10
10
10
10
10
10
10
10
10
10
10
10
10
10
10
10
10
10
10
10
10
10
10
10
10
10
10
10
10
10
10
10
10
10
10
10
10
10
10
10
10
10
10
10
10
10
10
10
10
10
10
10
10
10
10
10
10
10
10
10
10
10
10
10
10
10
10
10
10
10
10
10
10
10
10
10
10
10
10
10
10
10
10
10
10
10
10
10
10
10
10
10
10
10
10
10
10
10
10
10
10
10
10
10
10
10
10
10
10
10
10
10
10
10
10
10
10
10
10
10
10
10
10
10
10
10
10
10
10
10
10
10
10
10
10
10
10
10
10
10
10
10
10
10
10
10
10
10
10
10
10
10
10
10
10
10
10
10
10
10
10
10
10
10
10
10
10
10
10
10
10
10
10
10
10
10
10
10
10
10
10
10
10
10
10
10
10
10
10
10
10
10
10
10
10
10
10
10
10
10
10
10
10
10
10
10
10
10
10
10
10
10
10
10
10
10
10
10
10
10
10
10
10
10
10
10
10
10
10
10
10
10
10
10
10
10
10
10
10
10
10
10
10
10
10
10
10
10
10
10
10
10
10
10
10
10
10
10
10
10
10
10
10
10
10
10
10
10
10
10
10
10
10
10
10
10
10
10
10
10
10
10
10
10
10
10
10
10
10
10
10
10
10
10
10
10
10
10
10
10
10
10
10
10
10
10
10
10
10
10
10
10
10
10
10
10
10
10
10
10
10
10
10
10
10
10
10
10
10
10
10
10
10
10
10
10
10
10
10
10
10
10
10
10
10
10
10
10
10
10
10
10
10
10
10
10
10
10
10
10
10
10
10
10
10
10
10
10
10
10
10
10
10
10
10
10
10
10
10
10
10
10
10
10
10
10
10
10
10
10
10
10
10
10
10
10
10
10
10
10
10
10
10
10
10
10
10
10
10
10
10
10
10
10
10
10
10
10
10
10
10
10
10
10
10
10
10
10
10
10
10
10
10
10
10
10
10
10
10
10
10
10
10
10
10
10
10
10
10
10
10
10
10
10
10
10
10
10
10
10
10
10
10
10
10
10
10
10
10
10
10
10
10
10
10
10
10
10
10
10
10
10
10
10
10
10
10
10
10
10
10
10
10
10
10
10
10
10
10
10
10
10
10
10
10
10
10
10
10
10
10
10
10
10
10
10
10
10
10
10
10
10
10
10
10
10
10
10
10
10
10
10
10
10
10
10
10
10
10
10
10
10
10
10
10
10
10
10
10
10
10
10
10
10
10
10
10
10
10
10
10
10
10
10
10
10
10
10
10
10
10
10
10
10
10
10
10
10
10
10
10
10
10
10
10
10
10
10
10
10
10
10
10
10
10
10
10
10
10
10
10
10
10
10
10
10
10
10
10
10
10
10
10
10
10
10
10
10
10
10
10
10
10
10
10
10
10
10
10
10
10
10
10
10
10
10
10
10
10
10
10
10
10
10
10
10
10
10
10
10
10
10
10
10
10
10
10
10
10
10
10
10
10
10
10
10
10
10
10
10
10
10
10
10
10
10
10
10
10
10
10
10
10
10
10
10
10
10
10
10
10
10
10
10
10
10
10
10
10
10
10
10
10
10
10
10
10
10
10
10
10
10
10
10
10
10
10
10
10
10
10
10
10
10
10
10
10
10
10
10
10
10
10
10
10
10
10
10
10
10
10
10
10
10
10
10
10
10
10
10
10
10
10
10
10
10
10
10
10
10
10
10
10
10
10
10
10
10
10
10
10
10
10
10
10
10
10
10
10
10
10
10
10
10
10
10
10
10
10
10
10
10
10
10
10
10
10
10
10
10
10
10
10
10
10
10
10
10
10
10
10
10
10
10
10
10
10
10
10
10
10
10
10
10
10
10
10
10
10
10
10
10
10
10
10
10
10
10
10
10
10
10
10
10
10
10
10
10
10
10
10
10
10
10
10
10
10
10
10
10
10
10
10
10
10
10
10
10
10
10
10
10
10
10
10
10
10
10
10
10
10
10
10
10
10
10
10
10
10
10
10
10
10
10
10
10
10
10
10
10
10
10
10
10
10
10
10
10
10
10
10
10
10
10
10
10
10
10
10
10
10
10
10
10
10
10
10
10
10
10
10
10
10
10
10
10
10
10
10
10
10
10
10
10
10
10
10
10
10
10
10
10
10
10
10
10
10
10
10
10
10
10
10
10
10
10
10
10
10
10
10
10
10
10
10
10
10
10
10
10
10
10
10
10
10
10
10
10
10
10
10
10
10
10
10
10
10
10
10
10
10
10
10
10
10
10
10
10
10
10
10
10
10
10
10
10
10
10
10
10
10
10
10
10
10
10
10
10
10
10
10
10
10
10
10
10
10
10
10
10
10
10
10
10
10
10
10
10
10
10
10
10
10
10
10
10
10
10
10
10
10
10
10
10
10
10
10
10
10
10
10
10
10
10
10
10
10
10
10
10
10
10
10
10
10
10
10
10
10
10
10
10
10
10
10
10
10
10
10
10
10
10
10
10
10
10
10
10
10
10
10
10
10
10
10
10
10
10
10
10
10
10
10
10
10
10
10
10
10
10
10
10
10
10
10
10
10
10
10
10
10
10
10
10
10
10
10
10
10
10
10
10
10
10
10
10
10
10
10
10
10
10
10
10
10
10
10
10
10
10
10
10
10
10
10
10
10
10
10
10
10
10
10
10
10
10
10
10
10
10
10
10
10
10
10
10
10
10
10
10
10
10
10
10
10
10
10
10
10
10
10
10
10
10
10
10
10
10
10
10
10
10
10
10
10
10
10
10
10
10
10
10
10
10
10
10
10
10
10
10
10
10
10
10
10
10
10
10
10
10
10
10
10
10
10
10
10
10
10
10
10
10
10
10
10
10
10
10
10
10
10
10
10
10
10
10
10
10
10
10
10
10
10
10
10
10
10
10
10
10
10
10
10
10
10
10
10
10
10
10
10
10
10
10
10
10
10
10
10
10
10
10
10
10
10
10
10
10
10
10
10
10
10
10
10
10
10
10
10
10
10
10
10
10
10
10
10
10
10
10
10
10
10
10
10
10
10
10
10
10
10
10
10
10
10
10
10
10
10
10
10
10
10
10
10
10
10
10
10
10
10
10
10
10
10
10
10
10
10
10
10
10
10
10
10
10
10
10
10
10
10
10
10
10
10
10
10
10
10
10
10
10
10
10
10
10
10
10
10
10
10
10
10
10
10
10
10
10
10
10
10
10
10
10
10
10
10
10
10
10
10
10
10
10
10
10
10
10
10
10
10
10
10
10
10
10
10
10
10
10
10
10
10
10
10
10
10
10
10
10
10
10
10
10
10
10
10
10
10
10
10
10
10
10
10
10
10
10
10
10
10
10
10
10
10
10
10
10
10
10
10
10
10
10
10
10
10
10
10
10
10
10
10
10
10
10
10
10
10
10
10
10
10
10
10
10
10
10
10
10
10
10
10
10
10
10
10
10
10
10
10
10
10
10
10
10
10
10
10
10
10
10
10
10
10
10
10
10
10
10
10
10
10
10
10
10
10
10
10
10
10
10
10
10
10
10
10
10
10
10
10
10
10
10
10
10
10
10
10
10
10
10
10
10
10
10
10
10
10
10
10
10
10
10
10
10
10
10
10
10
10
10
10
10
10
10
10
10
10
10
10
10
10
10
10
10
10
10
10
10
10
10
10
10
10
10
10
10
10
10
10
10
10
10
10
10
10
10
10
10
10
10
10
10
10
10
10
10
10
10
10
10
10
10
10
10
10
10
10
10
10
10
10
10
10
10
10
10
10
10
10
10
10
10
10
10
10
10
10
10
10
10
10
10
10
10
10
10
10
10
10
10
10
10
10
10
10
10
10
10
10
10
10
10
10
10
10
10
10
10
10
10
10
10
10
10
10
10
10
10
10
10
10
10
10
10
10
10
10
10
10
10
10
10
10
10
10
10
10
10
10
10
10
10
10
10
10
10
10
10
10
10
10
10
10
10
10
10
10
10
10
10
10
10
10
10
10
10
10
10
10
10
10
10
10
10
10
10
10
10
10
10
10
10
10
10
10
10
10
10
10
10
10
10
10
10
10
10
10
10
10
10
10
10
10
10
10
10
10
10
10
10
10
10
10
10
10
10
10
10
10
10
10
10
10
10
10
10
10
10
10
10
10
10
10
10
10
10
10
10
10
10
10
10
10
10
10
10
10
10
10
10
10
10
10
10
10
10
10
10
10
10
10
10
10
10
10
10
10
10
10
10
10
10
10
10
10
10
10
10
10
10
10
10
10
10
10
10
10
10
10
10
10
10
10
10
10
10
10
10
10
10
10
10
10
10
10
10
10
10
10
10
10
10
10
10
10
10
10
10
10
10
10
10
10
10
10
10
10
10
10
10
10
10
10
10
10
10
10
10
10
10
10
10
10
10
10
10
10
10
10
10
10
10
10
10
10
10
10
10
10
10
10
10
10
10
10
10
10
10
10
10
10
10
10
10
10
10
10
10
10
10
10
10
10
10
10
10
10
10
10
10
10
10
10
10
10
10
10
10
10
10
10
10
10
10
10
10
10
10
10
10
10
10
10
10
10
10
10
10
10
10
10
10
10
10
10
10
10
10
10
10
10
10
10
10
10
10
10
10
10
10
10
10
10
10
10
10
10
10
10
10
10
10
10
10
10
10
10
10
10
10
10
10
10
10
10
10
10
10
10
10
10
10
10
10
10
10
10
10
10
10
10
10
10
10
10
10
10
10
10
10
10
10
10
10
10
10
10
10
10
10
10
10
10
10
10
10
10
10
10
10
10
10
10
10
10
10
10
10
10
10
10
10
10
10
10
10
10
10
10
10
10
10
10
10
10
10
10
10
10
10
10
10
10
10
10
10
10
10
10
10
10
10
10
10
10
10
10
10
10
10
10
10
10
10
10
10
10
10
10
10
10
10
10
10
10
10
10
10
10
10
10
10
10
10
10
10
10
10
10
10
10
10
10
10
10
10
10
10
10
10
10
10
10
10
10
10
10
10
10
10
10
10
10
10
10
10
10
10
10
10
10
10
10
10
10
10
10
10
10
10
10
10
10
10
10
10
10
10
10
10
10
10
10
10
10
10
10
10
10
10
10
10
10
10
10
10
10
10
10
10
10
10
10
10
10
10
10
10
10
10
10
10
10
10
10
10
10
10
10
10
10
10
10
10
10
10
10
10
10
10
10
10
10
10
10
10
10
10
10
10
10
10
10
10
10
10
10
10
10
10
10
10
10
10
10
10
10
10
10
10
10
10
10
10
10
10
10
10
10
10
10
10
10
10
10
10
10
10
10
10
10
10
10
10
10
10
10
10
10
10
10
10
10
10
10
10
10
10
10
10
10
10
10
10
10
10
10
10
10
10
10
10
10
10
10
10
10
10
10
10
10
10
10
10
10
10
10
10
10
10
10
10
10
10
10
10
10
10
10
10
10
10
10
10
10
10
10
10
10
10
10
10
10
10
10
10
10
10
10
10
10
10
10
10
10
10
10
10
10
10
10
10
10
10
10
10
10
10
10
10
10
10
10
10
10
10
10
10
10
10
10
10
10
10
10
10
10
10
10
10
10
10
10
10
10
10
10
10
10
10
10
10
10
10
10
10
10
10
10
10
10
10
10
10
10
10
10
10
10
10
10
10
10
10
10
10
10
10
10
10
10
10
10
10
10
10
10
10
10
10
10
10
10
10
10
10
10
10
10
10
10
10
10
10
10
10
10
10
10
10
10
10
10
10
10
10
10
10
10
10
10
10
10
10
10
10
10
10
10
10
10
10
10
10
10
10
10
10
10
10
10
10
10
10
10
10
10
10
10
10
10
10
10
10
10
10
10
10
10
10
10
10
10
10
10
10
10
10
10
10
10
10
10
10
10
10
10
10
10
10
10
10
10
10
10
10
10
10
10
10
10
10
10
10
10
10
10
10
10
10
10
10
10
10
10
10
10
10
10
10
10
10
10
10
10
10
10
10
10
10
10
10
10
10
10
10
10
10
10
10
10
10
10
10
10
10
10
10
10
10
10
10
10
10
10
10
10
10
10
10
10
10
10
10
10
10
10
10
10
10
10
10
10
10
10
10
10
10
10
10
10
10
10
10
10
10
10
10
10
10
10
10
10
10
10
10
10
10
10
10
10
10
10
10
10
10
10
10
10
10
10
10
10
10
10
10
10
10
10
10
10
10
10
10
10
10
10
10
10
10
10
10
10
10
10
10
10
10
10
10
10
10
10
10
10
10
10
10
10
10
10
10
10
10
10
10
10
10
10
10
10
10
10
10
10
10
10
10
10
10
10
10
10
10
10
10
10
10
10
10
10
10
10
10
10
10
10
10
10
10
10
10
10
10
10
10
10
10
10
10
10
10
10
10
10
10
10
10
10
10
10
10
10
10
10
10
10
10
10
10
10
10
10
10
10
10
10
10
10
10
10
10
10
10
10
10
10
10
10
10
10
10
10
10
10
10
10
10
10
10
10
10
10
10
10
10
10
10
10
10
10
10
10
10
10
10
10
10
10
10
10
10
10
10
10
10
10
10
10
10
10
10
10
10
10
10
10
10
10
10
10
10
10
10
10
10
10
10
10
10
10
10
10
10
10
10
10
10
10
10
10
10
10
10
10
10
10
10
10
10
10
10
10
10
10
10
10
10
10
10
10
10
10
10
10
10
10
10
10
10
10
10
10
10
10
10
10
10
10
10
10
10
10
10
10
10
10
10
10
10
10
10
10
10
10
10
10
10
10
10
10
10
10
10
10
10
10
10
10
10
10
10
10
10
10
10
10
10
10
10
10
10
10
10
10
10
10
10
10
10
10
10
10
10
10
10
10
10
10
10
10
10
10
10
10
10
10
10
10
10
10
10
10
10
10
10
10
10
10
10
10
10
10
10
10
10
10
10
10
10
10
10
10
10
10
10
10
10
10
10
10
10
10
10
10
10
10
10
10
10
10
10
10
10
10
10
10
10
10
10
10
10
10
10
10
10
10
10
10
10
10
10
10
10
10
10
10
10
10
10
10
10
10
10
10
10
10
10
10
10
10
10
10
10
10
10
10
10
10
10
10
10
10
10
10
10
10
10
10
10
10
10
10
10
10
10
10
10
10
10
10
10
10
10
10
10
10
10
10
10
10
10
10
10
10
10
10
10
10
10
10
10
10
10
10
10
10
10
10
10
10
10
10
10
10
10
10
10
10
10
10
10
10
10
10
10
10
10
10
10
10
10
10
10
10
10
10
10
10
10
10
10
10
10
10
10
10
10
10
10
10
10
10
10
10
10
10
10
10
10
10
10
10
10
10
10
10
10
10
10
10
10
10
10
10
10
10
10
10
10
10
10
10
10
10
10
10
10
10
10
10
10
10
10
10
10
10
10
10
10
10
10
10
10
10
10
10
10
10
10
10
10
10
10
10
10
10
10
10
10
10
10
10
10
10
10
10
10
10
10
10
10
10
10
10
10
10
10
10
10
10
10
10
10
10
10
10
10
10
10
10
10
10
10
10
10
10
10
10
10
10
10
10
10
10
10
10
10
10
10
10
10
10
10
10
10
10
10
10
10
10
10
10
10
10
10
10
10
10
10
10
10
10
10
10

POINT_DATA 974

SCALARS von_mises_strain float 1
LOOKUP_TABLE default
2.31042605
0.69819187
0.41965582
0.38837179
0.11179884
0.13338090
0.19265897
0.18985718
0.34723855
0.40179594
0.37239397
1.30444737
0.59156978
0.33836067
0.19113530
0.30917587
0.40606924
0.28218475
0.40330776
0.43274699
0.25614949
2.13551452
0.34324669
0.35246384
0.60247382
0.13900481
0.17877652
0.24824893
2.41594886
0.31861489
0.37629855
1.52021140
0.13485854
0.13230928
0.26953509
0.44881028
0.38876909
0.57710496
2.05608674
1.88437118
1.61527684
1.02187823
0.68061246
0.34461626
0.10865496
0.20056097
0.28113624
1.66176950
0.59487907
0.23662318
0.38910799
0.13354045
0.31454840
0.42660845
1.42651690
0.84932356
0.58034950
1.41586231
0.79402126
0.22503549
0.20562969
0.20440768
0.12334550
0.10411186
0.30837817
0.49253839
0.13438814
0.15984837
1.39775075
0.77062642
0.33012691
0.13486339
0.24678822
0.42149365
1.03499778
1.29882006
1.72728832
0.25299702
0.77222185
0.27852352
0.20958332
0.09780918
0.21012760
0.32150944
0.30418937
0.31813667
0.20867247
0.42867872
0.46777710
0.52053590
0.41311912
0.11715553
0.28564736
0.41374947
0.59770367
0.51952252
0.66570011
0.34008709
0.46159013
0.15717262
0.39361161
0.45290096
0.29782769
0.21987449
0.43552854
2.03692456
0.40326538
0.13977152
0.14510987
0.28565505
0.30962995
0.96969230
1.48451541
0.49442505
0.24416426
0.19142902
0.46705538
0.14631844
0.19423944
0.16568732
0.18936220
0.11696985
0.42667055
0.32080818
0.23491519
0.26062774
0.36851654
0.12904191
0.15051909
0.17122967
0.30206575
0.21800212
0.24655962
0.51732080
0.23575280
0.27969179
0.35557650
0.28858117
0.12704493
0.21357616
0.24948580
0.26092298
0.27355761
0.28073691
1.03187828
0.74291429
0.58998461
2.19078146
0.43119613
1.49109242
1.42873153
0.41764433
0.12859183
0.10311484
0.13992890
0.13397800
0.35984436
0.15391814
0.16279587
0.30173527
0.54456737
0.80291944
3.30432512
0.30180454
0.85207202
1.91435629
1.79239588
0.76441381
0.20566479
0.18196457
0.18931511
0.18515248
0.37934974
0.27552882
0.16197046
0.24188484
0.22001512
0.40462607
0.24287461
0.19903706
0.69865551
1.74346027
0.21638660
2.42407784
0.21106782
2.49377760
2.06387034
1.60583662
1.58054487
1.20465862
0.98066062
1.39001176
0.41125534
0.42586596
0.31723995
0.19154450
0.29375120
0.38832637
0.90595625
0.16862874
5.66080442
0.19230982
0.20953443
0.27743595
0.46116908
0.92868111
1.14508732
3.17998483
0.21451132
1.48763836
0.52238593
0.67853881
0.91517932
1.34855611
0.42429732
0.26913139
0.24008230
0.33688378
0.21039971
0.16730529
0.12103415
0.15078577
0.18239047
0.43164301
0.18773501
0.11847856
0.20411243
0.17825648
0.20659723
0.19200267
0.15356609
1.34317519
0.83325594
0.45310948
0.31048551
0.47472540
0.15622026
0.13352517
0.15481327
0.17451465
0.15402231
0.61158056
0.82583692
0.17186255
1.23200949
0.26968097
1.72635576
1.92520987
0.88003806
0.95868729
0.10976658
0.16016974
0.26399563
0.23791973
0.26238186
1.07783322
1.10832717
0.29741464
0.11619421
0.24374245
0.15516952
0.11398364
0.11052290
0.13777482
0.11412822
0.54299397
0.44934547
0.35083434
1.54232139
0.20759310
0.33372586
1.22163631
1.23704455
0.43080242
0.39558670
0.28216873
0.23256982
0.18436723
0.25980700
0.13054556
0.24890009
0.12655623
0.16687600
0.58393999
1.68741118
1.65677858
0.86727032
0.16313894
0.15937320
0.15190632
0.15041053
0.40209643
0.11347640
0.32296158
0.31303649
0.91138510
1.19852390
0.86476002
0.44499784
0.93131815
0.62204757
1.00777167
0.24081783
0.20151521
0.39634839
2.20888620
0.27322575
0.27597089
0.11501132
0.42521803
0.18533640
0.34488208
0.33082378
0.34625827
0.79091194
1.86060699
0.93742661
1.10503473
1.09444408
0.28762926
0.30520996
0.31701253
0.14178725
0.19823175
0.35328901
0.57104633
0.21910636
0.37779017
0.78061153
1.27458717
0.85043252
1.81896700
1.73108108
0.32029255
0.57959700
0.45331265
0.11921987
0.18446894
0.27004298
0.38986081
0.10528352
0.15378151
0.28511005
0.32761975
0.52570245
1.17285455
0.17404842
3.42170898
0.45887904
0.70522588
0.40325035
0.48310131
0.33479759
1.03683523
2.14034705
1.83683082
2.08391116
0.12360142
0.12121412
0.31665981
0.34518950
0.43660539
0.32855268
1.72675599
0.61122332
0.15217582
0.18328187
0.17455739
0.17528253
0.26421214
0.66078335
0.70599594
0.19201492
2.41011395
0.44257038
0.12682009
0.13642915
0.19818554
0.39836086
0.33352189
1.34987880
1.53813263
0.12066565
0.47889198
0.71819667
0.34263080
0.36645477
0.12911821
0.23687501
0.61882365
0.47277333
0.27742127
1.32819414
0.42310595
0.56962832
0.19311054
0.41231903
3.64527108
0.40939225
0.53797584
0.74557146
0.91464756
0.31465281
1.35869374
0.16241969
0.93760704
7.25711045
0.46040985
1.78414545
0.20449927
0.35873047
0.42381994
0.36190557
0.47284630
0.34977415
0.77964080
0.48343345
0.15166619
0.78110686
0.13853275
0.16709430
0.88681245
0.23558581
2.06539147
0.28077266
0.50427532
0.32378446
0.30498512
0.36406026
0.48570181
0.55763325
0.58994177
0.20700393
0.35535745
0.41053863
0.17436739
0.12705866
0.31418292
0.22959633
1.39019286
0.27618364
0.29473973
0.32082579
0.34128256
0.28115737
0.39940437
0.45187450
0.16703321
0.17311804
0.29953761
0.23294766
0.24059440
0.31824823
0.22577104
0.22915684
0.18577886
0.21409689
0.22323499
0.25290928
0.25816617
0.28293392
0.28175866
0.15839367
0.31570896
0.31156175
0.35485672
0.28151790
0.20851940
0.27812624
0.64451142
0.09005075
0.15810686
0.34131893
0.17611208
0.32783444
0.19990809
0.24492769
0.11905060
0.46565804
0.59942644
0.10772348
0.99579082
1.12282460
0.13329193
0.16610097
0.29268113
1.02030517
0.92566028
0.17736255
0.15434003
0.21320210
1.14850635
0.10445563
0.31751554
0.83841817
0.92036979
0.33241104
0.66786892
0.86800126
0.34981526
0.59888852
1.35265059
0.33781763
0.52881318
0.65702360
1.02060889
0.30210950
1.18083900
0.25723850
0.12966802
0.18703656
1.22861062
0.24849080
0.29044346
0.25688131
0.52233851
0.24326461
0.13010338
0.32999906
0.14535391
0.15589087
0.25354131
0.46365775
4.65509049
0.20541151
0.37351570
0.35090090
0.26126404
1.71247310
0.21848125
0.75381737
0.56737810
1.47868953
1.02120580
0.19694304
0.39076502
0.75043829
1.50726276
0.08686907
0.14578764
0.11472494
1.61175657
1.37812011
1.92857011
0.38987563
0.11974570
0.11769848
0.14262969
0.31094376
0.83800746
0.92630939
0.14487376
0.95387374
0.20162402
0.21217529
0.28548993
0.17458186
1.14897597
0.32348540
0.68413206
1.08675692
0.50805971
0.52374395
0.32174865
1.25192561
0.52270552
1.38145806
1.44505577
0.14998016
0.24171392
0.16871135
0.37257007
0.30085157
0.26493490
0.35457100
0.71212281
2.52530034
0.28765897
0.20710633
0.34941825
0.28453533
0.50935479
0.29152547
0.24954060
0.18432492
0.29734649
0.17835365
0.16798451
0.16268357
0.94970938
0.42853370
0.28999618
0.95559601
2.83788869
0.18047808
0.17279562
0.15983692
0.30307682
0.36163646
0.20528464
0.27990226
0.94243910
0.10578282
0.14895447
0.15589659
0.13246088
0.18726187
0.45908005
0.30239907
0.19067214
0.19309143
0.32430355
0.30899309
0.23482235
0.17220684
0.20375760
1.01461393
1.12345258
1.14404020
0.12176415
0.13538720
0.33944713
0.26409391
0.35448922
0.27161704
0.92940365
0.15480767
0.24700186
0.37032791
1.78665260
0.12029541
0.12668046
0.64149727
0.33531437
0.25488679
0.36571882
2.57609676
0.59641589
0.14226350
0.28418579
0.45441323
2.10812571
0.14583445
0.17365947
0.38947027
0.13933711
0.20397427
1.50395872
0.26722499
0.39605833
0.18276134
0.22969216
0.36457224
0.23544567
1.33980761
0.97124156
0.32374284
0.22155493
0.38011678
0.51133262
0.86771802
0.29604245
0.21352112
0.29538087
0.92915215
0.48084339
0.36285473
0.20204780
0.12776749
1.69883952
0.21249033
2.33543387
0.09644688
0.60204660
0.10836716
0.38907394
0.48925039
0.58303547
0.17344406
0.21592749
0.13544511
0.27330633
0.28094234
0.24182841
0.21535490
0.36559732
0.24764622
0.15539512
0.32037352
0.45734015
0.71963015
0.23923139
0.24615761
0.35648958
0.26410755
0.30413591
0.28454286
0.44920016
0.15758413
0.50533342
0.15937901
0.13349604
1.51133422
0.12535286
0.29009507
0.27942931
0.68280292
0.26803916
0.17289488
0.31464783
0.38768821
0.67472977
0.64854918
0.46342869
1.07418348
0.48720834
0.31693823
0.16775250
0.19728214
0.13403123
0.96681468
0.23119742
0.24020020
0.20789038
0.23373991
1.12193237
0.24041371
0.20535584
0.15622635
0.14156210
1.38187247
0.19690965
0.32390864
1.81720943
0.51549984
2.01603486
0.15926975
0.26098421
0.50664030
0.18494322
0.20188548
0.36396961
1.29208870
0.50752678
0.32364340
2.31165126
0.17920915
0.87395545
0.35199151
0.33822529
0.34738194
1.17495155
0.25323818
0.64159326
0.59595350
0.15903882
0.21508800
0.18401509
0.26714335
0.23521435
0.71246134
0.32096232
0.31704527
0.49653834
0.11853945
0.44291934
0.19442878
0.26735202
0.09542407
0.21663113
0.95759004
0.76674477
0.26515226
0.37075882
0.45194202
0.17409416
0.21786404
0.53895282
0.19273362
1.33838483
1.03528616
0.16677407
0.20864873
1.08215040
0.27069673
0.67855177
0.93584794
0.32600949
0.84700717
0.19238065
0.13031682
1.04679189
0.22022439
0.20842922
0.89167845
0.40319180
0.14100597
0.18015631
0.31995169
0.15799767
0.36335721
0.29020532
0.14263061
0.23882626
0.45914596
0.20927645
0.32956719
0.39795159
0.23879136
0.21907881
0.19503550
0.67705087
0.42801669
0.29678618
0.28590782
0.46546255
1.30576922
0.33554511
0.89652061
0.23401045
0.20774996
0.48344824
0.59131326
0.24320074
0.17098220
0.35859403
0.15979621
0.14440710
0.16656981
0.23037341
0.16952491
0.18541273
0.35711729
0.53537548
0.93541396
0.96717326
0.22214358
0.96417989
0.12076966
0.35535721
1.08276474
1.34129770
0.21368331
0.25068532
0.22833190
0.35365368
0.36164132
1.16733996
0.33295926
1.11006472
0.26512963
1.09787840
0.33245736
0.24052888
0.48784521
0.19181400
1.14673775
0.10998015
0.19917968
0.31011816
1.13499641
0.20145669
0.13417411
0.41077216
0.26378327
0.12691559
0.19126104
1.18240132
0.24919500
0.21957068
0.24343416
0.93040040
0.28291932
0.27599549
0.14892509
0.13217243
0.28514242
0.20317701
0.24717706
1.45031671
0.21822601
0.34883106
0.30103566
0.35982394
0.45524163
0.39227810
0.24773334
1.02479266
0.14443791
0.39727587
0.88431785
0.14809126
0.37578844
0.48619907
0.57005918
0.49627179
0.21766091
0.12639643
0.36759072
0.18957641
0.20338405
0.40584989
0.13973265
0.33035466
0.26143502
0.41050039
0.70979510
0.52910046
0.49896763
0.45598826
0.39635198
1.32673008
0.19670000
0.12566179
0.12805040
0.74622869
0.35490752
0.18159329
1.38539199
0.94666261
0.17483412
0.18409130
0.43349072
0.19189203
1.47442088
0.70931514
0.26454161
0.25709855
0.27863108
0.18910644
0.65412774
0.30764878
0.70173449
0.24204390
0.17793219
0.35064855
0.59549287
0.17054806
0.43593615
0.37111772
0.40346784
0.58721273
0.23058257
1.38886821
0.35553401
0.37066446
0.13857649
1.34459638
0.43443716
0.34181428
0.96520562
0.12562991
1.73618813
0.46192906
1.26004256
0.11731818
0.42924427
0.25161391
0.21977564
0.57904121
0.26954797
1.53346093
0.14414107
0.17300519
0.22097317
0.30032972
1.25382508
0.12450661
0.55277220
0.18520313
0.20234731
0.55770833
0.14861588
0.45019617

SCALARS displacement_magnitude float 1
LOOKUP_TABLE default
0.002109
0.000926
0.002364
0.003926
0.000520
0.000411
0.000437
0.000251
0.000115
0.002360
0.000126
0.005876
0.005328
0.000250
0.000456
0.000051
0.000211
0.000153
0.000420
0.000582
0.000022
0.002449
0.004641
0.000637
0.000401
0.000050
0.000112
0.000111
0.001279
0.000174
0.005347
0.005779
0.000021
0.000164
0.000233
0.001210
0.000137
0.000264
0.001099
0.009661
0.009670
0.009736
0.000428
0.000835
0.000066
0.000197
0.000212
0.002528
0.006808
0.000617
0.000381
0.000114
0.000630
0.000309
0.000442
0.004594
0.006453
0.009789
0.000458
0.000416
0.000241
0.000394
0.000197
0.000017
0.001319
0.005817
0.000125
0.000242
0.002652
0.004464
0.000287
0.000210
0.000350
0.000595
0.009760
0.006507
0.009640
0.000065
0.000352
0.000464
0.000353
0.000014
0.000206
0.000224
0.000242
0.000515
0.000423
0.002117
0.006389
0.006432
0.000685
0.000224
0.000562
0.003022
0.001926
0.004317
0.000593
0.005742
0.001372
0.000103
0.001773
0.003080
0.000908
0.000595
0.000725
0.007286
0.001153
0.000561
0.000517
0.005402
0.005731
0.006169
0.007153
0.001230
0.000376
0.005343
0.004065
0.000802
0.000775
0.000534
0.000637
0.000398
0.003886
0.005903
0.001014
0.001030
0.002193
0.000375
0.000418
0.000545
0.004026
0.001068
0.001312
0.001809
0.004524
0.005449
0.002513
0.002633
0.000918
0.004186
0.003404
0.002968
0.002372
0.003040
0.000522
0.000106
0.002914
0.000397
0.002706
0.002472
0.003645
0.004394
0.000450
0.000481
0.000468
0.000312
0.000173
0.000180
0.000129
0.000147
0.000366
0.000942
0.001339
0.000095
0.000017
0.001901
0.004516
0.005551
0.000379
0.000531
0.000615
0.000401
0.000281
0.000166
0.000124
0.000089
0.000153
0.000433
0.000063
0.000070
0.000745
0.000812
0.000028
0.001419
0.003226
0.000377
0.004052
0.006713
0.007931
0.007070
0.007177
0.008644
0.000405
0.000479
0.000203
0.000208
0.000112
0.000302
0.001306
0.000088
0.001862
0.000089
0.000127
0.000185
0.000225
0.000118
0.000089
0.000988
0.004415
0.004795
0.005812
0.006704
0.009696
0.008796
0.000560
0.000379
0.000184
0.000185
0.000192
0.000151
0.000117
0.000245
0.000097
0.000651
0.000137
0.000118
0.000070
0.000083
0.002575
0.003281
0.003819
0.000267
0.009716
0.000477
0.000543
0.000313
0.000099
0.000115
0.000029
0.000022
0.000101
0.001838
0.000229
0.004802
0.003835
0.005194
0.006741
0.009642
0.009728
0.000673
0.000103
0.000099
0.003474
0.004042
0.004565
0.005444
0.000500
0.000212
0.000059
0.000040
0.000245
0.000195
0.000035
0.000138
0.000118
0.002073
0.000419
0.004274
0.000957
0.004666
0.005461
0.008360
0.006717
0.000457
0.000559
0.000228
0.000259
0.000268
0.000521
0.000131
0.000778
0.000134
0.000136
0.002641
0.008099
0.009632
0.009718
0.000338
0.000142
0.000186
0.000063
0.001684
0.000075
0.000376
0.003577
0.000981
0.001655
0.002905
0.005795
0.003429
0.003839
0.009677
0.000140
0.000222
0.000373
0.000081
0.000341
0.000389
0.000039
0.000876
0.000216
0.003046
0.000400
0.005192
0.001704
0.009747
0.005901
0.009654
0.000171
0.000314
0.000437
0.000399
0.000216
0.000329
0.000684
0.002693
0.000266
0.005702
0.002478
0.007672
0.005605
0.008332
0.009624
0.000198
0.000203
0.000388
0.000273
0.000328
0.000460
0.000941
0.000070
0.000140
0.003540
0.005867
0.003617
0.009641
0.000316
0.000761
0.000758
0.001727
0.001424
0.000891
0.005355
0.006406
0.009723
0.007069
0.009612
0.000144
0.000126
0.004584
0.005601
0.001277
0.001189
0.009691
0.004384
0.000355
0.000479
0.000169
0.000319
0.003659
0.001766
0.002851
0.000681
0.001096
0.001596
0.000433
0.000333
0.000233
0.003213
0.003394
0.007631
0.009661
0.000607
0.000825
0.001169
0.001042
0.002211
0.000382
0.000500
0.002134
0.003098
0.000856
0.001749
0.002802
0.003271
0.000431
0.003727
0.000592
0.003127
0.006374
0.004845
0.005539
0.001163
0.001112
0.000787
0.002877
0.000202
0.003975
0.000526
0.005017
0.001487
0.002403
0.003270
0.006442
0.001349
0.001957
0.001667
0.000620
0.002406
0.000568
0.000641
0.002934
0.004633
0.000809
0.005325
0.001516
0.004975
0.003590
0.004264
0.005027
0.002090
0.002066
0.001277
0.001599
0.002883
0.000843
0.000781
0.003313
0.004026
0.001344
0.005020
0.004799
0.002088
0.004909
0.003773
0.002317
0.002161
0.001003
0.001180
0.001988
0.001593
0.001524
0.003146
0.003645
0.001951
0.002414
0.002853
0.004419
0.004371
0.003925
0.002439
0.002172
0.001500
0.002383
0.002716
0.002730
0.002840
0.003712
0.003633
0.003568
0.000457
0.000293
0.003481
0.000539
0.000088
0.000083
0.004026
0.000072
0.000145
0.000181
0.000195
0.009762
0.000437
0.000090
0.000110
0.000067
0.009686
0.009747
0.000537
0.000330
0.000081
0.009779
0.000104
0.004858
0.009743
0.009691
0.003734
0.001031
0.009712
0.004589
0.003915
0.006813
0.000994
0.001152
0.003304
0.009694
0.000511
0.009659
0.000320
0.000177
0.000359
0.005829
0.000583
0.002854
0.000708
0.001958
0.000688
0.000406
0.002776
0.000639
0.000388
0.003078
0.002464
0.000376
0.005009
0.003934
0.003237
0.002910
0.000318
0.000496
0.004208
0.005239
0.006109
0.000121
0.000589
0.000477
0.000605
0.006174
0.000054
0.000222
0.000220
0.004388
0.005783
0.007207
0.000403
0.000177
0.000168
0.000290
0.000177
0.000484
0.009711
0.000167
0.009702
0.000167
0.000215
0.000316
0.000251
0.009732
0.003201
0.001557
0.009672
0.000514
0.000915
0.004010
0.009650
0.002447
0.007704
0.009725
0.000161
0.000612
0.000573
0.003282
0.003645
0.004427
0.005240
0.001596
0.009615
0.004217
0.000809
0.001462
0.002408
0.005882
0.001329
0.002980
0.001350
0.001772
0.001648
0.000320
0.000266
0.000906
0.005966
0.000355
0.009694
0.001381
0.000421
0.000463
0.000409
0.000521
0.000593
0.003239
0.002540
0.001826
0.000391
0.000287
0.000209
0.000035
0.000159
0.000167
0.000053
0.000097
0.000074
0.000129
0.005310
0.000336
0.000040
0.002550
0.009743
0.003843
0.008035
0.000212
0.000141
0.000085
0.000233
0.002814
0.003413
0.005433
0.000121
0.000545
0.000481
0.009768
0.000079
0.000247
0.004664
0.000384
0.000501
0.000789
0.009701
0.003919
0.000478
0.002755
0.005935
0.009625
0.000321
0.000442
0.000930
0.000741
0.000849
0.000421
0.004607
0.004433
0.000962
0.002323
0.002952
0.003265
0.000969
0.009657
0.000399
0.000699
0.003276
0.001141
0.006914
0.002901
0.001359
0.000516
0.005515
0.001089
0.004875
0.000355
0.000690
0.003223
0.000289
0.003959
0.000243
0.000497
0.000270
0.000470
0.002965
0.003280
0.000417
0.000483
0.001175
0.004252
0.001895
0.003883
0.000310
0.000097
0.000062
0.000645
0.004251
0.000970
0.000304
0.003613
0.002823
0.000734
0.004246
0.005233
0.002449
0.001558
0.000221
0.004400
0.000071
0.000188
0.009707
0.000081
0.003919
0.000270
0.001865
0.004324
0.000778
0.004751
0.000599
0.000688
0.006862
0.001113
0.009675
0.001801
0.005893
0.000631
0.001744
0.000205
0.009690
0.000423
0.000460
0.001287
0.004594
0.000787
0.000068
0.000283
0.000893
0.000068
0.007243
0.000620
0.000171
0.007952
0.002036
0.000517
0.000383
0.004819
0.000276
0.000069
0.000588
0.003572
0.008278
0.000567
0.000122
0.007440
0.000363
0.001384
0.000468
0.002434
0.005684
0.001630
0.001743
0.002716
0.003521
0.000699
0.000936
0.000609
0.001078
0.002589
0.004215
0.000679
0.004088
0.004517
0.000259
0.001548
0.001347
0.002278
0.000186
0.003183
0.004463
0.003063
0.000418
0.001927
0.001124
0.001850
0.000482
0.003353
0.000500
0.004495
0.006395
0.000481
0.000726
0.006251
0.001462
0.002028
0.004556
0.002308
0.002076
0.002330
0.000215
0.006788
0.001109
0.001042
0.002414
0.002191
0.000416
0.000295
0.001102
0.000385
0.002057
0.003244
0.000388
0.003802
0.001239
0.000498
0.003721
0.003715
0.001866
0.000671
0.001110
0.005240
0.000972
0.000493
0.000572
0.000994
0.005172
0.002666
0.001773
0.000790
0.002828
0.001647
0.002986
0.004356
0.001129
0.002922
0.000349
0.000308
0.000136
0.001723
0.000351
0.000646
0.004639
0.002922
0.003856
0.005659
0.000425
0.005527
0.000128
0.003050
0.007017
0.003703
0.000441
0.001103
0.000167
0.001245
0.000476
0.006976
0.001436
0.001625
0.003189
0.004502
0.002908
0.002258
0.004707
0.001772
0.000836
0.000068
0.000846
0.001203
0.007367
0.001231
0.000175
0.002054
0.000525
0.000313
0.000907
0.001806
0.001706
0.003122
0.003356
0.001585
0.000599
0.000485
0.000183
0.000229
0.001353
0.000306
0.001583
0.006880
0.002644
0.000677
0.003468
0.002753
0.000795
0.005085
0.003748
0.006584
0.000255
0.004699
0.004954
0.000246
0.000495
0.002057
0.001491
0.003276
0.002089
0.000168
0.002665
0.000740
0.000639
0.002811
0.000320
0.003323
0.004525
0.005150
0.001065
0.000799
0.002382
0.003301
0.002253
0.007093
0.001709
0.000180
0.000239
0.004149
0.001660
0.000812
0.006213
0.004958
0.000252
0.002042
0.000250
0.000411
0.003628
0.004400
0.001712
0.002427
0.000696
0.000676
0.002516
0.001452
0.004447
0.004178
0.000523
0.001726
0.005791
0.001246
0.003949
0.001288
0.002320
0.004362
0.000619
0.006959
0.002043
0.000683
0.000479
0.003468
0.000622
0.001749
0.008030
0.000141
0.001410
0.001247
0.005340
0.000136
0.000968
0.000437
0.000698
0.002798
0.002463
0.001774
0.000924
0.000256
0.002017
0.000421
0.004955
0.000238
0.000553
0.000240
0.001453
0.001231
0.000094
0.003584

SCALARS velocity_magnitude float 1
LOOKUP_TABLE default
0.027136
0.010162
0.042395
0.068567
0.042442
0.105600
0.052258
0.072730
0.001321
0.043185
0.000502
0.070116
0.092912
0.071262
0.108201
0.072337
0.003256
0.002705
0.004056
0.005034
0.001822
0.037929
0.080862
0.046989
0.016334
0.068963
0.013611
0.002344
0.026227
0.001270
0.091328
0.070795
0.081724
0.034557
0.154346
0.024913
0.000831
0.001639
0.017607
0.000000
0.000000
0.000000
0.087357
0.022710
0.001718
0.002645
0.001621
0.036332
0.100964
0.083943
0.073165
0.005133
0.015488
0.002431
0.006035
0.072237
0.103422
0.000000
0.053459
0.008608
0.056805
0.045098
0.003893
0.000950
0.030085
0.103045
0.025199
0.002943
0.039925
0.075565
0.014873
0.002772
0.008931
0.009663
0.000000
0.070152
0.000000
0.009914
0.009120
0.008047
0.006603
0.000831
0.007397
0.009297
0.010754
0.007487
0.008195
0.040728
0.092700
0.088396
0.014090
0.003840
0.009920
0.058016
0.036849
0.071396
0.011279
0.083667
0.024054
0.002052
0.034653
0.053200
0.021202
0.015690
0.015991
0.049152
0.019508
0.007898
0.003611
0.080022
0.082089
0.066308
0.045957
0.023272
0.001616
0.079001
0.060669
0.012037
0.011240
0.005100
0.006351
0.001961
0.063500
0.071390
0.014095
0.017114
0.039166
0.003066
0.002475
0.004581
0.062575
0.013763
0.019224
0.029298
0.069584
0.072555
0.035467
0.040787
0.009748
0.062805
0.050266
0.039803
0.028059
0.040681
0.005883
0.000759
0.048989
0.007094
0.047035
0.036145
0.056171
0.082505
0.038632
0.372034
0.082716
0.075632
0.148902
0.059484
0.037444
0.004325
0.002048
0.008426
0.016113
0.001859
0.002478
0.028890
0.062930
0.078829
0.155203
0.083741
0.097177
0.064073
0.142099
0.043112
0.005612
0.021360
0.002837
0.003503
0.003140
0.001772
0.005456
0.010179
0.001927
0.023522
0.059776
0.004744
0.056356
0.072423
0.067680
0.082290
0.101063
0.046378
0.014890
0.051586
0.114791
0.293475
0.242285
0.027206
0.023486
0.001247
0.029683
0.001411
0.002445
0.001253
0.000479
0.002196
0.002189
0.012851
0.078437
0.069746
0.096851
0.102358
0.000000
0.049777
0.105400
0.090124
0.021664
0.054061
0.065979
0.132262
0.068975
0.054735
0.004765
0.021314
0.002086
0.000870
0.001611
0.002577
0.049053
0.056929
0.066088
0.006667
0.000000
0.017419
0.063495
0.033793
0.009766
0.010312
0.002342
0.001750
0.003169
0.036477
0.002236
0.082977
0.056983
0.099001
0.074301
0.000000
0.000000
0.041504
0.001383
0.002942
0.060523
0.066917
0.081011
0.064717
0.014264
0.042543
0.053208
0.020579
0.018293
0.005927
0.001003
0.001785
0.001745
0.042204
0.004872
0.074601
0.011301
0.083340
0.102454
0.057658
0.062989
0.035047
0.006000
0.039050
0.023253
0.006393
0.020050
0.001762
0.022139
0.001507
0.002519
0.051987
0.042318
0.000000
0.000000
0.010073
0.017640
0.055793
0.001434
0.033422
0.001156
0.005830
0.064391
0.013900
0.021431
0.048562
0.101562
0.055912
0.070119
0.000000
0.004843
0.003662
0.027946
0.032816
0.004434
0.015501
0.001097
0.020031
0.004864
0.055104
0.007105
0.090550
0.029949
0.000000
0.077165
0.000000
0.011376
0.009361
0.008287
0.008193
0.004439
0.004816
0.014986
0.052418
0.005909
0.092918
0.044565
0.057236
0.072651
0.035079
0.000000
0.005988
0.006891
0.013562
0.004939
0.006322
0.008214
0.019302
0.000785
0.002718
0.063046
0.092499
0.064417
0.000000
0.005566
0.019541
0.012908
0.031383
0.030429
0.014639
0.088244
0.080461
0.000000
0.065680
0.000000
0.001810
0.001879
0.077435
0.089855
0.025022
0.026103
0.000000
0.067049
0.005476
0.007472
0.002596
0.005412
0.064708
0.034422
0.054109
0.012323
0.022001
0.028733
0.005450
0.004951
0.002576
0.060231
0.062897
0.047003
0.000000
0.010561
0.016052
0.022124
0.016653
0.040441
0.003948
0.010420
0.039159
0.052722
0.014384
0.034063
0.049672
0.057948
0.004664
0.067014
0.013589
0.047863
0.059175
0.076424
0.075035
0.020276
0.019483
0.010158
0.050513
0.004918
0.064460
0.008835
0.076781
0.025149
0.039500
0.048136
0.066048
0.023281
0.035024
0.027665
0.007243
0.040067
0.002627
0.006481
0.051462
0.071955
0.013148
0.073808
0.022118
0.059469
0.051706
0.061125
0.073639
0.031339
0.034658
0.017186
0.023937
0.049888
0.009150
0.007919
0.051771
0.063429
0.017747
0.074775
0.068318
0.026663
0.067533
0.053054
0.036160
0.031696
0.010737
0.014249
0.029366
0.020867
0.021262
0.047551
0.055593
0.021436
0.029560
0.036535
0.065499
0.064555
0.052386
0.035341
0.030509
0.015718
0.030793
0.036741
0.039212
0.036725
0.054194
0.050383
0.059732
0.049142
0.060254
0.060290
0.040890
0.136074
0.015015
0.068322
0.128229
0.001130
0.017230
0.087552
0.000000
0.385450
0.000620
0.076969
0.002137
0.000000
0.000000
0.029748
0.061376
0.026293
0.000000
0.001973
0.084080
0.000000
0.000000
0.066299
0.015506
0.000000
0.079287
0.070587
0.060498
0.019946
0.017614
0.058942
0.000000
0.010839
0.000000
0.007509
0.002496
0.008150
0.073198
0.012075
0.053434
0.013267
0.038129
0.014598
0.004565
0.049332
0.009531
0.001331
0.056743
0.042704
0.007643
0.077487
0.059175
0.053968
0.046238
0.004907
0.036189
0.067738
0.085641
0.068910
0.004302
0.081997
0.024583
0.010326
0.070799
0.071856
0.169423
0.116484
0.065524
0.077276
0.065513
0.052171
0.027694
0.059885
0.047241
0.063741
0.004906
0.000000
0.010599
0.000000
0.003971
0.027106
0.017928
0.003820
0.000000
0.057284
0.023513
0.000000
0.012373
0.019378
0.070629
0.000000
0.047663
0.057606
0.000000
0.003097
0.012587
0.011117
0.059895
0.064776
0.074426
0.085983
0.030838
0.000000
0.072296
0.012892
0.024439
0.042142
0.075877
0.020432
0.038755
0.015461
0.023281
0.018520
0.092058
0.166818
0.010541
0.104949
0.027134
0.000000
0.027368
0.009440
0.008635
0.004316
0.014322
0.014248
0.044226
0.036252
0.028275
0.100002
0.093395
0.008590
0.187833
0.024594
0.021080
0.001126
0.198304
0.001752
0.000416
0.097776
0.032541
0.004671
0.048443
0.000000
0.061671
0.071483
0.020777
0.001430
0.002442
0.004101
0.050993
0.059354
0.076068
0.002491
0.020361
0.007735
0.000000
0.000789
0.004122
0.073579
0.004543
0.011887
0.017065
0.000000
0.067407
0.006971
0.050600
0.081558
0.000000
0.001286
0.008718
0.022752
0.010147
0.013669
0.002510
0.071128
0.061869
0.012677
0.027827
0.042499
0.045784
0.088563
0.000000
0.039572
0.017560
0.059560
0.022129
0.061526
0.039143
0.016679
0.054055
0.075858
0.026147
0.084146
0.003138
0.010693
0.049427
0.440252
0.051961
0.069629
0.021899
0.040808
0.082461
0.053744
0.062758
0.007368
0.010944
0.012922
0.058711
0.026260
0.055555
0.053105
0.002170
0.001024
0.011698
0.069909
0.017785
0.002500
0.051324
0.053148
0.016959
0.068501
0.068267
0.039954
0.025011
0.065452
0.074806
0.123311
0.024459
0.000000
0.001004
0.068037
0.006893
0.034291
0.068233
0.012348
0.085867
0.020140
0.009071
0.093954
0.022154
0.000000
0.033122
0.079937
0.005688
0.020101
0.092429
0.000000
0.010040
0.001975
0.014496
0.074573
0.009584
0.036204
0.006147
0.010537
0.002129
0.061171
0.011435
0.011378
0.036110
0.040187
0.004296
0.341016
0.078615
0.000986
0.000957
0.009276
0.064252
0.064111
0.004628
0.001612
0.046531
0.028261
0.020235
0.014355
0.029883
0.075474
0.030898
0.030550
0.050008
0.059561
0.015416
0.018547
0.012434
0.021088
0.044924
0.069717
0.015819
0.064914
0.079940
0.008296
0.027800
0.024148
0.037182
0.029167
0.051266
0.075013
0.051483
0.010660
0.034064
0.021536
0.029546
0.012298
0.058815
0.008015
0.072100
0.097335
0.008771
0.012582
0.089850
0.026758
0.037270
0.072563
0.040781
0.034005
0.038344
0.007903
0.086161
0.020800
0.020970
0.044038
0.038148
0.006799
0.036532
0.019741
0.010430
0.037167
0.056142
0.008878
0.061565
0.022366
0.009333
0.059845
0.062419
0.035187
0.014861
0.017609
0.080880
0.018339
0.012296
0.013054
0.019378
0.083052
0.047328
0.032094
0.010711
0.043061
0.030355
0.050350
0.071923
0.017585
0.052321
0.004353
0.006415
0.028188
0.026212
0.010075
0.011064
0.077538
0.050794
0.064274
0.089538
0.008593
0.082251
0.028649
0.046629
0.098171
0.068646
0.006560
0.018262
0.010307
0.024338
0.008559
0.082858
0.027244
0.028967
0.054335
0.079380
0.046423
0.038441
0.082608
0.026660
0.016904
0.026513
0.015252
0.021665
0.078004
0.022313
0.005375
0.037098
0.025260
0.012887
0.012673
0.030029
0.030796
0.050099
0.054387
0.026433
0.014022
0.011968
0.013874
0.031190
0.025562
0.008343
0.024532
0.081395
0.038876
0.008755
0.058082
0.047476
0.016104
0.088915
0.064947
0.092300
0.007638
0.083306
0.086819
0.006732
0.011148
0.035739
0.028113
0.054789
0.034399
0.019382
0.047313
0.011276
0.015363
0.046720
0.005464
0.051518
0.072871
0.080538
0.019712
0.016188
0.041799
0.053075
0.040044
0.083336
0.031256
0.038769
0.007765
0.074497
0.026761
0.015838
0.088050
0.080633
0.006326
0.034064
0.013326
0.008888
0.064986
0.073859
0.025641
0.036696
0.012618
0.014801
0.041820
0.025960
0.074581
0.068821
0.012410
0.032164
0.094263
0.024657
0.064524
0.024628
0.042520
0.077225
0.015211
0.085548
0.034986
0.011958
0.011222
0.059975
0.011908
0.031871
0.076179
0.052308
0.023998
0.024782
0.089029
0.003488
0.020008
0.010058
0.014447
0.049486
0.042970
0.032805
0.011671
0.007956
0.032522
0.010417
0.075367
0.007744
0.018788
0.038249
0.024731
0.021439
0.011242
0.059985

SCALARS adhesion_force_magnitude float 1
LOOKUP_TABLE default
0.00727892
0.07820809
0.00000000
0.00000000
0.01017088
0.00249618
0.00135337
0.00167121
0.03067375
0.00000000
0.04512876
0.00000000
0.00000000
0.00211725
0.00463651
0.00772378
0.02266646
0.00732671
0.00580270
0.01161063
0.01869105
0.00000000
0.00000000
0.00198727
0.00451881
0.00357193
0.00174497
0.01892939
0.05708843
0.02422907
0.00000000
0.00000000
0.00021936
0.00412673
0.00010958
0.00650713
0.02187521
0.06985765
0.09488301
0.00000000
0.00000000
0.00000000
0.00059843
0.00587964
0.01204750
0.03246041
0.01833946
0.00000000
0.00000000
0.00714094
0.01294477
0.00240227
0.00344747
0.06806995
0.13576027
0.00000000
0.00000000
0.00000000
0.01723177
0.00241536
0.01024416
0.00046371
0.00755084
0.00518609
0.00222451
0.00000000
0.00640713
0.03086925
0.00000000
0.00000000
0.01916449
0.00235608
0.00218301
0.03512873
0.00000000
0.00000000
0.00000000
0.01039124
0.03037280
0.00404889
0.01585559
0.00780849
0.00108486
0.00000000
0.00232573
0.02304228
0.00126805
0.02417213
0.00000000
0.00000000
0.02275905
0.00498293
0.00109614
0.01911702
0.00000000
0.00000000
0.00000000
0.00000000
0.01540152
0.04520934
0.01772390
0.00000000
0.00514500
0.00362473
0.03453238
0.00000000
0.01215904
0.00810360
0.00481163
0.00000000
0.00000000
0.00000000
0.00000000
0.00000000
0.00495037
0.00000000
0.00000000
0.00287504
0.00140891
0.01030812
0.01168208
0.00430508
0.00000000
0.00000000
0.00460414
0.01092964
0.01555198
0.00522128
0.00594936
0.00689490
0.05431689
0.00244948
0.00768424
0.00478095
0.00000000
0.00000000
0.00000000
0.00431630
0.00353912
0.00000000
0.01343150
0.00711482
0.09884208
0.01368468
0.06847817
0.12280657
0.00000000
0.08122902
0.00000000
0.00000000
0.00000000
0.00000000
0.00100002
0.00079270
0.00197139
0.00392732
0.00323639
0.00075728
0.00167357
0.03082729
0.01653071
0.01790952
0.01623988
0.01981367
0.11604662
0.00000000
0.00000000
0.00000000
0.00079423
0.00465459
0.00376603
0.00878160
0.00364166
0.00322607
0.00148329
0.00726567
0.00451108
0.00796814
0.00451861
0.00558125
0.00471051
0.01753277
0.03573719
0.06414724
0.00000000
0.18215381
0.00000000
0.00000000
0.00000000
0.00000000
0.00000000
0.00000000
0.01030825
0.00558814
0.00178738
0.00444916
0.00201548
0.00274957
0.00307252
0.00639513
0.03454600
0.00979233
0.01123753
0.01722326
0.04247489
0.09532769
0.15160543
0.13001060
0.00000000
0.00000000
0.00000000
0.00000000
0.00000000
0.00000000
0.00101518
0.00449187
0.00347307
0.00336120
0.00805028
0.00357959
0.00219941
0.00192328
0.00453768
0.00404953
0.01101692
0.01484612
0.02396286
0.01082734
0.00000000
0.00000000
0.00000000
0.12699501
0.00000000
0.00173225
0.00051615
0.00783095
0.00977560
0.00610308
0.02369509
0.00348382
0.01434387
0.00000000
0.04763253
0.00000000
0.00000000
0.00000000
0.00000000
0.00000000
0.00000000
0.00344469
0.00395774
0.00708603
0.00000000
0.00000000
0.00000000
0.00000000
0.00541031
0.00117979
0.00626478
0.00456806
0.00533868
0.00470812
0.00677380
0.01918795
0.00241063
0.02576702
0.02174091
0.00000000
0.09237824
0.00000000
0.00000000
0.00000000
0.00000000
0.00589698
0.02503766
0.01046859
0.00393549
0.00500413
0.00402523
0.00520558
0.00269468
0.00699933
0.00606638
0.02867094
0.00000000
0.00000000
0.00000000
0.00839358
0.00410732
0.00688674
0.00379726
0.01225170
0.00667963
0.02395992
0.00000000
0.03973190
0.03333339
0.00000000
0.00000000
0.00000000
0.00000000
0.00000000
0.00306344
0.00453451
0.00302321
0.00762275
0.00481647
0.00796516
0.00641591
0.05552469
0.00893267
0.00000000
0.01154630
0.00000000
0.03842274
0.00000000
0.00000000
0.00000000
0.01195963
0.00905330
0.00058392
0.01101941
0.00037765
0.06914000
0.01876048
0.03074221
0.02207527
0.00000000
0.00000000
0.00000000
0.00000000
0.00000000
0.00000000
0.00733003
0.00685006
0.00074617
0.00158012
0.05056409
0.00341656
0.01403376
0.02319840
0.00813473
0.00000000
0.00000000
0.00000000
0.00000000
0.00947162
0.02991929
0.03542152
0.01300064
0.00497174
0.03556170
0.00000000
0.00000000
0.00000000
0.00000000
0.00000000
0.00253404
0.02228700
0.00000000
0.00000000
0.01157301
0.00000000
0.00000000
0.00000000
0.00266447
0.00195623
0.00386770
0.00549941
0.00000000
0.00000000
0.00000000
0.00367224
0.03261015
0.02205180
0.00075188
0.00384406
0.00392625
0.00691328
0.02880937
0.00000000
0.00000000
0.00046669
0.00961122
0.05173791
0.00146069
0.06046857
0.00574789
0.00213605
0.00000000
0.00000000
0.01125285
0.08998886
0.04934534
0.00559819
0.00473962
0.00000000
0.03953148
0.00000000
0.00000000
0.00000000
0.00000000
0.01351447
0.04923161
0.00044931
0.03308071
0.01808334
0.00000000
0.00384772
0.00000000
0.00000000
0.00000000
0.00000000
0.00000000
0.00326879
0.00736158
0.01121205
0.00506198
0.01879030
0.04677979
0.03587746
0.06216173
0.00000000
0.19441891
0.00000000
0.00000000
0.00000000
0.00000000
0.00000000
0.00000000
0.00333406
0.01758397
0.00269235
0.00033077
0.01786861
0.01782273
0.03942251
0.00222424
0.02792420
0.24973638
0.00000000
0.00000000
0.00000000
0.00000000
0.00000000
0.00022470
0.00872749
0.03479806
0.00115223
0.00258818
0.00783967
0.00336770
0.08721677
0.06954590
0.01369891
0.08285855
0.00259494
0.00000000
0.00000000
0.00000000
0.02736149
0.00639036
0.06175717
0.00599008
0.00468881
0.00487344
0.01191716
0.00000000
0.00000000
0.00000000
0.00094388
0.00160611
0.00000000
0.00052817
0.00840869
0.00461031
0.00000000
0.00073928
0.04235744
0.00172190
0.00479381
0.00000000
0.00077597
0.01341120
0.01168224
0.00443439
0.00000000
0.00000000
0.00447102
0.00420868
0.00668390
0.00000000
0.00269960
0.00000000
0.00000000
0.00000000
0.00000000
0.00573067
0.00000000
0.00000000
0.00000000
0.00000000
0.01773213
0.01711162
0.00000000
0.00000000
0.00842354
0.00000000
0.00551651
0.00287968
0.00855315
0.00000000
0.00649121
0.04715389
0.00490726
0.04526470
0.00265738
0.00378368
0.02335269
0.00147689
0.00708709
0.00475278
0.00000000
0.00009815
0.00000000
0.00000000
0.00869444
0.06778087
0.16089913
0.00079568
0.00000000
0.00000000
0.00000000
0.06418082
0.00120096
0.00495163
0.01280857
0.00000000
0.00306987
0.00458421
0.00159654
0.00000214
0.00000000
0.00000000
0.00294812
0.00216494
0.00633101
0.00126642
0.01873652
0.04858986
0.00000000
0.00143567
0.00000000
0.00453861
0.03204130
0.00626301
0.01070909
0.00000000
0.00000000
0.02743500
0.00000000
0.00991456
0.00647313
0.00000000
0.00000000
0.00000000
0.00000000
0.00000000
0.01206393
0.00509420
0.00228774
0.00000000
0.00000000
0.00000000
0.00000000
0.06531698
0.00000000
0.00000000
0.00543206
0.00378020
0.00526330
0.00000000
0.00252534
0.00000000
0.00746739
0.04041007
0.06088080
0.00057975
0.00211599
0.00056233
0.00000000
0.01149705
0.00000000
0.12773044
0.00350548
0.00210818
0.00778895
0.01614922
0.02357355
0.00000000
0.00287548
0.00000000
0.00267839
0.00824769
0.00105305
0.00108487
0.00470209
0.00620447
0.01782632
0.00166630
0.01156526
0.02558044
0.00000000
0.00517212
0.00558955
0.00000000
0.00000000
0.00000000
0.00000000
0.00393898
0.00296187
0.00988096
0.01603057
0.00000000
0.00000000
0.00000000
0.00795710
0.00737928
0.02363493
0.00000000
0.00311696
0.00418676
0.00000000
0.00318390
0.00225085
0.01650866
0.00000000
0.00000000
0.00100443
0.00161422
0.00000000
0.00000000
0.01497393
0.00256680
0.01352458
0.00718099
0.00262550
0.01335010
0.00000000
0.00000000
0.00455328
0.00000000
0.01485584
0.00859184
0.00167518
0.00000000
0.00482867
0.01675019
0.00000000
0.03345522
0.00000000
0.00000000
0.00318961
0.01789799
0.00000000
0.01189150
0.00000000
0.00249085
0.00117184
0.00000000
0.00315928
0.00000000
0.00356032
0.00246972
0.00478872
0.00186605
0.00000000
0.01805002
0.00125131
0.01614785
0.01274126
0.00000000
0.00047440
0.00000000
0.00094427
0.06172421
0.02385410
0.00048271
0.00000000
0.01042835
0.07505561
0.00000000
0.00000000
0.00531395
0.00000000
0.00000000
0.00837697
0.03787637
0.00216385
0.00000000
0.00391277
0.00078283
0.00000000
0.02953509
0.00000000
0.02626465
0.01476451
0.00000000
0.00202694
0.00000000
0.00266487
0.03768704
0.00000000
0.01465891
0.00000000
0.01064056
0.00000000
0.01302798
0.05575087
0.00247086
0.00000000
0.01531078
0.01432677
0.06601461
0.00000000
0.00723428
0.00865533
0.02800027
0.01170154
0.00152581
0.00000000
0.00519868
0.01046642
0.00000000
0.02408939
0.10441365
0.00058546
0.00000000
0.03505629
0.00898935
0.00871685
0.00204287
0.00000000
0.01282498
0.04789194
0.00000000
0.00033843
0.01088158
0.01067602
0.03711761
0.00000000
0.01012811
0.00000000
0.00000000
0.00000000
0.00000000
0.00000000
0.00000000
0.00000000
0.00000000
0.00000000
0.00000000
0.00000000
0.00000000
0.00000000
0.00000000
0.00000000
0.00000000
0.00000000
0.00000000
0.00000000
0.00000000
0.00000000
0.00000000
0.00000000
0.00000000
0.00000000
0.00000000
0.00000000
0.00000000
0.00000000
0.00000000
0.00000000
0.00000000
0.00000000
0.00000000
0.00000000
0.00000000
0.00000000
0.00000000
0.00000000
0.00000000
0.00000000
0.00000000
0.00000000
0.00000000
0.00000000
0.00000000
0.00000000
0.00000000
0.00000000
0.00000000
0.00000000
0.00000000
0.00000000
0.00000000
0.00000000
0.00000000
0.00000000
0.00000000
0.00000000
0.00000000
0.00000000
0.00000000
0.00000000
0.00000000
0.00000000
0.00000000
0.00000000
0.00000000
0.00000000
0.00000000
0.00000000
0.00000000
0.00000000
0.00000000
0.00000000
0.00000000
0.00000000
0.00000000
0.00000000
0.00000000
0.00000000
0.00000000
0.00000000
0.00000000
0.00000000
0.00000000
0.00000000
0.00000000
0.00000000
0.00000000
0.00000000
0.00000000
0.00000000
0.00000000
0.00000000
0.00000000
0.00000000
0.00000000
0.00000000
0.00000000
0.00000000
0.00000000
0.00000000
0.00000000
0.00000000
0.00000000
0.00000000
0.00000000
0.00000000
0.00000000
0.00000000
0.00000000
0.00000000
0.00000000
0.00000000
0.00000000
0.00000000
0.00000000
0.00000000
0.00000000
0.00000000
0.00000000
0.00000000
0.00000000
0.00000000
0.00000000
0.00000000
0.00000000
0.00000000
0.00000000
0.00000000
0.00000000
0.00000000
0.00000000
0.00000000
0.00000000
0.00000000
0.00000000
0.00000000
0.00000000
0.00000000
0.00000000
0.00000000
0.00000000
0.00000000
0.00000000
0.00000000
0.00000000
0.00000000
0.00000000
0.00000000
0.00000000
0.00000000
0.00000000
0.00000000
0.00000000
0.00000000
0.00000000
0.00000000
0.00000000
0.00000000
0.00000000
0.00000000
0.00000000
0.00000000
0.00000000
0.00000000
0.00000000
0.00000000
0.00000000
0.00000000
0.00000000
0.00000000
0.00000000
0.00000000
0.00000000
0.00000000
0.00000000
0.00000000
0.00000000
0.00000000
0.00000000
0.00000000
0.00000000
0.00000000
0.00000000
0.00000000
0.00000000
0.00000000
0.00000000
0.00000000
0.00000000
0.00000000
0.00000000
0.00000000
0.00000000
0.00000000
0.00000000
0.00000000
0.00000000
0.00000000
0.00000000
0.00000000
0.00000000
0.00000000
0.00000000
0.00000000
0.00000000
0.00000000
0.00000000
0.00000000
0.00000000
0.00000000
0.00000000
0.00000000
0.00000000
0.00000000
0.00000000
0.00000000
0.00000000
0.00000000
0.00000000

VECTORS displacement float
-0.000309 0.002076 0.000199
-0.000297 0.000181 -0.000858
-0.000637 0.002275 0.000088
-0.000423 0.003751 0.001081
0.000399 -0.000294 -0.000156
0.000339 -0.000230 -0.000037
0.000335 -0.000142 -0.000242
0.000183 -0.000021 -0.000171
0.000096 -0.000064 0.000010
-0.000955 0.002141 0.000278
0.000115 -0.000029 -0.000042
-0.000738 0.005241 0.002551
-0.000786 0.004986 0.001705
0.000096 -0.000231 0.000006
0.000353 -0.000188 -0.000219
-0.000020 -0.000042 -0.000020
-0.000035 -0.000049 -0.000202
0.000118 -0.000059 -0.000076
-0.000351 0.000130 -0.000191
-0.000410 0.000235 -0.000339
0.000017 -0.000009 -0.000011
-0.000345 0.002201 0.001016
-0.000885 0.004380 0.001256
-0.000028 -0.000635 -0.000043
-0.000163 -0.000363 -0.000051
-0.000047 0.000004 -0.000018
0.000112 -0.000005 -0.000001
0.000030 -0.000066 0.000084
-0.000348 0.001228 -0.000073
0.000094 -0.000146 0.000014
-0.001668 0.004745 0.001815
-0.000701 0.004791 0.003155
0.000021 -0.000001 0.000005
0.000114 0.000061 -0.000101
-0.000219 0.000049 -0.000061
-0.000560 0.001045 -0.000243
0.000059 -0.000080 0.000094
0.000095 -0.000190 0.000157
-0.000470 0.000702 0.000702
-0.002466 0.008213 0.004450
-0.002492 0.008207 0.004466
-0.002569 0.008250 0.004487
-0.000046 -0.000344 -0.000250
-0.000527 0.000624 -0.000171
0.000015 -0.000021 0.000061
0.000093 -0.000107 0.000136
0.000109 -0.000180 0.000027
-0.000313 0.001653 0.001887
-0.002585 0.005633 0.002817
0.000032 -0.000615 0.000034
-0.000249 -0.000233 0.000170
0.000026 0.000065 -0.000089
-0.000507 0.000332 -0.000171
0.000095 -0.000262 0.000133
-0.000358 -0.000190 0.000176
-0.000258 0.003254 0.003233
-0.003008 0.005115 0.002537
-0.002680 0.008278 0.004486
-0.000114 -0.000382 0.000226
0.000018 -0.000403 0.000103
-0.000229 0.000065 -0.000038
-0.000353 0.000146 -0.000099
0.000015 0.000135 -0.000143
-0.000015 -0.000006 -0.000007
-0.000714 0.001102 -0.000126
-0.003211 0.004437 0.001961
-0.000039 -0.000091 0.000077
0.000005 0.000196 -0.000143
-0.000455 0.001180 0.002331
-0.000494 0.002911 0.003347
0.000037 -0.000282 -0.000039
0.000019 0.000146 -0.000149
-0.000063 0.000303 -0.000163
-0.000313 -0.000299 0.000408
-0.002646 0.008265 0.004467
-0.001682 0.005062 0.003726
-0.002496 0.008209 0.004394
0.000010 -0.000057 0.000029
-0.000199 -0.000284 -0.000061
-0.000136 0.000389 -0.000213
-0.000331 -0.000076 -0.000096
0.000010 -0.000002 0.000010
-0.000182 0.000093 -0.000026
-0.000219 0.000042 -0.000010
-0.000222 -0.000029 -0.000093
-0.000068 0.000484 -0.000163
-0.000069 0.000338 -0.000245
-0.001341 0.001637 -0.000008
-0.003653 0.004814 0.002073
-0.003839 0.004742 0.002037
-0.000249 0.000581 -0.000263
-0.000051 0.000070 -0.000206
-0.000251 0.000472 -0.000174
-0.002081 0.002189 0.000079
-0.000853 0.000267 0.001706
-0.001153 0.003123 0.002748
-0.000575 -0.000058 -0.000133
-0.003952 0.003972 0.001252
-0.001143 0.000061 -0.000756
-0.000061 0.000057 -0.000060
-0.001487 0.000569 -0.000780
-0.001450 0.002314 0.001425
-0.000570 -0.000053 0.000704
-0.000373 -0.000092 0.000455
-0.000626 -0.000131 0.000342
-0.002738 0.006137 0.002815
-0.000716 0.000824 -0.000369
-0.000235 0.000256 -0.000440
-0.000317 0.000197 -0.000358
-0.003838 0.003695 0.000892
-0.003779 0.004137 0.001204
-0.002952 0.005094 0.001842
-0.003025 0.006005 0.002438
-0.001083 0.000177 -0.000556
-0.000373 0.000041 -0.000032
-0.003812 0.003657 0.000802
-0.002139 0.003262 0.001144
-0.000292 0.000514 -0.000542
-0.000396 0.000435 -0.000505
-0.000367 0.000240 -0.000304
-0.000467 0.000275 -0.000335
-0.000370 0.000069 -0.000129
-0.002990 0.002449 -0.000408
-0.003594 0.004512 0.001256
-0.000508 0.000680 -0.000556
-0.000542 0.000770 -0.000416
-0.001822 0.000846 -0.000880
-0.000304 0.000121 -0.000183
-0.000348 0.000128 -0.000193
-0.000490 0.000239 -0.000008
-0.003229 0.002316 -0.000647
-0.000655 0.000683 -0.000495
-0.000825 0.000884 -0.000510
-0.001264 0.001156 -0.000581
-0.003459 0.002916 -0.000036
-0.003830 0.003817 0.000674
-0.001543 0.001925 0.000481
-0.002170 0.001228 -0.000848
-0.000666 0.000560 -0.000292
-0.003274 0.002595 -0.000258
-0.002816 0.001839 -0.000530
-0.002415 0.001625 -0.000579
-0.001800 0.001443 -0.000553
-0.002464 0.001717 -0.000472
0.000026 0.000186 -0.000488
0.000077 -0.000003 -0.000073
-0.000269 0.002854 0.000525
-0.000306 0.000243 -0.000069
-0.000572 0.002623 0.000339
-0.000259 0.002454 0.000149
-0.000272 0.003539 0.000829
-0.000410 0.004207 0.001203
0.000378 -0.000210 -0.000125
0.000323 -0.000348 -0.000071
0.000406 -0.000166 -0.000163
0.000288 0.000064 -0.000100
0.000138 -0.000042 -0.000096
0.000113 0.000049 -0.000131
0.000054 0.000052 -0.000105
0.000024 0.000025 -0.000143
-0.000057 0.000082 -0.000352
-0.000212 0.000424 -0.000814
-0.000791 0.000347 -0.001022
-0.000041 0.000031 -0.000080
-0.000004 0.000006 -0.000015
-0.000239 0.001833 0.000442
-0.000401 0.004045 0.001966
-0.000417 0.005133 0.002072
0.000240 -0.000287 -0.000061
0.000463 -0.000141 -0.000218
0.000354 -0.000452 -0.000221
0.000361 0.000045 -0.000169
0.000226 -0.000167 -0.000008
-0.000151 -0.000066 -0.000022
0.000118 0.000018 -0.000036
0.000063 -0.000017 -0.000061
0.000145 -0.000030 -0.000041
-0.000347 0.000109 -0.000235
0.000042 -0.000019 -0.000042
0.000004 0.000036 -0.000060
-0.000395 0.000443 -0.000450
-0.000325 0.000594 -0.000448
0.000001 -0.000016 0.000023
-0.000510 0.001267 -0.000384
-0.001287 0.002870 0.000717
-0.000375 -0.000036 -0.000007
-0.000525 0.003494 0.001983
-0.000988 0.005814 0.003206
-0.001443 0.006788 0.003839
-0.001309 0.006355 0.002808
-0.001428 0.006411 0.002893
-0.001811 0.007305 0.004251
-0.000150 -0.000367 0.000083
0.000235 -0.000415 -0.000043
-0.000037 -0.000191 -0.000060
-0.000009 -0.000203 -0.000045
0.000099 -0.000036 -0.000038
-0.000260 0.000074 -0.000135
-0.000722 0.001031 -0.000349
0.000027 -0.000034 0.000076
-0.000414 0.001772 -0.000395
0.000082 -0.000027 -0.000021
0.000080 -0.000087 0.000048
0.000111 -0.000129 -0.000072
0.000196 -0.000106 0.000029
0.000011 -0.000072 0.000093
0.000019 0.000031 -0.000082
-0.000510 -0.000663 -0.000526
-0.001495 0.003917 0.001384
-0.000561 0.004015 0.002561
-0.001306 0.005295 0.002009
-0.001979 0.005839 0.002632
-0.002585 0.008217 0.004450
-0.002246 0.007572 0.003872
0.000081 -0.000549 -0.000073
0.000054 -0.000374 -0.000018
-0.000103 -0.000147 -0.000041
-0.000166 -0.000052 0.000064
0.000029 -0.000184 -0.000047
0.000040 -0.000146 0.000005
0.000099 0.000041 -0.000047
-0.000218 0.000112 0.000014
0.000055 0.000012 -0.000079
-0.000460 0.000365 -0.000280
-0.000026 -0.000052 0.000125
0.000027 -0.000091 0.000070
0.000056 -0.000037 -0.000018
0.000052 -0.000059 0.000028
-0.001520 0.002040 0.000399
-0.002053 0.002456 0.000720
-0.001870 0.003178 0.000995
-0.000244 0.000041 0.000103
-0.002540 0.008245 0.004469
-0.000073 -0.000454 -0.000126
0.000044 -0.000529 -0.000113
-0.000163 -0.000239 0.000118
0.000048 0.000024 -0.000083
0.000017 0.000070 -0.000090
-0.000012 -0.000004 0.000026
-0.000005 0.000009 -0.000019
0.000042 0.000014 -0.000091
-0.001126 0.001452 -0.000048
-0.000049 -0.000149 0.000167
-0.002241 0.003959 0.001536
-0.000415 0.002713 0.002678
-0.002479 0.004227 0.001721
-0.000996 0.005425 0.003875
-0.002455 0.008203 0.004432
-0.002543 0.008268 0.004451
-0.000393 -0.000535 0.000113
0.000050 -0.000082 0.000038
0.000058 0.000058 -0.000056
-0.002464 0.002384 0.000560
-0.002684 0.002898 0.000861
-0.002962 0.003242 0.001248
-0.000616 0.004141 0.003479
0.000088 -0.000492 0.000005
-0.000078 -0.000153 0.000124
-0.000014 -0.000047 0.000032
-0.000031 -0.000002 0.000026
-0.000011 0.000229 -0.000086
0.000037 0.000148 -0.000121
-0.000020 0.000007 0.000028
0.000034 -0.000122 0.000055
0.000007 -0.000097 0.000067
-0.001113 0.001742 0.000154
0.000010 -0.000264 0.000325
-0.002908 0.002959 0.001027
-0.000474 -0.000174 0.000813
-0.002651 0.003563 0.001431
-0.002949 0.004213 0.001838
-0.003306 0.006852 0.003467
-0.001075 0.005260 0.004037
0.000099 -0.000447 0.000002
-0.000209 -0.000517 0.000044
-0.000190 -0.000101 0.000074
-0.000250 0.000024 -0.000065
-0.000022 0.000238 -0.000121
-0.000441 0.000208 -0.000184
-0.000021 0.000064 -0.000112
-0.000548 0.000497 -0.000240
0.000074 -0.000098 0.000054
0.000015 -0.000113 0.000074
-0.001599 0.002034 0.000530
-0.001918 0.006688 0.004146
-0.002466 0.008203 0.004405
-0.002597 0.008238 0.004455
-0.000069 -0.000310 0.000116
-0.000088 0.000021 0.000109
-0.000090 0.000162 -0.000017
-0.000035 0.000022 -0.000047
-0.000893 0.001426 -0.000057
-0.000013 -0.000049 0.000056
-0.000235 -0.000215 0.000200
-0.002553 0.002415 0.000666
-0.000294 -0.000219 0.000910
-0.000521 -0.000098 0.001568
-0.000421 0.001483 0.002462
-0.003394 0.004233 0.002035
-0.000529 0.002020 0.002720
-0.000500 0.002340 0.003002
-0.002500 0.008236 0.004422
-0.000110 -0.000010 0.000087
-0.000029 -0.000212 0.000058
-0.000063 -0.000364 -0.000053
0.000006 -0.000078 0.000023
-0.000114 0.000294 -0.000129
-0.000357 0.000102 -0.000117
0.000005 0.000007 0.000038
-0.000376 0.000680 -0.000405
-0.000115 -0.000112 0.000144
-0.002188 0.002108 0.000211
-0.000260 -0.000217 0.000213
-0.003572 0.003481 0.001442
-0.000655 0.000227 0.001557
-0.002689 0.008255 0.004430
-0.001173 0.004395 0.003759
-0.002502 0.008222 0.004399
0.000016 -0.000169 -0.000022
-0.000304 -0.000017 -0.000076
-0.000178 0.000352 -0.000188
-0.000389 -0.000006 -0.000091
-0.000055 0.000171 -0.000120
0.000018 0.000269 -0.000188
-0.000576 0.000092 -0.000358
-0.001537 0.002203 0.000200
-0.000107 -0.000162 0.000181
-0.003731 0.003945 0.001739
-0.000557 0.001127 0.002136
-0.003313 0.006346 0.002760
-0.001371 0.004185 0.003467
-0.002312 0.006919 0.004027
-0.002501 0.008207 0.004362
-0.000133 0.000145 -0.000024
-0.000148 0.000138 -0.000008
-0.000380 -0.000003 -0.000081
-0.000072 0.000127 -0.000231
-0.000082 0.000190 -0.000254
-0.000145 0.000355 -0.000255
-0.000797 0.000338 -0.000367
-0.000025 0.000037 0.000054
-0.000099 -0.000094 0.000030
-0.002613 0.002348 0.000434
-0.003820 0.004121 0.001688
-0.000796 0.002432 0.002557
-0.002521 0.008215 0.004370
-0.000023 0.000122 -0.000290
-0.000724 -0.000022 -0.000232
-0.000610 0.000009 -0.000451
-0.001130 0.000510 -0.001202
-0.001024 0.000882 -0.000448
-0.000560 -0.000283 0.000632
-0.003693 0.003612 0.001411
-0.003473 0.005092 0.001748
-0.002645 0.008250 0.004413
-0.002347 0.005758 0.003363
-0.002506 0.008210 0.004325
-0.000068 0.000025 -0.000125
-0.000102 0.000038 0.000063
-0.003293 0.003079 0.000832
-0.003855 0.003818 0.001391
-0.000759 -0.000137 0.001017
-0.000806 -0.000070 0.000872
-0.002606 0.008246 0.004374
-0.001676 0.003232 0.002443
-0.000081 0.000194 -0.000286
-0.000126 0.000270 -0.000375
-0.000166 -0.000008 -0.000034
-0.000265 0.000041 0.000173
-0.002787 0.002362 0.000212
-0.000953 0.000771 0.001271
-0.001108 0.001903 0.001811
-0.000252 0.000555 -0.000302
-0.001039 0.000044 -0.000348
-0.001272 0.000375 -0.000888
-0.000240 0.000153 -0.000326
-0.000221 0.000108 -0.000225
-0.000206 0.000096 -0.000054
-0.002214 0.002328 -0.000024
-0.002426 0.002354 -0.000300
-0.003255 0.006367 0.002663
-0.002564 0.008238 0.004346
-0.000203 0.000417 -0.000391
-0.000461 0.000640 -0.000242
-0.001065 0.000211 -0.000434
-0.000584 0.000756 -0.000416
-0.001777 0.000766 -0.001070
-0.000316 0.000105 -0.000186
-0.000396 0.000048 0.000301
-0.001201 0.001396 0.001078
-0.001647 0.002265 0.001325
-0.000326 0.000694 -0.000380
-0.001489 0.000449 -0.000801
-0.002131 0.001371 -0.001194
-0.002589 0.001866 -0.000717
-0.000409 0.000130 0.000038
-0.002890 0.002352 -0.000035
-0.000446 -0.000010 0.000389
-0.001653 0.002477 0.000951
-0.003600 0.004894 0.001928
-0.002093 0.003969 0.001826
-0.002575 0.004592 0.001722
-0.000653 0.000857 -0.000440
-0.000930 0.000268 -0.000548
-0.000446 0.000399 -0.000511
-0.002438 0.001431 -0.000535
-0.000172 0.000102 0.000022
-0.003143 0.002391 -0.000457
-0.000441 0.000262 0.000113
-0.003817 0.003229 0.000418
-0.001108 0.000866 0.000484
-0.001465 0.001706 0.000845
-0.001777 0.002635 0.000770
-0.003517 0.005107 0.001747
-0.000788 0.000989 -0.000469
-0.001635 0.000638 -0.000866
-0.001164 0.001003 -0.000647
-0.000386 0.000265 -0.000407
-0.001992 0.001137 -0.000725
-0.000500 0.000175 -0.000204
-0.000494 0.000272 -0.000305
-0.002191 0.001861 -0.000588
-0.003680 0.002813 0.000101
-0.000602 0.000502 0.000200
-0.003824 0.003644 0.000665
-0.001117 0.000983 0.000289
-0.003195 0.003766 0.000599
-0.002068 0.002850 0.000698
-0.002442 0.003423 0.000709
-0.002580 0.004150 0.001178
-0.001751 0.001031 -0.000491
-0.001690 0.000993 -0.000653
-0.000816 0.000825 -0.000534
-0.001062 0.001026 -0.000613
-0.002298 0.001555 -0.000786
-0.000610 0.000388 -0.000433
-0.000588 0.000385 -0.000341
-0.002771 0.001720 -0.000585
-0.003120 0.002532 -0.000256
-0.001011 0.000881 0.000099
-0.003689 0.003386 0.000353
-0.003572 0.003201 0.000139
-0.001316 0.001608 0.000208
-0.003448 0.003467 0.000435
-0.002390 0.002891 0.000407
-0.001892 0.001101 -0.000758
-0.001599 0.001290 -0.000671
-0.000735 0.000484 -0.000481
-0.000778 0.000636 -0.000620
-0.001424 0.001219 -0.000659
-0.001081 0.000988 -0.000627
-0.001027 0.000952 -0.000600
-0.002705 0.001528 -0.000501
-0.003018 0.001961 -0.000579
-0.001403 0.001334 -0.000240
-0.001765 0.001640 -0.000158
-0.002252 0.001711 -0.000379
-0.003376 0.002848 -0.000144
-0.003225 0.002949 0.000106
-0.002651 0.002879 0.000295
-0.001848 0.001432 -0.000694
-0.001631 0.001320 -0.000560
-0.001068 0.000919 -0.000515
-0.001753 0.001493 -0.000612
-0.002110 0.001556 -0.000712
-0.002218 0.001454 -0.000647
-0.002156 0.001742 -0.000618
-0.002942 0.002224 -0.000417
-0.002723 0.002381 -0.000340
-0.000191 0.003467 0.000821
0.000328 -0.000292 -0.000126
0.000242 -0.000066 -0.000151
-0.000755 0.003308 0.000778
0.000278 -0.000442 -0.000132
0.000063 -0.000022 -0.000057
0.000060 0.000024 -0.000052
-0.001160 0.003657 0.001222
0.000047 -0.000055 0.000001
0.000065 -0.000085 0.000097
-0.000091 -0.000099 -0.000120
0.000031 0.000188 -0.000041
-0.002611 0.008254 0.004510
0.000127 -0.000363 -0.000207
0.000042 -0.000051 0.000061
-0.000102 0.000041 -0.000011
-0.000015 -0.000031 0.000057
-0.002503 0.008232 0.004447
-0.002573 0.008259 0.004493
0.000038 -0.000521 0.000123
0.000018 -0.000324 0.000060
0.000018 -0.000070 0.000036
-0.002664 0.008275 0.004479
-0.000037 0.000070 -0.000068
-0.003102 0.003481 0.001365
-0.002605 0.008244 0.004492
-0.002525 0.008243 0.004426
-0.002726 0.002451 0.000713
-0.000462 -0.000378 0.000840
-0.002615 0.008234 0.004438
-0.003215 0.003072 0.001132
-0.000699 0.002560 0.002878
-0.001944 0.005451 0.003596
-0.000861 0.000087 -0.000490
-0.000547 -0.000504 0.000880
-0.000656 0.001938 0.002594
-0.002584 0.008240 0.004404
-0.000297 -0.000204 0.000363
-0.002540 0.008231 0.004370
0.000010 0.000168 -0.000272
-0.000113 0.000120 -0.000065
-0.000252 -0.000077 0.000244
-0.002106 0.004644 0.002825
-0.000263 0.000458 -0.000247
-0.002070 0.001952 -0.000222
-0.000245 0.000548 -0.000375
-0.001341 0.000879 -0.001124
-0.000490 -0.000058 0.000479
-0.000263 0.000150 -0.000271
-0.002354 0.001254 -0.000769
-0.000221 0.000411 -0.000437
-0.000339 0.000106 -0.000156
-0.002408 0.001781 -0.000711
-0.001475 0.001596 0.001160
-0.000336 0.000146 0.000086
-0.003819 0.003203 0.000499
-0.002181 0.003126 0.000972
-0.002668 0.001705 -0.000674
-0.002473 0.001402 -0.000622
-0.000276 0.000132 0.000089
0.000259 -0.000422 -0.000028
-0.000106 0.004003 0.001293
-0.000354 0.004941 0.001705
-0.000521 0.005593 0.002402
-0.000114 -0.000006 0.000040
0.000151 -0.000555 -0.000129
-0.000051 -0.000473 -0.000030
-0.000355 0.000418 -0.000255
-0.000696 0.005341 0.003017
0.000042 -0.000019 -0.000029
0.000133 0.000085 -0.000157
0.000069 0.000188 -0.000092
-0.000706 0.003361 0.002731
-0.000758 0.004603 0.003419
-0.001019 0.006124 0.003661
-0.000010 -0.000401 -0.000036
0.000055 0.000118 -0.000120
-0.000037 0.000164 -0.000014
-0.000266 0.000086 -0.000074
0.000165 -0.000062 -0.000014
-0.000055 -0.000438 0.000199
-0.002560 0.008245 0.004447
-0.000113 -0.000067 0.000102
-0.002572 0.008241 0.004425
-0.000073 -0.000111 0.000101
-0.000200 -0.000069 -0.000035
-0.000251 0.000058 -0.000184
0.000066 0.000177 -0.000165
-0.002643 0.008252 0.004432
-0.002337 0.002184 0.000125
-0.000686 -0.000226 0.001380
-0.002530 0.008238 0.004393
-0.000385 0.000333 -0.000068
-0.000802 0.000149 -0.000415
-0.002928 0.002653 0.000680
-0.002531 0.008227 0.004362
-0.000860 0.001252 0.001918
-0.003461 0.006349 0.002658
-0.002640 0.008254 0.004414
-0.000144 -0.000050 0.000053
-0.000381 -0.000166 0.000449
-0.000164 0.000450 -0.000314
-0.002402 0.002233 -0.000124
-0.002796 0.002338 0.000002
-0.003329 0.002867 0.000547
-0.003732 0.003504 0.001120
-0.001130 0.000614 0.000944
-0.002530 0.008218 0.004303
-0.003295 0.002625 0.000191
-0.000346 0.000496 -0.000538
-0.000924 0.001031 -0.000470
-0.001925 0.000886 -0.001144
-0.003007 0.004840 0.001462
-0.000843 0.000899 -0.000500
-0.002010 0.002199 0.000082
-0.000976 0.000745 -0.000561
-0.001241 0.001139 -0.000550
-0.001188 0.001117 -0.000238
0.000244 0.000137 -0.000155
0.000200 -0.000111 -0.000135
-0.000359 -0.000819 0.000141
-0.002744 0.004803 0.002234
-0.000231 -0.000253 0.000093
-0.002513 0.008240 0.004445
-0.001068 0.000058 -0.000874
-0.000303 -0.000054 0.000287
-0.000181 0.000275 -0.000326
-0.000391 0.000065 0.000099
-0.000385 0.000158 0.000313
-0.000469 0.000201 0.000302
-0.002226 0.002352 0.000020
-0.001972 0.001461 -0.000657
-0.000154 0.001790 -0.000324
0.000339 -0.000179 -0.000074
0.000235 -0.000029 -0.000162
0.000197 -0.000040 -0.000057
-0.000006 -0.000033 -0.000009
0.000131 0.000011 -0.000090
-0.000077 -0.000096 -0.000114
0.000029 -0.000038 0.000023
-0.000090 0.000035 -0.000012
0.000057 -0.000047 -0.000007
0.000101 -0.000066 0.000044
-0.002135 0.004486 0.001873
-0.000291 0.000166 -0.000019
0.000001 0.000021 -0.000034
-0.001720 0.001857 0.000315
-0.002629 0.008262 0.004444
-0.000317 0.002572 0.002837
-0.002906 0.006588 0.003564
-0.000005 0.000186 -0.000102
-0.000006 0.000102 -0.000098
-0.000032 -0.000076 0.000022
-0.000121 -0.000136 0.000146
-0.002062 0.001893 0.000287
-0.002485 0.002296 0.000452
-0.000705 0.003956 0.003656
-0.000024 0.000076 -0.000092
-0.000472 0.000190 -0.000194
-0.000294 -0.000236 0.000298
-0.002708 0.008249 0.004476
0.000000 -0.000031 0.000073
0.000006 0.000146 -0.000199
-0.000816 0.003295 0.003199
-0.000254 0.000256 -0.000134
-0.000264 -0.000204 0.000374
-0.000466 -0.000183 0.000610
-0.002617 0.008257 0.004368
-0.001844 0.003022 0.001681
-0.000194 0.000280 -0.000336
-0.002266 0.001500 -0.000455
-0.003839 0.004281 0.001468
-0.002526 0.008225 0.004314
-0.000261 0.000112 -0.000148
-0.000391 0.000078 0.000193
-0.000776 0.000219 0.000464
-0.000249 0.000449 -0.000534
-0.000341 0.000588 -0.000509
-0.000352 0.000197 -0.000123
-0.003493 0.003002 0.000102
-0.002679 0.003467 0.000673
-0.000616 0.000545 -0.000498
-0.001631 0.001652 -0.000051
-0.002503 0.001472 -0.000529
-0.002700 0.001759 -0.000524
-0.000077 -0.000936 -0.000238
-0.002496 0.008217 0.004417
-0.000237 -0.000317 0.000047
-0.000523 0.000060 -0.000460
-0.002452 0.002161 0.000221
-0.000609 -0.000305 0.000916
-0.003408 0.005547 0.002329
-0.001859 0.002200 0.000347
-0.000882 0.000826 -0.000622
-0.000277 -0.000432 0.000056
-0.001640 0.004272 0.003078
-0.000600 0.000865 -0.000277
-0.003173 0.003465 0.001301
-0.000354 0.000030 0.000012
-0.000217 0.000460 -0.000467
-0.000495 0.003038 0.000957
0.000146 -0.000247 -0.000033
-0.000736 0.003280 0.002090
0.000063 -0.000230 -0.000044
-0.000028 -0.000483 -0.000114
-0.000018 -0.000267 -0.000034
-0.000363 0.000271 -0.000125
-0.002085 0.002089 0.000290
-0.002075 0.002521 0.000318
-0.000356 0.000033 0.000213
-0.000361 -0.000072 0.000313
-0.000844 0.000657 -0.000486
-0.003047 0.002960 0.000188
-0.001363 0.001158 -0.000627
-0.002951 0.002493 -0.000391
0.000239 -0.000127 -0.000151
0.000019 0.000014 -0.000094
0.000031 -0.000013 -0.000052
-0.000188 0.000462 -0.000408
-0.003452 0.002478 -0.000123
-0.000897 0.000326 0.000174
0.000071 -0.000014 -0.000296
-0.002635 0.002472 -0.000016
-0.001454 0.002345 0.000598
-0.000502 0.000441 -0.000302
-0.003476 0.002433 -0.000156
-0.003594 0.003727 0.000760
-0.002031 0.001087 -0.000830
-0.000432 0.001447 -0.000383
0.000201 0.000046 -0.000080
-0.000261 0.004206 0.001267
0.000054 -0.000034 -0.000031
0.000179 0.000030 -0.000052
-0.002597 0.008216 0.004468
-0.000064 -0.000037 0.000034
-0.002952 0.002536 0.000465
-0.000097 0.000245 -0.000059
-0.001568 0.000668 -0.000758
-0.003535 0.002478 -0.000248
-0.000267 0.000532 -0.000501
-0.001229 0.004314 0.001564
0.000066 -0.000594 0.000040
-0.000273 -0.000418 0.000473
-0.003484 0.005305 0.002609
-0.000527 -0.000379 0.000904
-0.002552 0.008235 0.004391
-0.001494 0.000588 -0.000817
-0.003773 0.004388 0.001109
-0.000485 0.000366 -0.000167
-0.001251 0.001108 -0.000498
0.000091 0.000150 -0.000106
-0.002509 0.008228 0.004462
-0.000212 -0.000185 0.000316
-0.000443 0.000116 -0.000038
-0.000900 0.000885 -0.000249
-0.003634 0.002802 0.000215
-0.000289 -0.000424 0.000596
-0.000027 0.000001 -0.000062
-0.000176 0.000209 -0.000072
-0.000661 0.000597 -0.000072
-0.000061 0.000030 0.000004
-0.003061 0.005914 0.002849
-0.000224 0.000508 -0.000275
-0.000128 -0.000113 -0.000002
-0.001598 0.006576 0.004176
-0.001133 0.001691 0.000064
-0.000287 -0.000153 -0.000402
0.000225 -0.000306 -0.000048
-0.003613 0.003131 0.000600
-0.000075 -0.000024 -0.000265
0.000037 -0.000052 0.000024
-0.000466 0.000355 0.000040
-0.002668 0.002336 -0.000429
-0.002541 0.007022 0.003571
-0.000391 0.000238 -0.000334
0.000084 -0.000038 0.000080
-0.002879 0.006163 0.003015
0.000322 -0.000071 -0.000151
-0.000638 0.001158 -0.000408
-0.000424 0.000006 -0.000197
-0.001863 0.001483 -0.000500
-0.003490 0.004367 0.001032
-0.000915 0.001341 -0.000144
-0.001014 0.001397 0.000244
-0.000884 0.002167 0.001377
-0.001611 0.002946 0.001062
-0.000404 0.000474 -0.000317
-0.000562 0.000630 0.000403
-0.000379 0.000460 -0.000125
-0.000632 0.000873 -0.000014
-0.001845 0.001816 0.000040
-0.001760 0.003542 0.001459
-0.000127 0.000488 0.000455
-0.002465 0.003138 0.000890
-0.002035 0.003779 0.001407
-0.000090 0.000108 -0.000217
-0.000567 0.001333 0.000545
-0.000992 0.000831 -0.000373
-0.001335 0.001777 0.000499
-0.000027 -0.000142 -0.000118
-0.002064 0.002392 0.000384
-0.001556 0.003783 0.001786
-0.000734 0.002176 0.002027
-0.000234 0.000143 -0.000316
-0.001007 0.001635 0.000168
-0.000330 0.000555 0.000920
-0.001331 0.001280 -0.000109
-0.000175 0.000432 0.000124
-0.001084 0.003043 0.000902
-0.000281 0.000393 -0.000130
-0.001168 0.003669 0.002319
-0.002259 0.005483 0.002395
-0.000328 0.000351 -0.000021
-0.000412 0.000452 -0.000392
-0.002111 0.005314 0.002525
-0.001044 0.000998 -0.000227
-0.000593 0.001629 0.001052
-0.001806 0.003825 0.001692
-0.001282 0.001861 0.000469
-0.001058 0.001578 0.000836
-0.001752 0.001511 -0.000275
-0.000043 0.000168 0.000127
-0.002163 0.005809 0.002765
-0.000684 0.000847 0.000212
-0.000679 0.000785 -0.000085
-0.000747 0.002160 0.000776
-0.000930 0.001806 0.000821
-0.000198 0.000317 -0.000183
-0.000002 -0.000291 -0.000046
-0.000844 0.000499 -0.000504
-0.000161 0.000334 -0.000103
-0.001391 0.001515 0.000036
-0.001954 0.002504 0.000661
-0.000172 0.000309 -0.000159
-0.002751 0.002602 0.000341
-0.000767 0.000967 -0.000110
-0.000223 0.000318 -0.000311
-0.002034 0.002998 0.000848
-0.001883 0.003029 0.001040
-0.001457 0.001088 -0.000420
-0.000493 0.000267 0.000369
-0.000804 0.000727 -0.000239
-0.002303 0.004348 0.001804
-0.000599 0.000548 -0.000534
-0.000008 0.000372 0.000324
-0.000185 0.000528 0.000116
-0.000356 0.000919 0.000132
-0.001468 0.004330 0.002416
-0.002026 0.001721 -0.000197
-0.000356 0.001230 0.001226
-0.000560 0.000481 -0.000282
-0.002014 0.001985 -0.000032
-0.000676 0.000957 0.001158
-0.001318 0.002493 0.000983
-0.002763 0.003267 0.000819
-0.000774 0.000821 0.000040
-0.001399 0.002500 0.000575
-0.000302 0.000174 -0.000019
-0.000080 0.000261 -0.000142
-0.000010 0.000129 -0.000041
-0.001086 0.001290 0.000350
-0.000174 0.000156 0.000263
-0.000259 0.000443 -0.000392
-0.002752 0.003511 0.001272
-0.001134 0.002232 0.001505
-0.001384 0.003229 0.001589
-0.002478 0.004661 0.002040
-0.000158 0.000391 -0.000048
-0.002247 0.004687 0.001879
0.000084 0.000025 -0.000094
-0.001675 0.002433 0.000760
-0.002274 0.005992 0.002859
-0.000906 0.003121 0.001776
-0.000286 0.000160 -0.000295
-0.000742 0.000681 -0.000449
-0.000106 -0.000026 -0.000127
-0.000566 0.001044 0.000373
-0.000391 0.000258 0.000087
-0.002067 0.006043 0.002805
-0.000546 0.001087 0.000764
-0.000379 0.001403 0.000725
-0.002198 0.002282 0.000363
-0.000978 0.004106 0.001567
-0.001583 0.002333 0.000710
-0.001483 0.001692 0.000193
-0.001438 0.004193 0.001585
-0.001271 0.001234 0.000033
-0.000459 0.000305 -0.000628
0.000035 -0.000036 -0.000046
-0.000550 0.000626 -0.000145
-0.000800 0.000885 -0.000148
-0.002495 0.006312 0.002863
-0.000812 0.000923 -0.000067
-0.000076 0.000143 0.000067
-0.000904 0.001755 0.000567
0.000027 -0.000524 0.000016
-0.000081 0.000218 -0.000209
-0.000621 0.000591 -0.000296
-0.000452 0.001728 0.000268
-0.001165 0.001247 0.000005
-0.002275 0.002138 -0.000007
-0.002149 0.002535 0.000472
-0.000437 0.000618 0.001392
-0.000322 0.000095 0.000497
-0.000086 0.000139 0.000456
-0.000117 0.000023 -0.000139
0.000030 -0.000213 -0.000078
-0.000763 0.001097 0.000211
0.000062 0.000144 0.000262
-0.001149 0.001018 -0.000388
-0.002000 0.005903 0.002915
-0.001816 0.001919 0.000111
-0.000409 0.000508 -0.000182
-0.002637 0.002250 -0.000106
-0.001546 0.002202 0.000581
-0.000045 0.000493 0.000621
-0.002399 0.004153 0.001688
-0.002093 0.002964 0.000938
-0.002402 0.005553 0.002597
-0.000035 0.000192 -0.000165
-0.002430 0.003797 0.001327
-0.001845 0.004210 0.001849
-0.000024 0.000243 -0.000035
0.000074 0.000450 0.000193
-0.000783 0.001891 0.000203
-0.001174 0.000729 -0.000560
-0.001413 0.002741 0.001106
-0.001263 0.001635 0.000309
-0.000039 0.000074 -0.000146
-0.001907 0.001862 -0.000004
-0.000430 0.000473 -0.000373
-0.000246 0.000470 0.000357
-0.002187 0.001723 -0.000391
-0.000067 0.000238 -0.000204
-0.001971 0.002601 0.000628
-0.003025 0.003262 0.000825
-0.003095 0.003865 0.001413
-0.000741 0.000513 0.000568
-0.000031 0.000621 0.000503
-0.001018 0.002073 0.000581
-0.001532 0.002638 0.001262
-0.001018 0.001814 0.000864
-0.002099 0.006058 0.003036
-0.001250 0.001154 -0.000162
0.000130 -0.000104 -0.000067
-0.000097 0.000217 -0.000026
-0.001114 0.003101 0.002521
-0.001222 0.000964 -0.000579
-0.000506 0.000531 -0.000347
-0.001867 0.005274 0.002702
-0.001809 0.004228 0.001853
-0.000045 0.000247 -0.000021
-0.001418 0.001468 0.000046
-0.000034 -0.000247 0.000010
-0.000290 0.000232 -0.000177
-0.000866 0.003275 0.001300
-0.001869 0.003695 0.001487
-0.001274 0.001107 -0.000287
-0.001874 0.001501 -0.000355
-0.000360 0.000479 -0.000353
-0.000381 0.000551 -0.000094
-0.001017 0.002103 0.000936
-0.000682 0.001004 0.000798
-0.001996 0.003670 0.001524
-0.002827 0.003028 0.000542
-0.000339 0.000390 0.000079
-0.001340 0.000945 -0.000540
-0.002824 0.004649 0.001987
-0.000935 0.000758 -0.000323
-0.001918 0.003289 0.001051
-0.000986 0.000524 -0.000641
-0.001428 0.001818 0.000191
-0.000884 0.004071 0.001293
-0.000279 0.000497 0.000241
-0.002521 0.005975 0.002524
-0.001003 0.001690 0.000556
-0.000275 0.000611 -0.000134
-0.000249 0.000341 -0.000226
-0.000821 0.002565 0.002185
-0.000411 0.000260 -0.000388
-0.000931 0.001461 0.000247
-0.002405 0.006907 0.003316
0.000077 -0.000048 -0.000108
-0.000727 0.001199 -0.000149
-0.000380 0.001002 0.000638
-0.001272 0.004201 0.003041
-0.000013 0.000129 -0.000041
-0.000423 0.000227 0.000840
-0.000208 0.000259 -0.000284
-0.000378 0.000587 -0.000001
-0.000876 0.001859 0.001899
-0.001598 0.001856 0.000265
-0.000445 0.001404 0.000988
-0.000678 0.000592 -0.000206
0.000027 0.000209 0.000146
-0.001543 0.001239 -0.000393
-0.000248 0.000307 -0.000146
-0.001905 0.004106 0.002014
-0.000018 0.000199 -0.000129
0.000019 -0.000551 0.000043
-0.000094 -0.000215 -0.000051
-0.000888 0.001110 0.000299
-0.000541 0.001098 -0.000125
-0.000046 -0.000075 -0.000033
-0.001889 0.002900 0.000932

VECTORS velocity float
-0.010174 0.024599 0.005266
-0.004835 -0.002386 -0.008613
-0.015977 0.038471 0.007878
-0.021049 0.061891 0.020687
-0.022763 0.035468 0.005021
0.062639 -0.085004 -0.001451
-0.034946 0.037288 0.010920
0.059879 -0.026379 -0.031754
-0.000370 -0.000270 0.001240
-0.020670 0.037061 0.008014
-0.000386 0.000248 -0.000205
-0.029045 0.047782 0.042302
-0.028843 0.079239 0.039013
-0.053943 0.006979 -0.046040
0.037114 0.072837 -0.070886
-0.041895 -0.038678 -0.044514
0.001599 0.000720 0.002743
0.000707 -0.000771 0.002494
0.000433 -0.003899 -0.001032
-0.003323 -0.001396 0.003515
-0.001642 0.000779 0.000123
-0.012005 0.029899 0.020014
-0.029186 0.071094 0.025148
0.034070 0.017508 -0.027215
-0.011138 -0.011841 0.001596
-0.060733 -0.031188 -0.009730
-0.003401 0.005005 -0.012192
-0.000735 -0.000747 0.002096
-0.011216 0.023605 0.002205
-0.000393 -0.001148 0.000377
-0.040008 0.068411 0.045389
-0.029364 0.052708 0.037035
0.058275 0.041990 -0.038982
-0.024173 -0.009730 0.022698
-0.135962 -0.038956 -0.061801
-0.014589 0.018847 -0.007256
-0.000641 -0.000149 0.000506
-0.000598 -0.001205 0.000936
-0.008967 0.012508 0.008553
0.000000 0.000000 0.000000
0.000000 0.000000 0.000000
0.000000 0.000000 0.000000
-0.019498 0.032167 0.078844
-0.017894 0.011220 -0.008348
-0.000494 0.000058 0.001644
-0.000662 -0.000928 0.002387
-0.000283 -0.001458 0.000648
-0.014067 0.021460 0.025722
-0.053334 0.074893 0.041716
-0.047709 -0.059824 0.034516
-0.025777 -0.048926 0.047906
-0.003023 -0.002980 0.002886
-0.014403 0.002648 -0.005042
-0.000456 -0.002141 0.001056
-0.005633 -0.002146 -0.000291
-0.020507 0.042783 0.054472
-0.065302 0.074098 0.030681
0.000000 0.000000 0.000000
-0.005271 -0.042819 0.031568
0.002329 -0.008286 -0.000102
-0.007713 0.048543 -0.028475
-0.017434 0.041458 0.003332
-0.002014 -0.002168 0.002530
-0.000720 0.000077 0.000614
-0.020592 0.020843 -0.006828
-0.064972 0.070255 0.038224
-0.005555 0.024408 0.002900
-0.002345 0.000647 0.001657
-0.015044 0.017884 0.032370
-0.022335 0.042212 0.058560
-0.007807 -0.007665 -0.010075
-0.002025 0.001845 -0.000426
-0.005147 0.007239 -0.000932
-0.006733 -0.004357 0.005391
0.000000 0.000000 0.000000
-0.019776 0.050080 0.044969
0.000000 0.000000 0.000000
-0.000905 0.008017 -0.005762
-0.007888 -0.002348 -0.003930
-0.006629 0.004417 0.001142
-0.006307 0.001138 -0.001588
0.000136 0.000326 0.000752
-0.004931 -0.003711 0.004078
-0.007653 0.005026 0.001615
-0.008594 0.005390 -0.003569
-0.005387 0.005174 0.000508
-0.004749 0.006111 -0.002694
-0.031779 0.025353 -0.002465
-0.060057 0.067040 0.022180
-0.055248 0.061374 0.031540
-0.010082 0.009690 -0.001726
-0.001958 0.001353 -0.003013
-0.006725 0.006998 -0.002052
-0.048004 0.032543 -0.001552
-0.015062 0.003535 0.033444
-0.027310 0.039223 0.053038
-0.011192 0.000150 -0.001393
-0.063417 0.052702 0.014176
-0.021917 -0.000547 -0.009896
-0.000421 -0.001333 -0.001503
-0.032751 0.006189 -0.009482
-0.024216 0.025330 0.040027
-0.010584 -0.005379 0.017566
-0.006564 -0.007758 0.011954
-0.010452 -0.007896 0.009172
-0.028291 0.027744 0.029084
-0.014172 0.012175 -0.005611
-0.004009 0.003341 -0.005929
-0.001412 0.000244 -0.003315
-0.062137 0.049035 0.011755
-0.058087 0.055846 0.015672
-0.044062 0.029372 0.039907
-0.035702 0.011678 0.026478
-0.021702 0.002322 -0.008078
-0.001241 -0.000670 0.000790
-0.060756 0.048965 0.012339
-0.034970 0.038815 0.030841
-0.006031 0.007367 -0.007364
-0.006462 0.005897 -0.007058
-0.002958 0.001667 -0.003805
-0.005032 0.002020 -0.003307
-0.001689 0.000441 -0.000893
-0.054409 0.032352 -0.005020
-0.042578 0.051079 0.025974
-0.007868 0.008687 -0.007830
-0.010806 0.011755 -0.006161
-0.035074 0.011715 -0.012906
-0.001240 0.001927 -0.002037
-0.001452 0.001161 -0.001634
-0.002395 -0.001861 0.003433
-0.055877 0.027048 -0.007860
-0.008507 0.007909 -0.007382
-0.013636 0.011687 -0.006858
-0.023263 0.015815 -0.008191
-0.057544 0.039025 0.002772
-0.055457 0.045756 0.009750
-0.021788 0.018665 0.020853
-0.036033 0.016290 -0.009991
-0.009199 0.003226 0.000058
-0.053241 0.033307 -0.000705
-0.044522 0.022872 -0.004622
-0.035638 0.017325 -0.003751
-0.024963 0.012179 -0.003982
-0.036081 0.018539 -0.003069
-0.003917 0.002012 -0.003901
-0.000650 0.000377 -0.000106
-0.015320 0.044836 0.012447
-0.006506 0.002524 -0.001276
-0.018631 0.041859 0.010629
-0.011324 0.033582 0.007103
-0.014059 0.051904 0.016234
-0.021269 0.076356 0.022900
0.007407 0.004832 0.037606
0.140674 -0.340944 -0.048759
-0.056374 0.057830 0.017876
0.028538 0.029138 -0.063692
0.113932 -0.043812 -0.085275
0.059474 -0.000144 -0.001103
0.035232 0.003250 -0.012254
0.001782 -0.000724 0.003873
-0.002015 0.000364 -0.000033
-0.002760 0.003365 -0.007215
-0.013205 -0.003288 -0.008629
-0.001801 0.000229 -0.000399
-0.002088 0.000878 -0.001007
-0.008655 0.025534 0.010380
-0.024041 0.045695 0.035974
-0.025977 0.068834 0.028303
0.073187 0.001394 -0.136857
-0.045032 0.055091 -0.044154
0.011683 0.033318 -0.090536
0.031656 0.010171 -0.054770
-0.092721 -0.022693 -0.105262
0.008555 -0.012784 -0.040275
0.005552 0.000028 -0.000819
-0.020732 -0.003264 0.003973
0.000356 -0.000933 0.002656
0.000966 -0.001341 0.003089
-0.000630 -0.001126 0.002863
-0.001189 -0.000377 0.001259
-0.004405 0.002621 -0.001868
-0.007210 0.006163 -0.003694
-0.001248 0.000084 0.001467
-0.012888 0.019327 -0.003692
-0.026348 0.049662 0.020314
-0.004371 -0.001712 0.000683
-0.022324 0.040562 0.032131
-0.032893 0.049855 0.040959
-0.040285 0.046851 0.027618
-0.026503 0.062292 0.046786
-0.039073 0.074851 0.055537
-0.017491 0.028535 0.032105
-0.012561 -0.000963 -0.007939
0.014202 -0.046531 0.017154
-0.106076 -0.012698 -0.041998
-0.211373 -0.178314 -0.098251
-0.241159 0.019702 -0.012503
-0.024570 -0.000985 -0.011640
-0.017096 0.015694 -0.003607
-0.000895 0.000266 0.000826
-0.012184 0.026539 -0.005316
-0.001258 0.000615 -0.000178
-0.000850 -0.000591 0.002215
-0.000292 -0.000288 -0.001183
0.000153 -0.000402 0.000210
-0.002062 -0.000214 0.000723
-0.001845 0.000856 -0.000810
0.001610 -0.010300 -0.007514
-0.034899 0.066034 0.023955
-0.026222 0.051607 0.038906
-0.035689 0.076807 0.046979
-0.060043 0.071531 0.041897
0.000000 0.000000 0.000000
-0.002535 0.040500 0.028828
0.057701 0.010785 -0.087542
0.058864 -0.002335 -0.068205
0.017824 0.011713 0.003798
-0.008368 -0.035322 0.040061
0.056083 -0.028021 -0.020560
0.027324 -0.128865 0.011850
0.058336 -0.036549 -0.004316
-0.049914 0.020970 0.008050
0.004196 -0.001925 0.001179
-0.014698 -0.001378 -0.015374
-0.001291 0.000235 0.001622
-0.000608 -0.000037 0.000620
-0.001155 0.000608 0.000943
-0.000981 -0.000190 0.002376
-0.031600 0.036194 0.009880
-0.038100 0.040178 0.013230
-0.038646 0.048255 0.023357
-0.006566 0.000938 -0.000673
0.000000 0.000000 0.000000
-0.013333 0.005951 0.009499
-0.058495 0.000102 0.024697
-0.029067 -0.015559 0.007414
-0.006856 -0.001535 0.006783
-0.007825 0.000389 0.006704
-0.001549 0.000386 0.001713
0.000093 -0.000462 0.001685
-0.002186 0.000287 0.002276
-0.024024 0.027448 0.000257
-0.002025 -0.000558 0.000767
-0.053289 0.057532 0.027120
-0.018466 0.035767 0.040333
-0.066337 0.060364 0.041915
-0.012225 0.055815 0.047495
0.000000 0.000000 0.000000
0.000000 0.000000 0.000000
0.035940 -0.007542 0.019341
0.000090 -0.001094 0.000842
-0.001192 -0.002282 0.001425
-0.043455 0.040161 0.012718
-0.047465 0.044513 0.015608
-0.057737 0.050730 0.025608
-0.014824 0.037652 0.050507
0.008634 -0.010942 0.003031
0.012802 0.030809 -0.026397
-0.007631 -0.045909 0.025793
-0.016841 0.009678 -0.006797
0.017122 0.000871 -0.006381
-0.005329 -0.000901 0.002433
-0.000457 0.000215 0.000867
-0.000756 -0.000935 0.001319
-0.001041 -0.000785 0.001160
-0.029068 0.030382 0.003622
-0.001499 -0.003416 0.003132
-0.054915 0.047145 0.018085
-0.008759 -0.003564 0.006188
-0.054048 0.058273 0.025072
-0.061993 0.072025 0.038290
-0.021080 0.051220 0.016020
-0.025893 0.044224 0.036626
0.010418 -0.032894 0.006143
-0.000449 -0.005180 0.002994
-0.015332 0.026678 -0.024045
-0.009530 0.020660 -0.004799
0.001059 0.005366 -0.003310
-0.011025 0.016581 0.002352
-0.001536 0.000861 -0.000077
-0.018583 0.011562 -0.003335
-0.000265 -0.001073 0.001025
-0.000855 -0.001782 0.001562
-0.036809 0.036178 0.006234
-0.006960 0.031750 0.027099
0.000000 0.000000 0.000000
0.000000 0.000000 0.000000
0.007210 -0.006874 -0.001493
-0.008095 -0.014884 0.004912
-0.012002 0.051652 -0.017348
-0.001374 0.000244 0.000334
-0.023157 0.024097 0.000357
-0.000553 -0.000507 0.000879
-0.004642 -0.002648 0.002331
-0.048589 0.040372 0.012466
-0.007700 -0.004580 0.010627
-0.012461 -0.000118 0.017436
-0.016905 0.021310 0.040229
-0.064286 0.071480 0.032753
-0.020651 0.027615 0.044013
-0.022911 0.035421 0.056010
0.000000 0.000000 0.000000
-0.001341 0.004576 -0.000844
0.001980 0.002793 -0.001302
-0.005703 0.026090 -0.008233
-0.003269 0.031168 -0.009733
-0.003164 0.003062 -0.000525
-0.003208 0.015015 0.002128
-0.000658 0.000500 0.000721
-0.011689 0.014592 -0.007187
-0.002419 -0.003045 0.002921
-0.041433 0.035920 0.005429
-0.004339 -0.004463 0.003426
-0.068709 0.054425 0.022722
-0.015108 0.001651 0.025807
0.000000 0.000000 0.000000
-0.027888 0.053242 0.048394
0.000000 0.000000 0.000000
-0.006151 0.006947 -0.006582
-0.008208 -0.003878 -0.002285
-0.007934 0.002054 0.001227
-0.006133 0.005420 0.000361
-0.001842 0.003836 -0.001265
-0.002646 0.003967 0.000675
-0.012110 0.006892 -0.005516
-0.038360 0.035675 0.001860
-0.002403 -0.003886 0.003746
-0.069066 0.058677 0.020509
-0.015937 0.016841 0.038058
-0.025709 0.049750 0.011828
-0.026842 0.051440 0.043722
-0.011435 0.025110 0.021663
0.000000 0.000000 0.000000
-0.005537 0.001918 0.001234
-0.005131 0.004597 -0.000165
-0.013232 -0.001838 -0.002334
-0.002005 0.002299 -0.003884
-0.002589 0.005099 -0.002695
-0.006567 0.004572 -0.001852
-0.018420 0.005764 -0.000195
0.000455 -0.000099 0.000632
-0.001419 -0.002261 0.000514
-0.049838 0.038200 0.005628
-0.065771 0.060984 0.022611
-0.017564 0.031966 0.053096
0.000000 0.000000 0.000000
-0.001957 0.002218 -0.004715
-0.018712 -0.001904 -0.005298
-0.012173 0.002522 -0.003477
-0.026147 0.005525 -0.016452
-0.025649 0.015995 -0.003494
-0.009632 -0.006607 0.008823
-0.066272 0.053986 0.021921
-0.053932 0.054272 0.024899
0.000000 0.000000 0.000000
-0.021095 0.048136 0.039392
0.000000 0.000000 0.000000
-0.000935 0.000351 -0.001509
-0.000607 -0.000274 0.001757
-0.059982 0.047386 0.012366
-0.067790 0.055854 0.018942
-0.012286 -0.008243 0.020179
-0.014483 -0.004578 0.021228
0.000000 0.000000 0.000000
-0.024050 0.048332 0.039765
-0.002580 0.003236 -0.003586
-0.003713 0.004018 -0.005090
-0.001880 -0.001658 0.000673
-0.002617 -0.002791 0.003827
-0.053121 0.036799 0.003338
-0.017084 0.006938 0.029067
-0.018889 0.022391 0.045493
-0.007527 0.009058 -0.003626
-0.021436 0.000010 -0.004953
-0.025281 0.004563 -0.012869
-0.002863 0.001293 -0.004454
-0.002429 -0.000150 -0.004311
-0.002441 -0.000808 -0.000142
-0.049644 0.033929 -0.003472
-0.052804 0.033450 -0.006986
-0.029864 0.024030 0.027202
0.000000 0.000000 0.000000
-0.005409 0.006899 -0.005889
-0.011442 0.010838 -0.003047
-0.020955 0.002109 -0.006777
-0.011735 0.010443 -0.005531
-0.035925 0.009173 -0.016147
-0.003272 0.000933 -0.002003
-0.004245 -0.005971 0.007410
-0.017558 0.013111 0.032454
-0.024502 0.024951 0.039454
-0.008374 0.010667 -0.004795
-0.030714 0.008434 -0.012075
-0.042968 0.016870 -0.018342
-0.051623 0.023431 -0.012000
-0.002411 -0.002150 0.003364
-0.057605 0.034134 -0.002717
-0.005648 -0.007373 0.009919
-0.023419 0.027873 0.031072
-0.042953 0.032527 0.024467
-0.042701 0.050423 0.038404
-0.041702 0.047481 0.040455
-0.013778 0.013263 -0.006735
-0.016942 0.004530 -0.008488
-0.006248 0.004728 -0.006464
-0.046701 0.017478 -0.008071
-0.002532 -0.001467 0.003954
-0.056385 0.030425 -0.007083
-0.004935 -0.003782 0.006278
-0.061499 0.045420 0.007080
-0.014547 0.005552 0.019749
-0.019470 0.017814 0.029392
-0.027265 0.029017 0.027051
-0.037319 0.046335 0.028683
-0.016034 0.015249 -0.007238
-0.031280 0.008892 -0.013006
-0.021227 0.014730 -0.009888
-0.004616 0.002699 -0.004886
-0.036025 0.014519 -0.009837
-0.002478 0.000514 -0.000705
-0.005652 0.001862 -0.002566
-0.043636 0.025851 -0.008712
-0.060567 0.038835 0.001060
-0.010240 0.000204 0.008244
-0.057622 0.045363 0.008339
-0.014856 0.007236 0.014702
-0.046763 0.033251 0.015625
-0.033221 0.031205 0.024416
-0.038461 0.040643 0.024601
-0.041455 0.051087 0.033082
-0.028269 0.011729 -0.006741
-0.030380 0.013946 -0.009154
-0.011933 0.010149 -0.007070
-0.018227 0.013357 -0.007895
-0.043787 0.020932 -0.011545
-0.007210 0.003278 -0.004583
-0.007375 0.002248 -0.001809
-0.047055 0.020362 -0.007176
-0.054509 0.032294 -0.003023
-0.014747 0.001945 0.009680
-0.058726 0.045542 0.008274
-0.056187 0.038418 0.005864
-0.019331 0.013865 0.012043
-0.052793 0.041085 0.009251
-0.036561 0.033795 0.018329
-0.031833 0.014510 -0.009145
-0.025963 0.015619 -0.009304
-0.009308 0.003361 -0.004166
-0.010046 0.006879 -0.007402
-0.023879 0.015248 -0.007727
-0.016010 0.011633 -0.006619
-0.016096 0.011768 -0.007381
-0.043561 0.018502 -0.004604
-0.049946 0.023605 -0.006233
-0.018920 0.009957 0.001538
-0.025054 0.015458 0.002669
-0.031781 0.017885 -0.002218
-0.054386 0.036475 0.001344
-0.051836 0.037982 0.006137
-0.040108 0.030798 0.013680
-0.030166 0.016805 -0.007524
-0.025926 0.015486 -0.004339
-0.013672 0.006946 -0.003448
-0.025579 0.016458 -0.004805
-0.031919 0.016956 -0.006601
-0.035343 0.015985 -0.005735
-0.030956 0.019012 -0.005386
-0.047204 0.026527 -0.002243
-0.042249 0.027441 -0.000694
-0.016661 0.055153 0.015761
-0.002054 0.028493 0.039986
0.026700 0.000052 0.054016
-0.024905 0.051470 0.019115
0.009828 0.002391 0.039619
-0.132112 -0.026278 -0.019289
0.003083 -0.003866 0.014177
-0.030461 0.056579 0.023212
-0.118060 0.021266 -0.045304
-0.000556 -0.000534 0.000826
0.005115 -0.005417 -0.015535
-0.020114 0.084588 -0.010271
0.000000 0.000000 0.000000
-0.147903 -0.225455 0.275439
-0.000360 0.000282 0.000418
0.035897 0.060966 -0.030311
-0.001870 0.000109 0.001028
0.000000 0.000000 0.000000
0.000000 0.000000 0.000000
-0.007134 -0.025662 0.013248
-0.048794 0.034511 0.013968
0.025993 -0.000200 -0.003956
0.000000 0.000000 0.000000
-0.001472 0.001248 0.000413
-0.062728 0.051695 0.021501
0.000000 0.000000 0.000000
0.000000 0.000000 0.000000
-0.050647 0.040998 0.012233
-0.009547 -0.005997 0.010646
0.000000 0.000000 0.000000
-0.060928 0.047095 0.018877
-0.021973 0.037281 0.055765
-0.021106 0.046182 0.032890
-0.018485 0.002844 -0.006934
-0.010341 -0.008420 0.011508
-0.018738 0.024879 0.050040
0.000000 0.000000 0.000000
-0.005937 -0.005515 0.007198
0.000000 0.000000 0.000000
-0.004008 0.004735 -0.004230
-0.001410 0.000559 -0.001982
-0.004069 -0.004358 0.005556
-0.031030 0.055197 0.036721
-0.008540 0.008002 -0.002971
-0.045987 0.026657 -0.005455
-0.009366 0.008684 -0.003589
-0.031423 0.012210 -0.017814
-0.008039 -0.006026 0.010590
-0.001734 -0.000170 -0.004220
-0.046008 0.013794 -0.011254
-0.004423 0.005694 -0.006233
-0.001051 0.000472 -0.000666
-0.050376 0.023158 -0.012074
-0.019945 0.016923 0.033756
-0.003064 -0.004408 0.005440
-0.063697 0.043627 0.006611
-0.036934 0.034495 0.030784
-0.048842 0.020685 -0.009962
-0.042230 0.017527 -0.006887
-0.004249 0.002346 -0.000724
0.011520 -0.007165 0.033549
-0.016447 0.061911 0.022021
-0.026226 0.076166 0.029076
-0.023874 0.053530 0.036237
-0.004239 -0.000474 0.000562
0.040763 0.070819 -0.006822
-0.001842 0.003905 -0.024201
-0.006780 0.007327 -0.002642
-0.031138 0.047131 0.042679
0.051117 -0.041599 -0.028633
0.137405 0.020645 -0.096943
-0.018408 0.105961 -0.044743
-0.018523 0.046809 0.041943
-0.024309 0.058012 0.044891
-0.027209 0.043816 0.040396
0.045814 0.014675 -0.020186
0.013851 -0.017699 0.016183
-0.026750 0.053578 -0.000134
0.004034 0.047068 0.000196
0.035162 0.032773 -0.041863
-0.001588 -0.004538 0.000975
0.000000 0.000000 0.000000
-0.005559 0.009024 -0.000034
0.000000 0.000000 0.000000
0.002252 -0.003046 -0.001190
-0.004363 0.026196 -0.005429
-0.002763 0.017596 -0.002042
-0.002259 0.003063 -0.000322
0.000000 0.000000 0.000000
-0.044364 0.036120 0.002943
-0.014596 -0.004693 0.017828
0.000000 0.000000 0.000000
-0.010933 0.005794 0.000023
-0.017916 0.001935 -0.007126
-0.054909 0.043076 0.010858
0.000000 0.000000 0.000000
-0.014595 0.017748 0.041759
-0.028861 0.045213 0.021008
0.000000 0.000000 0.000000
-0.001585 -0.002290 0.001353
-0.006618 -0.005976 0.008883
-0.005558 0.008214 -0.005023
-0.049138 0.033900 -0.004858
-0.054132 0.035576 -0.000162
-0.060416 0.042562 0.008807
-0.066656 0.051550 0.017106
-0.018121 0.002640 0.024812
0.000000 0.000000 0.000000
-0.061056 0.038566 0.003396
-0.007152 0.007671 -0.007496
-0.017669 0.015295 -0.007150
-0.037213 0.010826 -0.016551
-0.035596 0.053724 0.040051
-0.014742 0.012370 -0.006865
-0.028715 0.024326 0.009256
-0.013037 0.006089 -0.005657
-0.018774 0.012997 -0.004540
-0.016140 0.009080 -0.000250
0.010659 0.042832 -0.080787
0.112872 -0.009123 -0.122495
-0.005769 -0.007072 -0.005274
-0.072606 0.068192 0.033053
-0.018179 -0.018188 0.008659
0.000000 0.000000 0.000000
-0.023201 0.002212 -0.014346
-0.004048 -0.005512 0.006507
-0.004552 0.004796 -0.005553
-0.002358 -0.002179 0.002884
-0.006486 -0.003755 0.012205
-0.007869 -0.003972 0.011194
-0.035169 0.025857 0.007106
-0.031498 0.016740 -0.006471
-0.010070 0.026409 0.000799
0.072832 -0.067186 0.013494
0.083927 -0.028371 -0.029563
-0.007257 0.004595 0.000031
-0.151884 -0.044558 -0.101128
0.014959 -0.000141 -0.019521
-0.020566 0.003003 -0.003522
-0.000173 -0.000561 0.000961
-0.176994 -0.038673 -0.080636
-0.000503 0.000025 0.001678
-0.000206 0.000278 -0.000231
-0.051462 0.070546 0.043991
-0.026959 0.017274 0.005806
-0.003221 0.000385 0.003361
-0.032227 0.035088 0.008771
0.000000 0.000000 0.000000
-0.018743 0.036138 0.046326
-0.035646 0.057081 0.024102
0.019902 -0.005072 -0.003140
-0.001113 0.000860 0.000259
-0.002260 -0.000504 0.000777
-0.002808 -0.002027 0.002197
-0.037697 0.033629 0.006953
-0.044615 0.037767 0.010298
-0.022451 0.052660 0.050093
-0.001292 0.002005 0.000717
-0.011594 0.016706 -0.001028
-0.005983 -0.003413 0.003520
0.000000 0.000000 0.000000
0.000170 -0.000361 0.000680
-0.000695 0.002715 -0.003022
-0.025315 0.038479 0.057380
-0.004447 0.000922 -0.000129
-0.006244 -0.005885 0.008226
-0.008394 -0.006801 0.013210
0.000000 0.000000 0.000000
-0.029159 0.040078 0.045686
-0.003666 0.003753 -0.004591
-0.046611 0.017594 -0.008845
-0.058547 0.052725 0.021071
0.000000 0.000000 0.000000
-0.000760 0.000735 -0.000733
-0.004294 -0.004929 0.005768
-0.014283 -0.004570 0.017111
-0.004687 0.005829 -0.006857
-0.007245 0.008957 -0.007356
-0.002311 -0.000334 0.000921
-0.059579 0.038789 0.002227
-0.039241 0.040757 0.025036
-0.008257 0.006315 -0.007255
-0.022263 0.015258 0.006775
-0.037908 0.018593 -0.004847
-0.040707 0.020749 -0.002931
0.016121 0.059683 0.063415
0.000000 0.000000 0.000000
-0.006675 0.037736 -0.009867
-0.013544 0.009117 -0.006465
-0.048436 0.034565 0.002550
-0.012342 -0.008010 0.016530
-0.029495 0.044877 0.030025
-0.027438 0.022952 0.015891
-0.011988 0.009312 -0.006910
-0.012090 0.043752 -0.029351
-0.030047 0.057221 0.039715
-0.019465 0.017381 -0.001638
-0.059081 0.056455 0.020069
-0.001792 -0.002066 0.001538
-0.005361 0.006848 -0.006221
-0.016620 0.042063 0.019937
-0.230887 -0.223108 -0.301223
-0.018932 0.036881 0.031327
0.065446 0.017035 -0.016579
0.000090 0.007098 -0.020716
0.014953 0.037855 -0.002949
-0.027950 -0.046658 -0.061981
-0.041756 0.033762 0.002224
-0.048397 0.039952 -0.000259
-0.003132 -0.004394 0.005017
-0.005213 -0.006821 0.006787
-0.010994 0.005293 -0.004256
-0.046728 0.034447 0.008770
-0.021521 0.013802 -0.005995
-0.046819 0.029842 -0.001954
0.024242 -0.047003 -0.004816
-0.001808 0.001059 0.000567
-0.000601 0.000200 0.000805
-0.006155 0.008104 -0.005769
-0.060164 0.035557 -0.001781
-0.012764 -0.002157 0.012197
-0.000069 -0.000210 -0.002490
-0.042252 0.028478 0.006160
-0.030669 0.041811 0.011658
-0.012744 0.011057 -0.001715
-0.059301 0.034133 -0.003267
-0.051261 0.042187 0.015906
-0.035637 0.014732 -0.010458
-0.012899 0.021309 -0.002256
-0.061167 0.020348 -0.011338
-0.020700 0.068666 0.021270
-0.090749 -0.064262 -0.053298
0.007055 -0.012523 0.019790
0.000000 0.000000 0.000000
-0.000344 -0.000876 0.000350
-0.054477 0.039990 0.007880
-0.003982 0.005583 -0.000696
-0.030558 0.010941 -0.011061
-0.059011 0.034070 -0.003563
-0.006614 0.008097 -0.006570
-0.036758 0.071652 0.029800
0.005674 -0.010531 -0.016203
-0.006406 -0.005151 0.003837
-0.061883 0.067265 0.021756
-0.012339 -0.008691 0.016218
0.000000 0.000000 0.000000
-0.030217 0.007192 -0.011501
-0.054807 0.054229 0.021103
-0.005399 0.001338 0.001186
-0.016626 0.010822 -0.003246
-0.034586 0.071028 -0.047978
0.000000 0.000000 0.000000
-0.005398 -0.005048 0.006795
-0.001545 -0.000909 0.000830
-0.012322 0.007612 -0.000585
-0.063282 0.039402 0.001974
-0.005930 -0.005164 0.005478
-0.029574 -0.005695 0.020093
-0.004872 0.003746 -0.000086
-0.009547 0.001936 0.004016
-0.001531 0.001246 0.000797
-0.025521 0.038759 0.039854
-0.007384 0.008242 -0.002884
-0.000087 -0.008150 0.007939
-0.010591 0.029076 0.018611
-0.028910 0.027882 0.001343
-0.001751 -0.003559 -0.001651
0.011952 -0.295820 -0.169232
-0.064213 0.044729 0.007514
-0.000662 -0.000197 -0.000703
-0.000858 0.000421 -0.000056
-0.007582 -0.000354 0.005333
-0.055505 0.031374 -0.007957
-0.030627 0.050015 0.025898
-0.003995 0.002105 0.001018
-0.001136 0.000668 0.000928
-0.013014 0.042120 0.014888
0.014840 -0.006916 -0.023035
-0.014980 0.013602 -0.000219
-0.013439 -0.000128 -0.005044
-0.026806 0.012582 -0.004016
-0.046973 0.052884 0.026327
-0.021833 0.021823 -0.001312
-0.019884 0.020822 0.010217
-0.023653 0.031952 0.030338
-0.032206 0.043980 0.024001
-0.013037 0.007699 -0.002901
-0.011120 0.007122 0.013023
-0.010054 0.006973 0.002215
-0.014118 0.015063 0.004302
-0.034693 0.028313 0.003596
-0.032097 0.052080 0.033436
-0.006538 0.007696 0.012176
-0.041407 0.046539 0.018259
-0.037713 0.062466 0.032653
-0.006407 0.003120 -0.004247
-0.013690 0.019873 0.013802
-0.020877 0.012063 -0.001318
-0.023708 0.023717 0.016061
-0.010926 -0.021677 -0.016169
-0.037134 0.033557 0.011100
-0.031752 0.056030 0.038463
-0.021873 0.028786 0.036653
-0.009850 -0.001159 -0.003908
-0.019759 0.026575 0.007984
-0.009441 0.007109 0.018003
-0.023608 0.017240 0.004292
-0.007452 0.007231 0.006590
-0.025918 0.048329 0.021254
-0.006062 0.004514 0.002666
-0.033516 0.049617 0.040165
-0.043543 0.070943 0.050451
-0.007080 0.003160 0.004102
-0.010407 0.006141 -0.003505
-0.026408 0.071547 0.047503
-0.021434 0.015738 -0.002978
-0.015784 0.024650 0.023071
-0.037919 0.050057 0.036357
-0.025676 0.029081 0.012572
-0.017117 0.019098 0.022331
-0.032117 0.020941 0.000485
-0.003977 0.002993 0.006138
-0.025474 0.064510 0.051119
-0.014010 0.011308 0.010417
-0.015742 0.013553 0.002868
-0.019960 0.034784 0.018193
-0.018785 0.025958 0.020702
-0.005677 0.003321 -0.001724
0.023773 0.026969 0.006491
-0.017864 0.006478 -0.005350
-0.005752 0.008585 0.001413
-0.026667 0.025545 0.004208
-0.037373 0.039782 0.013136
-0.007837 0.004032 0.001072
-0.048651 0.036812 0.008255
-0.013915 0.016986 0.004258
-0.008776 0.002731 -0.001627
-0.037567 0.041226 0.021693
-0.036646 0.045747 0.021458
-0.031130 0.015921 -0.003943
-0.008234 0.000413 0.012364
-0.014862 0.009328 0.001486
-0.039743 0.059681 0.037421
-0.015636 0.007812 -0.005549
-0.004511 0.006718 0.009258
-0.006981 0.009009 0.006365
-0.009378 0.015226 0.007466
-0.036140 0.053823 0.051910
-0.039815 0.025439 -0.002749
-0.011937 0.018049 0.023702
-0.010154 0.002760 -0.002003
-0.034017 0.025904 0.005102
-0.014260 0.009758 0.024958
-0.026780 0.036556 0.021946
-0.051123 0.047289 0.017975
-0.013170 0.008833 0.007601
-0.029427 0.040924 0.014028
-0.004104 0.000677 0.001284
-0.004969 0.004034 0.000428
0.000628 0.011162 -0.025877
-0.017467 0.013701 0.013937
-0.005483 0.001620 0.008296
-0.007546 0.006997 -0.004064
-0.052184 0.052705 0.022608
-0.022321 0.027064 0.036734
-0.026072 0.045519 0.037141
-0.047848 0.066297 0.036502
-0.005273 0.006395 0.002269
-0.043534 0.057856 0.039022
-0.016790 -0.022449 -0.005905
-0.027310 0.030652 0.022110
-0.033157 0.079648 0.046845
-0.022387 0.051494 0.039491
-0.003009 0.005772 -0.000815
-0.015215 0.009508 -0.003407
-0.008150 -0.006088 0.001660
-0.013703 0.016229 0.011883
-0.005803 -0.000021 0.006292
-0.032861 0.063892 0.041273
-0.013788 0.014280 0.018661
-0.010366 0.021640 0.016228
-0.040122 0.035932 0.007165
-0.034012 0.063269 0.033785
-0.028459 0.032300 0.017374
-0.027859 0.025291 0.007868
-0.038984 0.066157 0.030457
-0.021263 0.014176 0.007596
-0.014671 0.004487 -0.007097
-0.003162 0.025015 -0.008198
-0.011812 0.009644 -0.000296
-0.016371 0.014190 0.000128
-0.024285 0.063024 0.039024
-0.016972 0.013826 0.004323
-0.003487 0.001363 0.003857
-0.020289 0.027441 0.014549
0.002422 -0.012977 0.021536
-0.012411 -0.003260 0.001187
-0.010875 0.006248 -0.001822
-0.012638 0.025724 0.008959
-0.022726 0.020411 0.003913
-0.040216 0.029669 0.003514
-0.038154 0.036913 0.011822
-0.011495 0.007660 0.022536
-0.007336 -0.000335 0.011945
-0.005052 0.001858 0.010689
0.003635 0.008893 -0.010009
-0.015165 0.004024 -0.026957
-0.016890 0.017412 0.008061
-0.002550 0.003119 0.007306
-0.020733 0.013058 -0.001207
-0.029897 0.059351 0.046998
-0.029470 0.023831 0.008657
-0.005599 0.006306 0.002353
-0.048356 0.032166 0.000772
-0.029950 0.034213 0.013655
-0.004875 0.008074 0.013053
-0.048956 0.066604 0.032755
-0.039636 0.047677 0.019339
-0.036032 0.076523 0.036949
0.000910 0.007517 0.000998
-0.049496 0.059587 0.030652
-0.034118 0.068521 0.040969
-0.004869 0.003516 0.003041
-0.002359 0.008227 0.007144
-0.017855 0.029771 0.008491
-0.025681 0.010158 -0.005258
-0.029549 0.037695 0.026604
-0.023099 0.022639 0.011713
-0.012796 -0.013586 0.005229
-0.036870 0.029609 0.001546
-0.009006 0.005482 -0.003996
-0.008131 0.006713 0.011173
-0.040456 0.023129 -0.003333
-0.004050 0.003478 -0.001162
-0.032963 0.034792 0.018895
-0.052968 0.047509 0.015733
-0.052449 0.055741 0.025069
-0.010504 0.003957 0.016203
-0.005409 0.010273 0.011281
-0.020408 0.033042 0.015456
-0.025740 0.032692 0.032949
-0.021972 0.026127 0.020932
-0.026244 0.059652 0.051940
-0.025398 0.018170 0.001314
-0.019801 -0.025011 0.022031
-0.005581 0.003861 0.003775
-0.030394 0.044120 0.051764
-0.022945 0.012860 -0.004930
-0.013205 0.008401 -0.002432
-0.030563 0.063306 0.053019
-0.032769 0.061186 0.041038
-0.004213 0.003822 0.002767
-0.026072 0.021056 0.006101
-0.009187 -0.006065 -0.007511
-0.005202 -0.005118 0.005074
-0.022557 0.051371 0.032793
-0.027755 0.061037 0.030973
-0.021587 0.013756 0.001488
-0.031266 0.019209 0.000261
-0.010319 0.006050 -0.004015
-0.011000 0.009573 0.002535
-0.020513 0.029617 0.021236
-0.014039 0.012013 0.018235
-0.040825 0.054000 0.031300
-0.051527 0.043528 0.013661
-0.008835 0.005537 0.006730
-0.028281 0.014172 -0.005823
-0.051601 0.071170 0.034026
-0.021550 0.011686 -0.002648
-0.035007 0.049063 0.023035
-0.022347 0.006057 -0.008393
-0.028503 0.030672 0.007395
-0.029046 0.066194 0.027174
-0.008618 0.007856 0.009767
-0.040994 0.064146 0.039028
-0.020806 0.024112 0.014482
-0.006487 0.009895 0.001734
-0.009206 0.006201 0.001651
-0.019977 0.036851 0.042895
-0.010509 0.002315 -0.005100
-0.019477 0.023517 0.009131
-0.025805 0.055801 0.044985
-0.008797 -0.050395 0.010912
-0.014554 0.018905 0.002582
-0.011340 0.015369 0.015791
-0.037808 0.059192 0.054709
-0.002848 0.001712 0.001061
-0.009803 0.002169 0.017306
-0.009698 -0.002638 0.000407
-0.009889 0.009780 0.003910
-0.019838 0.024559 0.038107
-0.029889 0.029735 0.008300
-0.012406 0.021201 0.021743
-0.010685 0.004634 0.000769
-0.003481 0.004215 0.005780
-0.027979 0.016533 -0.001227
-0.002219 -0.010141 -0.000874
-0.036482 0.049338 0.043761
-0.005814 0.005018 0.000995
-0.014949 -0.010506 0.004373
0.000454 0.035464 -0.014321
-0.016621 0.013305 0.012583
-0.011645 0.017802 0.002662
0.001641 -0.009485 -0.005807
-0.035829 0.043366 0.020829
