# vtk DataFile Version 3.0
XPBD Tissue Simulation - Frame 386 at t=0.4334s
ASCII
DATASET UNSTRUCTURED_GRID
POINTS 909 float
-0.060610 0.055308 -0.018033
-0.062118 0.051728 -0.014541
-0.062479 0.054199 -0.012665
-0.061258 0.057728 -0.014405
-0.060725 0.040325 -0.016093
-0.061275 0.043042 -0.015241
-0.061101 0.043356 -0.018754
-0.062025 0.045617 -0.017067
-0.061727 0.051804 -0.020412
-0.063327 0.054587 -0.011781
-0.062378 0.052098 -0.023810
-0.062331 0.060075 -0.021763
-0.061997 0.060677 -0.014911
-0.064129 0.040210 -0.017013
-0.061264 0.040539 -0.019635
-0.063911 0.046915 -0.015445
-0.063168 0.048580 -0.016583
-0.062925 0.048964 -0.019061
-0.064388 0.047917 -0.014971
-0.063937 0.048939 -0.015040
-0.063009 0.050927 -0.024833
-0.061418 0.055661 -0.025662
-0.061988 0.059057 -0.013742
-0.063738 0.035770 -0.016469
-0.064961 0.039021 -0.015990
-0.064757 0.044912 -0.013806
-0.063806 0.046362 -0.020339
-0.062783 0.050653 -0.022992
-0.064809 0.052082 -0.011712
-0.063419 0.051737 -0.028022
-0.063460 0.060238 -0.011817
-0.062058 0.058875 -0.027559
-0.064313 0.043246 -0.013503
-0.064290 0.045596 -0.021108
-0.065413 0.046794 -0.014783
-0.066175 0.049600 -0.012885
-0.066782 0.051641 -0.027357
-0.067550 0.054742 -0.027202
-0.063711 0.057073 -0.030443
-0.061210 0.057795 -0.022599
-0.062274 0.056919 -0.021930
-0.065753 0.058186 -0.019804
-0.064660 0.037808 -0.017641
-0.066792 0.047731 -0.014301
-0.065599 0.046993 -0.026550
-0.065199 0.050617 -0.030096
-0.064322 0.051480 -0.029112
-0.063041 0.058850 -0.029129
-0.065450 0.060953 -0.011993
-0.062834 0.036610 -0.018270
-0.062310 0.037459 -0.014875
-0.066406 0.046013 -0.023022
-0.067586 0.046330 -0.014692
-0.064313 0.054279 -0.028442
-0.063427 0.057424 -0.028814
-0.063318 0.060557 -0.030593
-0.066048 0.062374 -0.011828
-0.063914 0.059254 -0.013352
-0.062416 0.036784 -0.016110
-0.065024 0.037812 -0.017353
-0.067167 0.043061 -0.014906
-0.067431 0.045189 -0.014912
-0.067235 0.044924 -0.022927
-0.067047 0.045871 -0.027377
-0.067918 0.048672 -0.013394
-0.066802 0.060932 -0.011181
-0.065437 0.039459 -0.019812
-0.068232 0.044648 -0.023555
-0.064676 0.058841 -0.032905
-0.064533 0.061503 -0.031492
-0.066477 0.039152 -0.016335
-0.069561 0.043785 -0.025821
-0.068959 0.043941 -0.022913
-0.067557 0.053660 -0.033400
-0.064375 0.063274 -0.016637
-0.065410 0.063714 -0.030024
-0.063455 0.063438 -0.027070
-0.067649 0.040405 -0.017961
-0.068836 0.042203 -0.016682
-0.069419 0.043345 -0.022299
-0.069475 0.042714 -0.017067
-0.070573 0.044091 -0.028840
-0.069557 0.041780 -0.020742
-0.068850 0.041201 -0.018248
-0.069451 0.041824 -0.018224
-0.070144 0.043229 -0.022284
-0.071185 0.043063 -0.024077
-0.071464 0.049364 -0.012912
-0.068300 0.062100 -0.012747
-0.070281 0.062003 -0.014047
-0.072170 0.042623 -0.021167
-0.071759 0.043252 -0.028326
-0.071796 0.042897 -0.022514
-0.073045 0.051335 -0.012399
-0.068633 0.059391 -0.033945
-0.067174 0.063250 -0.031534
-0.071813 0.042642 -0.019759
-0.072305 0.060682 -0.013966
-0.072528 0.044344 -0.016522
-0.073662 0.047202 -0.031378
-0.074012 0.047552 -0.014430
-0.069791 0.062976 -0.031386
-0.071470 0.056390 -0.034461
-0.073011 0.055527 -0.034432
-0.072197 0.058229 -0.033678
-0.069069 0.064507 -0.026176
-0.075357 0.044343 -0.021744
-0.075325 0.043863 -0.028022
-0.075273 0.045908 -0.029840
-0.073647 0.059918 -0.014121
-0.072749 0.060911 -0.014716
-0.071294 0.063823 -0.024595
-0.070793 0.063942 -0.023377
-0.075044 0.044033 -0.020203
-0.073450 0.051501 -0.031567
-0.074218 0.059991 -0.014995
-0.071537 0.063426 -0.028776
-0.076505 0.044512 -0.026246
-0.076941 0.046238 -0.028104
-0.075866 0.047254 -0.031056
-0.076974 0.049024 -0.030826
-0.073132 0.049414 -0.032009
-0.077030 0.054106 -0.014338
-0.073331 0.062339 -0.020275
-0.077135 0.046447 -0.026231
-0.076437 0.045866 -0.024042
-0.077559 0.048131 -0.018355
-0.074136 0.048171 -0.032394
-0.074832 0.049297 -0.032785
-0.075916 0.052041 -0.033437
-0.077552 0.054124 -0.016117
-0.077900 0.048272 -0.027754
-0.077428 0.048483 -0.025236
-0.077572 0.047910 -0.022103
-0.076778 0.058166 -0.017970
-0.074913 0.060700 -0.017887
-0.073651 0.061167 -0.029922
-0.078370 0.049959 -0.020211
-0.076867 0.052873 -0.031311
-0.077229 0.057528 -0.018962
-0.078272 0.055220 -0.020938
-0.078130 0.055846 -0.023257
-0.076985 0.056552 -0.026769
-0.077643 0.056838 -0.023913
-0.061441 0.052439 -0.015689
-0.060889 0.053514 -0.019168
-0.061575 0.055490 -0.014378
-0.060684 0.054818 -0.019114
-0.062010 0.055373 -0.013181
-0.060918 0.055212 -0.016831
-0.060461 0.056813 -0.018361
-0.061219 0.058177 -0.014917
-0.060535 0.042442 -0.016865
-0.060629 0.042423 -0.015065
-0.060828 0.041806 -0.018304
-0.062020 0.043563 -0.020226
-0.062359 0.045283 -0.015493
-0.062420 0.046083 -0.016071
-0.062541 0.046587 -0.016970
-0.062940 0.048771 -0.017762
-0.062670 0.049861 -0.016719
-0.062894 0.051288 -0.013460
-0.063223 0.051477 -0.012871
-0.061970 0.051902 -0.022064
-0.061730 0.053097 -0.022282
-0.061434 0.056031 -0.022116
-0.061937 0.058887 -0.023545
-0.062485 0.060325 -0.019041
-0.061123 0.038895 -0.018676
-0.060965 0.040593 -0.018753
-0.060910 0.039090 -0.017602
-0.061651 0.042041 -0.020375
-0.062030 0.043504 -0.014251
-0.064322 0.046502 -0.014877
-0.063192 0.046302 -0.019243
-0.063528 0.047266 -0.016207
-0.063188 0.047513 -0.019463
-0.063542 0.048668 -0.015630
-0.063314 0.048355 -0.020093
-0.063810 0.048330 -0.020780
-0.063481 0.050238 -0.013900
-0.064297 0.050134 -0.013170
-0.063276 0.049486 -0.021498
-0.063581 0.052317 -0.012271
-0.063280 0.056408 -0.011555
-0.061330 0.055118 -0.023380
-0.061788 0.057834 -0.024059
-0.065705 0.057208 -0.024808
-0.066281 0.059036 -0.021316
-0.064101 0.061495 -0.018075
-0.064772 0.061183 -0.015929
-0.065642 0.061124 -0.017467
-0.064817 0.037463 -0.014395
-0.064368 0.038032 -0.015458
-0.061668 0.040297 -0.015715
-0.061787 0.041669 -0.013420
-0.063091 0.043985 -0.013710
-0.064955 0.047252 -0.014954
-0.064872 0.050294 -0.012711
-0.063837 0.048991 -0.027159
-0.064308 0.051296 -0.012273
-0.063520 0.050213 -0.026455
-0.063285 0.050381 -0.024364
-0.063869 0.050126 -0.027498
-0.062726 0.052200 -0.025576
-0.065776 0.054195 -0.030496
-0.062410 0.053767 -0.026176
-0.063864 0.055068 -0.028598
-0.063199 0.058748 -0.011576
-0.061847 0.057166 -0.026589
-0.062886 0.061019 -0.013800
-0.063532 0.061510 -0.013060
-0.066113 0.058828 -0.018144
-0.066933 0.060782 -0.015309
-0.061456 0.036919 -0.017409
-0.061434 0.038234 -0.018649
-0.061708 0.039448 -0.015890
-0.061936 0.037640 -0.016715
-0.061924 0.040653 -0.013651
-0.062890 0.041500 -0.013175
-0.062583 0.041000 -0.020974
-0.065963 0.045799 -0.014491
-0.064007 0.047148 -0.020735
-0.065797 0.047938 -0.014487
-0.064146 0.048520 -0.026526
-0.065264 0.047708 -0.028333
-0.063519 0.049837 -0.025252
-0.064574 0.049015 -0.024374
-0.065127 0.054884 -0.010791
-0.065174 0.056401 -0.010277
-0.064242 0.057920 -0.010676
-0.066324 0.058672 -0.029627
-0.062033 0.059007 -0.020433
-0.062804 0.036143 -0.017355
-0.064048 0.035873 -0.017430
-0.063598 0.037219 -0.013647
-0.065531 0.045980 -0.021972
-0.065936 0.046210 -0.022479
-0.065789 0.047052 -0.024992
-0.065581 0.047439 -0.024450
-0.065229 0.047221 -0.022133
-0.066216 0.051925 -0.011412
-0.064403 0.056583 -0.028041
-0.064525 0.059480 -0.010785
-0.063316 0.059562 -0.029783
-0.064925 0.060083 -0.010913
-0.061815 0.060234 -0.028044
-0.061866 0.061041 -0.026205
-0.064437 0.058159 -0.018938
-0.061977 0.039331 -0.015842
-0.065919 0.046774 -0.027530
-0.066994 0.045683 -0.023761
-0.066977 0.056069 -0.009962
-0.066398 0.057615 -0.009808
-0.067078 0.058717 -0.009916
-0.062030 0.060211 -0.029165
-0.062187 0.037157 -0.016990
-0.063353 0.039556 -0.013890
-0.064901 0.039958 -0.020402
-0.065546 0.041189 -0.013801
-0.067472 0.043125 -0.022136
-0.066392 0.045152 -0.022426
-0.067888 0.045938 -0.028715
-0.066632 0.049003 -0.030331
-0.066455 0.047030 -0.028763
-0.068752 0.051223 -0.011665
-0.065365 0.053916 -0.031627
-0.067848 0.057821 -0.009776
-0.064702 0.057300 -0.032929
-0.066011 0.059223 -0.010106
-0.066384 0.060331 -0.010702
-0.064884 0.063150 -0.013705
-0.062565 0.061698 -0.028769
-0.064867 0.037473 -0.015895
-0.065006 0.038189 -0.014977
-0.066210 0.040951 -0.014345
-0.067923 0.044122 -0.015256
-0.068033 0.043884 -0.022731
-0.068477 0.045313 -0.015265
-0.068962 0.044222 -0.026933
-0.068430 0.046311 -0.014685
-0.067797 0.047146 -0.029978
-0.068608 0.048779 -0.031409
-0.068977 0.052153 -0.011338
-0.063118 0.062860 -0.027744
-0.062609 0.062994 -0.026562
-0.063632 0.062220 -0.018624
-0.065986 0.038982 -0.018740
-0.067338 0.040481 -0.020882
-0.067254 0.041326 -0.021440
-0.069460 0.044063 -0.027630
-0.069684 0.049769 -0.012568
-0.069081 0.047027 -0.030443
-0.066963 0.052248 -0.032658
-0.068200 0.056527 -0.010046
-0.065660 0.055828 -0.033393
-0.065827 0.058129 -0.033445
-0.065544 0.059558 -0.033144
-0.067567 0.061039 -0.011392
-0.064623 0.059780 -0.032688
-0.065491 0.061101 -0.032498
-0.062855 0.062240 -0.023448
-0.068174 0.040273 -0.019392
-0.066150 0.038465 -0.017321
-0.066970 0.040189 -0.015761
-0.068010 0.040919 -0.016254
-0.068999 0.042912 -0.022126
-0.069417 0.044591 -0.015691
-0.068647 0.045977 -0.029396
-0.070924 0.046660 -0.013941
-0.068535 0.050538 -0.032508
-0.069766 0.053643 -0.011088
-0.068144 0.052610 -0.033311
-0.069889 0.059146 -0.011233
-0.067876 0.058629 -0.033913
-0.066541 0.063382 -0.015283
-0.065230 0.063391 -0.030358
-0.064067 0.063909 -0.025107
-0.068329 0.040675 -0.017317
-0.069960 0.041943 -0.018619
-0.069703 0.042417 -0.021594
-0.069691 0.043377 -0.016673
-0.070250 0.043226 -0.026765
-0.069294 0.044097 -0.023772
-0.070225 0.044059 -0.016312
-0.071068 0.051021 -0.012213
-0.069055 0.051003 -0.033051
-0.069276 0.060433 -0.011702
-0.066381 0.059815 -0.033355
-0.067186 0.063110 -0.014014
-0.065931 0.063608 -0.030623
-0.064582 0.063933 -0.027694
-0.065261 0.064440 -0.026324
-0.069368 0.041336 -0.019541
-0.070356 0.042106 -0.019501
-0.070780 0.042554 -0.018866
-0.071532 0.042787 -0.027682
-0.071222 0.042611 -0.025832
-0.070932 0.043101 -0.023105
-0.071580 0.046195 -0.014332
-0.070904 0.045468 -0.030194
-0.070957 0.048978 -0.032292
-0.072040 0.054651 -0.011904
-0.070594 0.060958 -0.013077
-0.067225 0.062350 -0.032376
-0.065382 0.064572 -0.025204
-0.071939 0.042257 -0.026615
-0.071987 0.043091 -0.018539
-0.072127 0.044984 -0.015548
-0.073024 0.046182 -0.015004
-0.072716 0.047443 -0.014107
-0.068594 0.054210 -0.033745
-0.071561 0.059384 -0.012663
-0.071647 0.061943 -0.015625
-0.067862 0.063701 -0.017245
-0.066681 0.064512 -0.028824
-0.066746 0.064690 -0.026656
-0.071859 0.044565 -0.029536
-0.072471 0.046862 -0.031051
-0.072033 0.057712 -0.012294
-0.071844 0.060176 -0.013288
-0.069772 0.058412 -0.034169
-0.070478 0.058883 -0.033969
-0.068182 0.064009 -0.019669
-0.067990 0.063946 -0.030653
-0.073222 0.042762 -0.027707
-0.073678 0.042460 -0.026988
-0.074063 0.048530 -0.032487
-0.072576 0.051114 -0.033852
-0.073291 0.054608 -0.012270
-0.069493 0.060357 -0.033561
-0.068901 0.062443 -0.032333
-0.074562 0.043367 -0.023699
-0.073157 0.043458 -0.019554
-0.074446 0.045489 -0.016639
-0.074275 0.044729 -0.029182
-0.073643 0.045561 -0.030065
-0.074840 0.048248 -0.030012
-0.074727 0.051530 -0.012702
-0.075384 0.051815 -0.012802
-0.070535 0.063918 -0.022603
-0.068657 0.064122 -0.021230
-0.075178 0.042876 -0.026074
-0.074387 0.043624 -0.021791
-0.074754 0.044169 -0.019329
-0.075257 0.044257 -0.022796
-0.075976 0.046644 -0.016784
-0.074889 0.046222 -0.030897
-0.073534 0.054024 -0.034661
-0.070393 0.061915 -0.032288
-0.070790 0.062921 -0.030736
-0.075521 0.044205 -0.023757
-0.075434 0.044673 -0.019514
-0.076540 0.048119 -0.016145
-0.076395 0.051913 -0.013626
-0.073805 0.051207 -0.034597
-0.075601 0.053601 -0.012543
-0.073799 0.054712 -0.034376
-0.071773 0.062591 -0.030323
-0.072177 0.062849 -0.019924
-0.070562 0.063914 -0.028169
-0.071083 0.063908 -0.026462
-0.075974 0.045233 -0.022836
-0.076284 0.045385 -0.020549
-0.076761 0.046604 -0.028809
-0.076836 0.050729 -0.015209
-0.075460 0.052283 -0.034167
-0.076526 0.053393 -0.013402
-0.074999 0.054120 -0.033503
-0.075376 0.058811 -0.015053
-0.073038 0.059591 -0.032408
-0.072502 0.061686 -0.030749
-0.072651 0.062382 -0.029564
-0.072300 0.063137 -0.022025
-0.076665 0.046529 -0.023315
-0.076731 0.046483 -0.018884
-0.077163 0.046759 -0.021366
-0.076215 0.047213 -0.030051
-0.077479 0.049553 -0.016724
-0.074999 0.049877 -0.033443
-0.076927 0.050534 -0.031758
-0.077192 0.051989 -0.015342
-0.076369 0.056898 -0.014264
-0.074624 0.057881 -0.032032
-0.074988 0.060249 -0.016870
-0.073734 0.059730 -0.031543
-0.074539 0.061663 -0.022965
-0.073274 0.062160 -0.028403
-0.072963 0.062755 -0.026414
-0.072400 0.063301 -0.025732
-0.077891 0.048262 -0.021374
-0.077705 0.047801 -0.020072
-0.078034 0.048955 -0.027121
-0.077540 0.048732 -0.023711
-0.077877 0.049775 -0.017616
-0.077318 0.049290 -0.029847
-0.076687 0.051346 -0.032166
-0.078161 0.052543 -0.017591
-0.077253 0.055553 -0.015934
-0.075306 0.057677 -0.031086
-0.075777 0.059600 -0.017537
-0.076314 0.059332 -0.018964
-0.074882 0.059509 -0.030009
-0.075990 0.060024 -0.020392
-0.074459 0.061236 -0.026026
-0.078185 0.049002 -0.021053
-0.078054 0.049523 -0.022445
-0.077402 0.050970 -0.030446
-0.077964 0.049832 -0.028655
-0.078010 0.051048 -0.024214
-0.077948 0.051513 -0.025801
-0.077744 0.050005 -0.025230
-0.078447 0.052572 -0.020135
-0.078138 0.053801 -0.018044
-0.076525 0.057355 -0.028713
-0.076415 0.058211 -0.026371
-0.076758 0.058024 -0.025018
-0.076730 0.058880 -0.020075
-0.076395 0.059467 -0.020850
-0.075287 0.060775 -0.024519
-0.078523 0.052256 -0.022857
-0.078043 0.052824 -0.024964
-0.077491 0.053270 -0.029628
-0.077755 0.054000 -0.025564
-0.078344 0.054261 -0.023706
-0.078619 0.053364 -0.021910
-0.077962 0.055517 -0.024314
-0.077786 0.056571 -0.020601
-0.077483 0.057618 -0.022768
-0.061207 0.056401 -0.015659
-0.060466 0.041759 -0.015751
-0.061246 0.044245 -0.017201
-0.062082 0.056815 -0.012804
-0.060851 0.039887 -0.014753
-0.063132 0.045528 -0.014593
-0.063144 0.047529 -0.017893
-0.062676 0.057996 -0.012145
-0.063516 0.043238 -0.013352
-0.062913 0.052734 -0.027122
-0.064901 0.038146 -0.017210
-0.064983 0.042703 -0.021943
-0.063264 0.059124 -0.017672
-0.061755 0.036969 -0.018009
-0.064323 0.048189 -0.027258
-0.065463 0.042438 -0.013908
-0.064852 0.052706 -0.030027
-0.061993 0.059959 -0.023318
-0.062279 0.060200 -0.019568
-0.064704 0.038088 -0.018476
-0.064207 0.038856 -0.019193
-0.064210 0.041322 -0.013232
-0.064140 0.062465 -0.015784
-0.067875 0.044975 -0.026217
-0.067428 0.059380 -0.010196
-0.063055 0.060862 -0.018461
-0.062842 0.062254 -0.022449
-0.069463 0.056377 -0.010496
-0.066315 0.055737 -0.033566
-0.064724 0.063483 -0.018773
-0.069494 0.058098 -0.010588
-0.065930 0.061631 -0.032374
-0.065922 0.064183 -0.029434
-0.071684 0.044101 -0.016483
-0.068148 0.056257 -0.033876
-0.066339 0.061056 -0.032902
-0.066895 0.063981 -0.019923
-0.069564 0.053460 -0.034058
-0.067001 0.064437 -0.022327
-0.072462 0.042332 -0.025792
-0.072743 0.045753 -0.030177
-0.071605 0.052221 -0.033931
-0.067731 0.064519 -0.029061
-0.072903 0.042858 -0.023432
-0.074046 0.049653 -0.013396
-0.074188 0.043412 -0.022733
-0.074510 0.046519 -0.015444
-0.072317 0.055255 -0.034614
-0.074661 0.045315 -0.029885
-0.076079 0.049764 -0.014732
-0.075435 0.043345 -0.027352
-0.072989 0.047463 -0.031990
-0.075993 0.051309 -0.013513
-0.071213 0.062006 -0.031611
-0.074790 0.052417 -0.034507
-0.074801 0.058664 -0.013886
-0.072373 0.062996 -0.028370
-0.077843 0.051233 -0.016807
-0.078249 0.051868 -0.018116
-0.060775 0.055225 -0.020114
-0.063301 0.040689 -0.013750
-0.061020 0.058136 -0.016807
-0.062069 0.060690 -0.016750
-0.062721 0.060976 -0.020107
-0.062000 0.053562 -0.024448
-0.061550 0.037293 -0.016600
-0.063615 0.036233 -0.015955
-0.064851 0.048580 -0.014470
-0.061692 0.058229 -0.025947
-0.063194 0.040307 -0.020731
-0.062720 0.041886 -0.021138
-0.064495 0.043286 -0.021900
-0.062142 0.058038 -0.030553
-0.062236 0.059409 -0.028622
-0.061656 0.059772 -0.026661
-0.062207 0.037652 -0.018703
-0.065435 0.044778 -0.022013
-0.065631 0.041499 -0.021310
-0.066723 0.044350 -0.014605
-0.062214 0.039864 -0.013815
-0.064981 0.055054 -0.031278
-0.062959 0.062029 -0.020572
-0.066962 0.039999 -0.020236
-0.063770 0.063430 -0.020709
-0.067772 0.040249 -0.020176
-0.068408 0.043185 -0.015797
-0.068781 0.044259 -0.015595
-0.069623 0.043939 -0.024537
-0.065615 0.063685 -0.017510
-0.071343 0.053694 -0.011675
-0.066662 0.057149 -0.033713
-0.065038 0.064232 -0.022954
-0.070580 0.042183 -0.020031
-0.070971 0.043506 -0.017383
-0.070388 0.056799 -0.010957
-0.066549 0.064558 -0.024079
-0.068563 0.060891 -0.033328
-0.067925 0.063202 -0.015049
-0.066767 0.063818 -0.017869
-0.072247 0.048946 -0.032578
-0.070904 0.053964 -0.034302
-0.074661 0.042736 -0.025580
-0.074076 0.052402 -0.012280
-0.074802 0.053920 -0.012344
-0.073258 0.057664 -0.012852
-0.072819 0.059384 -0.013283
-0.070346 0.060571 -0.033264
-0.068741 0.064559 -0.025355
-0.075275 0.056029 -0.012873
-0.076944 0.045824 -0.027260
-0.076990 0.047191 -0.023360
-0.077071 0.047653 -0.017669
-0.072289 0.063262 -0.023663
-0.077223 0.048110 -0.024486
-0.075587 0.059491 -0.026914
-0.078051 0.051304 -0.028280
-0.077855 0.052676 -0.026219
-0.077036 0.056067 -0.028712
-0.062880 0.043128 -0.021097
-0.061839 0.040653 -0.020471
-0.063497 0.039626 -0.016370
-0.065972 0.061352 -0.010815
-0.063986 0.038260 -0.014051
-0.062325 0.060789 -0.022923
-0.072442 0.043996 -0.017033
-0.071741 0.053419 -0.034269
-0.074589 0.042599 -0.026849
-0.073602 0.052059 -0.034366
-0.073338 0.057592 -0.033387
-0.074160 0.057116 -0.032938
-0.075863 0.059797 -0.025253
-0.078487 0.053197 -0.023306
-0.061225 0.053536 -0.015180
-0.061051 0.043344 -0.016156
-0.061971 0.045256 -0.016309
-0.062675 0.045590 -0.019155
-0.063986 0.044925 -0.013757
-0.063046 0.046694 -0.018480
-0.064191 0.047502 -0.015388
-0.062483 0.050867 -0.022130
-0.064640 0.046019 -0.014323
-0.064264 0.048936 -0.022675
-0.064391 0.052295 -0.029232
-0.064020 0.060157 -0.011111
-0.066574 0.046051 -0.014685
-0.065344 0.047583 -0.023222
-0.066229 0.054002 -0.010807
-0.065354 0.057936 -0.016449
-0.063426 0.059665 -0.030981
-0.064250 0.060260 -0.012545
-0.066314 0.043381 -0.022129
-0.067313 0.045504 -0.024534
-0.065394 0.052344 -0.030959
-0.066600 0.051160 -0.031672
-0.068010 0.054009 -0.010803
-0.067824 0.055643 -0.010190
-0.063441 0.061588 -0.030174
-0.068380 0.044659 -0.024600
-0.069694 0.045322 -0.015104
-0.066281 0.053280 -0.032536
-0.065296 0.063227 -0.014663
-0.068822 0.046462 -0.029950
-0.071042 0.042709 -0.027143
-0.065829 0.062892 -0.031397
-0.070700 0.042453 -0.021062
-0.069788 0.052909 -0.034064
-0.071724 0.055029 -0.034630
-0.069725 0.063332 -0.018130
-0.070007 0.063614 -0.030024
-0.074465 0.043119 -0.027917
-0.075090 0.049470 -0.014005
-0.071790 0.061362 -0.014362
-0.069517 0.064273 -0.023275
-0.072937 0.047357 -0.031600
-0.074150 0.052652 -0.034483
-0.072709 0.058897 -0.033111
-0.076151 0.044039 -0.027040
-0.076554 0.044999 -0.025383
-0.074232 0.050121 -0.033798
-0.076415 0.057673 -0.016023
-0.073947 0.061965 -0.024688
-0.077715 0.048351 -0.028523
-0.076015 0.058523 -0.028310
-0.078496 0.054609 -0.021540
-0.078084 0.056197 -0.022109
-0.064301 0.038025 -0.017420
-0.062993 0.063222 -0.025501
-0.067604 0.041238 -0.015567
-0.071396 0.044980 -0.015359
-0.072361 0.053364 -0.011960
-0.069250 0.057684 -0.034204
-0.070991 0.063495 -0.021214
-0.074410 0.060751 -0.028733
-0.078158 0.050376 -0.027863
-0.065656 0.039761 -0.014829
-0.066487 0.064090 -0.030135
-0.070482 0.046676 -0.013947
-0.068183 0.059450 -0.010460
-0.075704 0.050937 -0.032980
-0.075882 0.043403 -0.026245
-0.060622 0.056687 -0.019755
-0.061069 0.041999 -0.014061
-0.062039 0.057664 -0.028988
-0.062017 0.038987 -0.019695
-0.062365 0.036604 -0.018147
-0.062759 0.038433 -0.019327
-0.066067 0.047230 -0.014655
-0.071030 0.052313 -0.011868
-0.072764 0.051958 -0.012158
-0.072936 0.052869 -0.033835
-0.072529 0.054393 -0.034728
-0.077579 0.051670 -0.030013
-0.075683 0.060510 -0.023352
-0.078009 0.052118 -0.025095
-0.077496 0.057533 -0.021650
-0.061719 0.044914 -0.017832
-0.062227 0.050586 -0.018882
-0.062776 0.049716 -0.020205
-0.075429 0.043291 -0.025122
-0.076168 0.055358 -0.013162
-0.073764 0.058611 -0.032512
-0.061234 0.052772 -0.016858
-0.075822 0.060229 -0.024039
-0.064294 0.055930 -0.010819
-0.070584 0.045857 -0.014517
-0.076586 0.055518 -0.013654
-0.074995 0.061046 -0.020258
-0.078111 0.049235 -0.019275
-0.061905 0.053207 -0.013812
-0.061724 0.044170 -0.019376
-0.061190 0.058031 -0.015895
-0.063598 0.045403 -0.014175
-0.063111 0.045465 -0.020161
-0.065008 0.061832 -0.019301
-0.070205 0.048305 -0.031735
-0.072436 0.055798 -0.012207
-0.072088 0.042728 -0.024126
-0.077295 0.047065 -0.019875
-0.076903 0.055874 -0.014621
-0.076095 0.044053 -0.025172
-0.062496 0.059416 -0.012975
-0.063985 0.036709 -0.017742
-0.065701 0.054490 -0.032838
-0.066925 0.062175 -0.012338
-0.069246 0.056757 -0.034137
-0.065891 0.064312 -0.021917
-0.075504 0.047024 -0.015853
-0.073618 0.061506 -0.017211
-0.076417 0.052285 -0.032556
-0.077651 0.053423 -0.028483
-0.064188 0.043731 -0.021733
-0.062035 0.059216 -0.021943
-0.069800 0.051930 -0.033770
-0.074067 0.051331 -0.030866
-0.076768 0.056076 -0.029506
-0.075698 0.056924 -0.013427
-0.065227 0.055479 -0.032606
-0.063214 0.047413 -0.016946
-0.068409 0.041874 -0.021615
-0.076203 0.054742 -0.031403
-0.070162 0.043913 -0.028315
-0.070893 0.063202 -0.019108
-0.073519 0.043002 -0.023237
-0.063871 0.038504 -0.017525
-0.062184 0.061779 -0.027457
-0.070666 0.050094 -0.012510
-0.060728 0.054210 -0.017606
-0.061130 0.043123 -0.014389
-0.074076 0.058557 -0.013390
-0.062632 0.049659 -0.017642
-0.064158 0.049618 -0.028408
-0.075506 0.054759 -0.032483
-0.076019 0.052574 -0.012986
-0.066160 0.060492 -0.013611
-0.063082 0.049528 -0.015797
-0.062936 0.050986 -0.025435
-0.069696 0.064378 -0.025671
-0.061140 0.042411 -0.019514
-0.062593 0.052460 -0.013083
-0.070237 0.043069 -0.017493
-0.077289 0.055999 -0.025772
-0.073665 0.062300 -0.021877
-0.066409 0.051155 -0.011767
-0.071517 0.050334 -0.020577
-0.068722 0.056821 -0.023401
-0.067727 0.057267 -0.016958
-0.068104 0.056852 -0.026098
-0.067263 0.045097 -0.018738
-0.072136 0.051041 -0.026578
-0.068345 0.054906 -0.028664
-0.070843 0.046264 -0.019733
-0.070887 0.053561 -0.016819
-0.066695 0.053175 -0.020045
-0.074133 0.054022 -0.022197
-0.066574 0.059755 -0.020978
-0.067268 0.049165 -0.018347
-0.066447 0.058463 -0.013829
-0.067713 0.060416 -0.028550
-0.072622 0.046014 -0.023938
-0.065645 0.042218 -0.017967
-0.066777 0.053088 -0.024993
-0.071605 0.057616 -0.019554
-0.065928 0.053733 -0.015627
-0.070847 0.057892 -0.015732
-0.074484 0.048790 -0.020751
-0.071933 0.054472 -0.030285
-0.074400 0.053022 -0.015609
-0.065184 0.059047 -0.017065
-0.072535 0.057266 -0.025204
-0.065211 0.061009 -0.024978
-0.069778 0.060435 -0.025474
-0.064616 0.056166 -0.019942
-0.064124 0.056954 -0.016085
-0.068809 0.049938 -0.023611
-0.069163 0.043979 -0.019680
-0.071293 0.047296 -0.016788
-0.071115 0.058280 -0.028938
-0.062839 0.041017 -0.015234
-0.074465 0.050671 -0.023944
-0.074557 0.051446 -0.019059
-0.070114 0.046574 -0.022518
-0.066091 0.047021 -0.017387
-0.064713 0.059792 -0.027395
-0.073358 0.047521 -0.027475
-0.069580 0.060160 -0.021847
-0.068891 0.049527 -0.027366
-0.064319 0.057637 -0.023649
-0.068012 0.047414 -0.020665
-0.070437 0.054079 -0.020576
-0.074300 0.044979 -0.026286
-0.067787 0.057942 -0.030930
-0.067552 0.049993 -0.028519
-0.073767 0.051039 -0.029834
-0.067566 0.060651 -0.017668
-0.063130 0.054602 -0.017549
-0.074282 0.053946 -0.025632
-0.068257 0.055822 -0.013872
-0.069930 0.047264 -0.025811
-0.071253 0.053295 -0.024042
-0.073328 0.045955 -0.020918
-0.067941 0.056141 -0.020199
-0.064822 0.045129 -0.017067
-0.073483 0.054828 -0.018563
-0.069004 0.044962 -0.017613
-0.069201 0.051615 -0.018827
-0.065940 0.055021 -0.022618
-0.075236 0.049994 -0.027428
-0.073770 0.056295 -0.015630
-0.069994 0.049643 -0.015895
-0.066731 0.050386 -0.021245
-0.063884 0.058099 -0.014179
-0.071696 0.045203 -0.027000
-0.073745 0.057755 -0.022130
-0.069430 0.052701 -0.030568
-0.067899 0.046320 -0.016748
-0.064820 0.060213 -0.014543
-0.065919 0.056598 -0.012717
-0.072034 0.060089 -0.023485
-0.067581 0.042321 -0.019119
-0.071071 0.055331 -0.027252
-0.062942 0.041235 -0.018277
-0.065815 0.048981 -0.016664
-0.065601 0.051592 -0.017732
-0.066186 0.052973 -0.028270
-0.072762 0.053514 -0.031469
-0.068202 0.054508 -0.017701
-0.064623 0.059375 -0.020277
-0.065311 0.040279 -0.016920
-0.070069 0.061310 -0.028844
-0.067332 0.058151 -0.011904
-0.069049 0.059127 -0.014064
-0.071806 0.049497 -0.023770
-0.069294 0.053078 -0.014244
-0.071630 0.044669 -0.021618
-0.066867 0.043722 -0.017046
-0.064289 0.043153 -0.016117
-0.066899 0.055355 -0.031395
-0.066336 0.056754 -0.028672
-0.064978 0.052478 -0.022854
-0.073205 0.050191 -0.016567
-0.067809 0.044712 -0.020877
-0.064995 0.043978 -0.019692
-0.068014 0.061899 -0.023575
-0.074578 0.053904 -0.028709
-0.067423 0.051030 -0.015361
-0.069174 0.052834 -0.026500
-0.066500 0.060622 -0.030511
-0.064972 0.057614 -0.029480
-0.068378 0.053230 -0.022570
-0.063092 0.038734 -0.015967
-0.072326 0.059839 -0.026907
-0.067651 0.062128 -0.026343
-0.070910 0.048264 -0.028649
-0.064932 0.061361 -0.018411
-0.075195 0.048980 -0.017969
-0.073599 0.056808 -0.027941
-0.062859 0.057873 -0.018573
-0.067073 0.060871 -0.014969
-0.065492 0.048124 -0.019182
-0.068728 0.058817 -0.019593
-0.064621 0.061643 -0.022088
-0.069847 0.048685 -0.018914
-0.064593 0.055530 -0.025978
-0.074632 0.057226 -0.019593
-0.069853 0.056057 -0.031442
-0.068934 0.060279 -0.030916
-0.074330 0.051198 -0.032424
-0.063143 0.059637 -0.016298
-0.071105 0.045383 -0.017900
-0.076088 0.051506 -0.021395
-0.071866 0.051975 -0.014571
-0.074517 0.049159 -0.031018
-0.074657 0.047730 -0.022788
-0.067784 0.061915 -0.020311
-0.067192 0.062258 -0.029836
-0.076014 0.053316 -0.023629
-0.064045 0.053872 -0.020665
-0.066608 0.053180 -0.030545
-0.072164 0.047989 -0.021366
-0.072367 0.057091 -0.031392
-0.069565 0.044776 -0.021718
-0.067335 0.059039 -0.023151
-0.065827 0.055492 -0.017365
-0.074938 0.056130 -0.024027
-0.070513 0.060230 -0.017786
-0.064474 0.051548 -0.020360
-0.072954 0.058471 -0.017295
-0.066542 0.058028 -0.018914
-0.070570 0.043383 -0.019801
-0.065314 0.041810 -0.019924
-0.065938 0.059380 -0.012302
-0.065778 0.061864 -0.027764
-0.071395 0.055330 -0.014724
-0.071484 0.055989 -0.022599
-0.075038 0.047419 -0.025460
-0.072085 0.052355 -0.018844
-0.064055 0.055815 -0.013986
-0.073179 0.046974 -0.018502
-0.066063 0.057909 -0.015925
-0.066888 0.050305 -0.025463

CELLS 3008 15040
4 756 790 26 867
4 43 817 764 823
4 756 796 759 812
4 140 788 762 811
4 768 844 829 850
4 6 829 844 850
4 754 772 770 834
4 754 770 809 834
4 347 808 877 897
4 744 201 769 832
4 749 463 585 804
4 452 140 788 878
4 514 767 385 808
4 755 785 766 799
4 824 862 776 866
4 385 514 391 767
4 236 796 756 867
4 698 6 844 850
4 51 614 782 796
4 752 796 789 840
4 777 779 755 785
4 775 788 130 811
4 247 543 39 778
4 770 772 760 834
4 39 778 795 869
4 801 822 757 861
4 39 778 543 795
4 766 755 779 785
4 766 755 778 779
4 756 796 812 870
4 789 796 782 840
4 762 788 140 878
4 752 789 796 887
4 43 823 764 830
4 123 793 770 826
4 766 779 778 860
4 756 783 759 849
4 779 785 777 859
4 201 744 769 908
4 782 789 251 796
4 756 812 823 870
4 51 782 251 796
4 446 430 133 773
4 805 825 781 907
4 790 796 756 823
4 755 758 785 799
4 614 51 237 796
4 759 783 756 812
4 754 809 770 868
4 306 320 727 783
4 778 791 543 795
4 763 809 780 896
4 20 204 744 769
4 43 830 764 853
4 781 891 805 907
4 752 762 807 840
4 760 797 770 834
4 794 757 822 861
4 385 808 767 881
4 78 768 305 827
4 767 806 792 840
4 203 800 201 832
4 26 790 756 810
4 130 775 421 788
4 6 152 471 829
4 756 759 796 849
4 683 762 653 892
4 744 611 201 832
4 763 795 780 809
4 653 762 652 884
4 201 769 832 908
4 653 884 141 892
4 756 827 783 849
4 26 174 790 810
4 752 818 813 870
4 543 778 247 791
4 752 787 773 878
4 764 823 817 870
4 26 790 174 867
4 66 551 287 827
4 43 764 817 853
4 338 767 92 842
4 123 770 821 826
4 781 803 469 905
4 752 782 796 840
4 752 787 762 840
4 759 812 796 870
4 768 850 829 898
4 787 807 762 840
4 181 771 180 853
4 671 209 795 871
4 772 816 760 901
4 782 796 614 818
4 756 827 768 843
4 785 799 758 873
4 191 190 213 876
4 109 574 737 816
4 140 453 788 811
4 305 78 656 768
4 752 782 807 857
4 305 318 827 836
4 759 796 789 887
4 795 809 763 890
4 109 772 574 816
4 760 772 811 816
4 808 759 877 897
4 747 9 2 905
4 753 779 777 826
4 760 772 770 811
4 827 849 756 850
4 227 226 238 908
4 756 823 796 870
4 30 824 819 899
4 146 469 803 905
4 614 239 51 782
4 201 800 199 908
4 768 827 287 836
4 755 791 778 795
4 727 783 320 827
4 763 835 795 869
4 756 796 790 867
4 19 180 831 853
4 755 777 785 828
4 752 807 782 840
4 754 805 772 834
4 6 829 471 844
4 764 796 790 823
4 781 825 805 905
4 754 802 772 839
4 338 789 842 889
4 452 140 453 788
4 770 772 754 868
4 660 413 380 793
4 752 848 863 906
4 753 793 779 826
4 648 816 811 872
4 797 809 770 834
4 766 785 779 837
4 185 780 795 814
4 236 756 796 849
4 491 862 824 866
4 111 779 112 826
4 185 780 186 795
4 66 551 827 898
4 43 280 817 823
4 305 827 768 836
4 204 769 20 847
4 152 471 829 844
4 752 762 797 807
4 780 814 185 885
4 66 836 829 898
4 811 816 772 895
4 345 317 560 778
4 755 778 779 890
4 752 796 870 887
4 774 757 801 822
4 695 872 770 895
4 765 781 825 907
4 191 213 776 876
4 201 611 203 832
4 767 808 514 842
4 753 793 770 868
4 752 840 789 887
4 752 807 797 857
4 698 844 810 850
4 839 866 802 893
4 506 569 774 873
4 752 784 848 906
4 347 877 808 906
4 765 825 805 907
4 380 793 413 826
4 653 652 141 884
4 126 706 431 863
4 760 813 834 853
4 808 842 759 897
4 21 795 209 871
4 756 783 827 843
4 755 777 753 779
4 498 869 862 882
4 380 793 826 851
4 615 623 805 841
4 771 831 180 853
4 212 702 191 776
4 753 770 809 868
4 773 788 752 878
4 755 795 778 890
4 691 599 459 777
4 759 870 796 887
4 123 821 750 826
4 752 773 787 887
4 770 811 772 895
4 752 797 813 857
4 794 822 282 861
4 149 146 469 803
4 446 773 133 881
4 766 778 755 791
4 213 824 776 876
4 486 778 39 869
4 402 808 385 881
4 305 768 656 836
4 752 762 787 878
4 537 39 543 795
4 805 891 754 907
4 556 86 767 820
4 780 809 795 814
4 757 794 822 854
4 744 204 478 769
4 768 827 756 850
4 361 873 799 874
4 201 832 800 908
4 757 792 806 840
4 275 768 656 843
4 413 793 123 826
4 239 251 51 782
4 415 808 773 906
4 766 755 799 846
4 772 834 805 901
4 653 762 884 892
4 213 190 824 876
4 78 656 768 843
4 795 814 809 890
4 61 823 810 843
4 791 795 755 871
4 450 804 787 815
4 543 791 31 795
4 695 821 770 872
4 581 111 112 826
4 19 831 830 853
4 765 781 819 825
4 706 773 431 863
4 486 247 39 778
4 112 779 111 851
4 372 391 514 767
4 615 805 771 841
4 849 850 827 898
4 743 19 180 831
4 746 155 171 829
4 380 826 112 851
4 323 789 338 889
4 757 822 774 854
4 413 123 750 826
4 829 836 768 898
4 320 783 82 827
4 760 770 797 811
4 185 814 795 871
4 754 802 839 866
4 684 6 471 844
4 801 822 568 833
4 401 779 429 837
4 779 112 826 851
4 762 787 804 807
4 707 694 122 775
4 564 345 560 778
4 227 614 818 908
4 818 831 764 867
4 123 770 695 821
4 74 802 862 866
4 653 140 652 762
4 695 770 123 895
4 796 849 759 889
4 712 866 824 899
4 556 767 806 820
4 776 835 702 865
4 469 151 699 781
4 402 106 385 808
4 764 823 790 830
4 752 870 784 906
4 298 839 88 899
4 391 767 372 798
4 838 839 298 899
4 818 867 179 894
4 684 698 6 844
4 760 834 772 901
4 560 778 317 869
4 61 810 547 843
4 754 866 839 907
4 753 793 826 902
4 613 810 61 823
4 212 776 248 835
4 26 810 756 850
4 383 514 385 808
4 399 413 660 793
4 762 752 788 878
4 373 808 347 897
4 768 827 78 843
4 338 789 767 842
4 753 770 793 902
4 415 403 773 808
4 756 849 236 850
4 817 823 784 870
4 703 282 822 861
4 446 433 787 881
4 527 437 434 788
4 686 179 867 894
4 752 787 840 887
4 620 626 67 789
4 752 863 773 906
4 760 834 841 853
4 227 614 610 818
4 403 706 415 773
4 453 130 788 811
4 796 764 818 870
4 801 861 792 880
4 317 778 301 869
4 819 825 230 899
4 111 779 745 851
4 727 320 82 827
4 752 848 784 870
4 433 446 133 881
4 831 834 813 853
4 412 427 661 837
4 671 795 791 871
4 772 816 109 895
4 671 21 209 871
4 469 781 530 803
4 635 774 569 873
4 818 857 847 908
4 779 793 753 890
4 276 555 278 823
4 89 866 839 893
4 782 818 614 908
4 750 123 695 821
4 757 806 782 840
4 276 823 61 843
4 766 799 785 874
4 753 826 777 902
4 80 827 812 843
4 616 248 212 776
4 746 6 155 829
4 345 778 564 860
4 770 811 872 902
4 133 430 416 773
4 770 753 809 902
4 757 774 828 854
4 599 455 583 777
4 757 794 782 806
4 660 793 380 851
4 599 777 583 859
4 796 823 764 870
4 416 430 431 773
4 653 683 467 762
4 30 210 819 824
4 648 816 872 895
4 752 848 788 863
4 792 820 509 861
4 691 777 459 826
4 202 20 769 847
4 784 817 280 823
4 498 552 862 869
4 401 779 837 860
4 765 866 839 899
4 812 827 783 843
4 747 2 697 905
4 227 818 847 908
4 783 759 849 889
4 780 795 763 835
4 759 870 887 906
4 757 804 787 807
4 762 752 797 904
4 757 807 787 840
4 411 136 425 785
4 756 812 783 843
4 659 799 361 873
4 802 866 754 907
4 438 648 811 872
4 695 135 872 895
4 661 785 136 837
4 208 476 184 819
4 839 866 765 907
4 758 799 755 846
4 212 702 776 835
4 6 155 829 850
4 146 803 601 905
4 411 837 785 874
4 771 805 781 891
4 783 812 80 827
4 166 185 165 780
4 831 867 818 894
4 770 893 123 895
4 752 848 870 904
4 686 867 831 894
4 599 456 455 892
4 626 323 67 789
4 768 756 843 850
4 314 94 659 799
4 437 453 130 788
4 317 345 332 778
4 781 896 891 907
4 599 455 777 892
4 26 222 236 867
4 206 769 204 847
4 780 835 763 896
4 498 505 869 882
4 760 817 813 853
4 560 564 778 869
4 790 796 764 867
4 450 787 804 884
4 173 34 790 810
4 762 788 752 904
4 720 835 232 869
4 813 818 764 870
4 62 251 789 796
4 185 533 814 871
4 20 202 769 908
4 100 349 515 784
4 757 815 792 903
4 698 684 810 844
4 761 831 803 891
4 178 686 179 867
4 743 830 19 831
4 694 775 707 816
4 308 820 806 861
4 656 768 275 836
4 759 808 877 906
4 680 815 801 852
4 555 812 276 843
4 770 872 821 902
4 774 822 801 833
4 817 870 848 904
4 258 66 829 898
4 227 818 610 847
4 449 446 433 787
4 165 780 185 885
4 773 788 696 863
4 753 807 777 828
4 757 828 774 852
4 412 661 136 837
4 361 799 94 874
4 753 795 814 871
4 781 805 771 905
4 755 785 758 828
4 487 862 550 869
4 752 773 887 906
4 829 850 587 898
4 695 123 135 895
4 769 832 758 871
4 260 783 827 849
4 487 835 862 869
4 544 673 482 858
4 702 189 776 865
4 752 788 773 863
4 769 847 857 908
4 323 789 626 806
4 814 847 533 885
4 785 874 873 888
4 683 821 762 892
4 56 712 824 899
4 702 189 191 776
4 782 794 238 806
4 655 778 317 900
4 166 795 780 835
4 753 769 814 857
4 315 802 74 866
4 275 836 768 844
4 74 802 557 862
4 478 832 769 871
4 757 804 828 852
4 755 753 777 828
4 782 857 818 908
4 599 777 691 892
4 728 852 774 888
4 487 232 835 869
4 512 767 705 798
4 865 896 781 907
4 298 88 712 899
4 318 77 827 836
4 189 190 191 876
4 533 847 814 871
4 802 776 862 866
4 271 629 824 866
4 359 805 772 839
4 789 796 759 889
4 564 851 778 869
4 757 787 815 903
4 306 727 260 783
4 774 801 757 852
4 615 241 623 841
4 766 791 755 846
4 111 401 745 779
4 809 814 753 890
4 43 790 823 830
4 115 109 816 895
4 185 814 533 885
4 438 811 648 816
4 320 783 306 889
4 834 841 805 901
4 655 301 317 778
4 189 191 776 876
4 614 237 240 796
4 615 771 241 841
4 839 866 88 899
4 752 887 870 906
4 508 798 705 820
4 442 425 136 785
4 795 869 778 890
4 755 779 753 890
4 498 505 552 869
4 260 783 727 827
4 765 839 838 899
4 781 865 891 896
4 569 774 635 833
4 782 806 789 840
4 450 787 451 815
4 52 280 43 823
4 755 753 795 890
4 345 332 778 860
4 763 869 795 890
4 777 892 804 902
4 62 51 251 796
4 560 317 301 869
4 360 574 97 772
4 766 846 799 855
4 772 839 802 893
4 186 780 166 795
4 429 779 111 826
4 306 783 849 889
4 166 835 780 865
4 760 841 834 901
4 176 26 174 867
4 6 698 155 850
4 282 794 800 822
4 761 818 813 857
4 791 755 846 871
4 276 812 555 823
4 126 415 706 863
4 780 809 761 891
4 792 815 801 880
4 620 626 789 806
4 827 850 768 898
4 817 813 870 904
4 696 788 773 878
4 753 755 795 871
4 358 792 861 880
4 439 852 728 888
4 765 825 819 899
4 778 851 564 860
4 772 802 754 893
4 788 848 752 904
4 764 831 830 867
4 757 782 807 840
4 748 877 783 897
4 601 803 771 905
4 822 832 758 854
4 439 864 852 888
4 762 878 652 884
4 276 278 61 823
4 601 771 697 905
4 805 834 754 891
4 809 868 763 890
4 352 574 360 772
4 352 772 360 839
4 686 17 831 867
4 773 446 878 881
4 832 845 53 886
4 372 767 731 798
4 415 773 706 863
4 347 808 373 906
4 765 819 781 907
4 6 154 152 829
4 332 317 778 900
4 762 811 797 902
4 53 845 832 846
4 746 154 6 829
4 803 831 761 885
4 770 797 811 902
4 260 849 827 898
4 187 40 795 835
4 825 838 230 899
4 478 204 206 769
4 703 822 341 861
4 410 874 785 888
4 399 123 413 793
4 619 850 849 898
4 220 539 540 898
4 614 239 782 908
4 513 775 378 879
4 361 659 94 799
4 801 833 368 875
4 455 864 777 892
4 468 683 653 892
4 753 793 868 890
4 799 873 785 874
4 782 757 807 854
4 146 149 601 803
4 772 805 754 839
4 783 842 320 897
4 830 831 17 867
4 774 822 506 873
4 486 39 720 869
4 407 688 396 775
4 819 824 765 899
4 438 134 648 872
4 34 675 197 790
4 327 298 838 839
4 166 186 185 780
4 657 627 324 877
4 755 769 758 871
4 758 769 755 854
4 444 649 459 826
4 764 818 813 831
4 185 795 21 871
4 629 491 824 866
4 79 323 85 889
4 80 78 827 843
4 813 831 761 834
4 416 431 706 773
4 72 323 79 889
4 403 416 706 773
4 822 828 774 854
4 74 862 491 866
4 320 306 79 889
4 787 878 446 881
4 274 836 591 858
4 747 697 771 905
4 634 569 510 833
4 770 809 797 902
4 709 30 210 819
4 777 804 807 902
4 224 201 199 908
4 359 772 805 901
4 745 779 401 860
4 774 852 864 888
4 796 818 764 867
4 324 627 307 877
4 136 785 411 837
4 469 3 151 781
4 240 614 796 818
4 411 522 837 874
4 763 868 809 896
4 782 794 757 854
4 438 775 130 811
4 557 74 315 802
4 758 828 785 873
4 779 837 785 859
4 372 514 731 767
4 747 161 162 771
4 438 775 811 816
4 807 828 755 854
4 760 841 817 853
4 762 804 892 902
4 80 783 748 812
4 800 832 822 854
4 787 804 757 815
4 757 792 801 861
4 174 790 606 867
4 779 826 793 851
4 748 812 783 877
4 450 585 682 884
4 690 831 803 894
4 415 773 863 906
4 755 807 753 828
4 80 812 321 843
4 753 777 807 902
4 757 815 804 852
4 297 328 799 855
4 536 19 830 853
4 660 380 381 851
4 526 434 437 788
4 822 832 800 886
4 436 801 420 875
4 782 854 807 857
4 784 823 812 870
4 763 862 835 869
4 203 29 800 832
4 591 836 786 858
4 152 602 471 844
4 797 811 762 904
4 563 805 359 839
4 653 467 140 762
4 187 39 537 795
4 434 696 788 863
4 318 305 304 836
4 429 111 581 826
4 869 882 851 890
4 804 815 585 852
4 583 777 455 864
4 663 786 591 836
4 210 819 824 876
4 760 775 848 879
4 545 236 849 850
4 813 817 764 853
4 62 251 67 789
4 189 776 865 876
4 613 790 810 823
4 378 775 571 879
4 753 868 809 890
4 759 812 784 877
4 772 754 868 893
4 106 383 385 808
4 778 851 779 890
4 109 110 772 895
4 761 813 818 831
4 88 866 712 899
4 759 784 812 870
4 332 778 860 900
4 350 349 100 784
4 151 781 3 819
4 116 401 429 837
4 832 846 758 871
4 660 381 793 851
4 658 677 571 879
4 831 885 803 894
4 378 571 93 879
4 733 247 285 791
4 203 29 739 800
4 527 434 696 788
4 765 824 819 907
4 490 32 786 844
4 862 869 763 882
4 599 583 444 859
4 766 791 846 855
4 795 753 814 890
4 383 514 808 842
4 649 429 826 859
4 528 803 780 885
4 714 869 505 882
4 276 812 823 843
4 761 809 780 814
4 433 582 451 787
4 803 885 761 891
4 745 851 779 860
4 450 585 804 815
4 68 855 799 856
4 757 804 807 828
4 43 817 64 853
4 762 807 804 902
4 788 811 775 904
4 780 761 885 891
4 787 773 881 887
4 165 528 780 885
4 760 811 775 816
4 568 861 801 880
4 43 280 64 817
4 802 868 754 893
4 776 866 802 907
4 758 832 822 886
4 271 824 712 866
4 764 817 813 870
4 788 762 811 904
4 78 554 656 843
4 808 842 767 887
4 140 652 762 878
4 728 833 774 852
4 691 821 777 826
4 26 756 33 850
4 120 801 815 880
4 627 278 307 823
4 716 123 893 895
4 403 106 402 808
4 832 845 758 846
4 530 803 781 865
4 166 780 165 865
4 760 848 775 904
4 547 276 61 843
4 320 842 783 889
4 340 509 820 861
4 208 819 230 899
4 591 786 50 858
4 788 775 848 904
4 753 809 797 857
4 780 891 865 896
4 202 847 769 908
4 110 640 97 772
4 3 781 469 905
4 449 446 787 878
4 776 824 866 907
4 401 837 400 860
4 552 550 862 869
4 635 873 102 888
4 469 530 149 803
4 813 764 831 853
4 247 778 285 791
4 238 794 782 908
4 699 530 469 781
4 767 798 391 903
4 728 774 740 888
4 773 878 787 881
4 613 675 34 790
4 323 626 556 806
4 449 433 451 787
4 477 786 32 844
4 763 882 869 890
4 627 812 784 823
4 771 834 831 853
4 757 801 792 815
4 648 872 134 895
4 66 489 829 836
4 297 68 299 855
4 297 799 68 855
4 824 876 819 907
4 133 773 416 881
4 698 810 604 850
4 728 740 774 833
4 758 828 822 854
4 431 430 445 773
4 778 766 860 900
4 206 769 847 871
4 286 498 552 862
4 779 826 429 859
4 769 832 800 854
4 797 807 762 902
4 761 797 813 834
4 757 806 792 861
4 777 864 804 892
4 39 187 40 795
4 789 767 842 887
4 411 425 410 785
4 271 629 491 824
4 771 761 834 891
4 777 807 804 828
4 368 801 568 833
4 338 842 85 889
4 771 803 781 905
4 30 819 208 899
4 769 758 832 854
4 257 591 663 786
4 805 838 765 839
4 583 859 777 864
4 811 872 816 895
4 779 851 793 890
4 756 810 823 843
4 716 135 123 895
4 614 227 239 908
4 772 868 770 893
4 208 230 243 899
4 116 429 525 837
4 800 832 769 908
4 627 307 812 823
4 197 790 675 830
4 741 407 396 775
4 67 62 789 889
4 774 833 740 888
4 22 709 210 819
4 758 845 832 886
4 761 813 797 857
4 373 842 808 897
4 784 848 817 870
4 240 818 796 867
4 433 582 787 881
4 141 468 653 892
4 760 848 817 879
4 828 852 804 864
4 635 774 873 888
4 760 816 775 901
4 819 825 781 905
4 285 778 655 900
4 512 731 767 798
4 228 615 825 905
4 767 792 806 820
4 350 817 784 848
4 760 811 797 904
4 248 776 481 835
4 760 813 797 834
4 587 171 155 829
4 3 819 781 905
4 251 620 67 789
4 776 896 865 907
4 761 809 797 834
4 298 327 88 839
4 285 791 778 900
4 274 663 591 836
4 286 552 550 862
4 824 866 765 899
4 425 785 442 888
4 809 834 761 891
4 761 814 780 885
4 296 297 328 799
4 781 876 776 907
4 777 821 691 892
4 38 207 671 871
4 513 848 775 879
4 513 378 93 879
4 319 333 334 897
4 162 200 183 771
4 299 855 68 856
4 394 407 741 775
4 851 882 793 890
4 428 525 837 859
4 660 793 381 882
4 260 619 849 898
4 714 507 869 882
4 82 783 320 897
4 109 115 110 895
4 87 817 350 848
4 797 809 753 902
4 517 108 375 792
4 426 750 821 826
4 148 146 601 905
4 771 841 834 853
4 447 801 680 815
4 429 401 111 779
4 227 847 202 908
4 359 805 563 901
4 768 843 810 850
4 757 801 815 852
4 817 848 760 904
4 710 256 654 858
4 264 281 262 794
4 201 226 744 908
4 802 896 776 907
4 765 838 825 899
4 518 521 639 775
4 375 792 108 798
4 475 790 830 867
4 260 827 727 898
4 777 826 779 859
4 754 891 809 896
4 217 193 50 858
4 269 243 230 899
4 292 281 282 861
4 761 771 831 891
4 785 864 442 888
4 652 464 141 884
4 759 784 870 906
4 800 822 794 854
4 10 204 20 847
4 837 860 766 883
4 217 50 786 858
4 568 801 368 875
4 262 63 794 806
4 305 656 304 836
4 178 17 686 867
4 606 790 174 810
4 780 865 835 896
4 753 814 809 857
4 518 405 848 863
4 616 481 248 776
4 810 844 768 850
4 481 835 776 862
4 671 207 21 871
4 792 417 815 880
4 478 205 832 871
4 778 791 766 900
4 415 392 808 906
4 518 405 775 848
4 53 242 845 846
4 420 801 120 880
4 774 822 758 828
4 43 790 675 823
4 58 591 50 858
4 71 556 626 806
4 829 836 786 844
4 809 891 780 896
4 138 833 801 875
4 758 755 828 854
4 761 797 809 857
4 247 733 246 791
4 269 230 838 899
4 170 829 168 858
4 792 798 375 820
4 634 312 506 822
4 532 702 835 865
4 752 870 813 904
4 766 785 837 874
4 766 837 779 860
4 747 697 1 771
4 615 805 623 825
4 761 885 831 894
4 537 209 186 795
4 377 667 722 880
4 448 680 584 815
4 779 851 778 860
4 306 783 260 849
4 452 788 527 878
4 661 442 136 785
4 556 806 71 820
4 78 305 318 827
4 439 728 740 888
4 803 831 771 891
4 509 358 792 861
4 354 802 566 893
4 411 390 398 837
4 450 804 585 884
4 271 56 712 824
4 587 829 155 850
4 187 795 166 835
4 805 825 765 838
4 323 72 67 889
4 771 761 831 834
4 412 136 411 837
4 403 808 402 881
4 206 847 533 871
4 205 846 832 871
4 285 733 791 900
4 511 860 837 883
4 56 824 48 899
4 851 869 507 882
4 73 845 822 886
4 762 804 787 884
4 627 784 280 823
4 43 675 52 823
4 761 847 818 857
4 835 865 776 896
4 785 828 777 864
4 238 251 239 782
4 814 847 769 871
4 768 836 829 844
4 690 803 145 894
4 513 87 848 879
4 777 828 804 864
4 359 772 352 839
4 634 510 822 833
4 281 794 282 861
4 118 578 798 903
4 817 848 87 879
4 792 815 404 903
4 754 896 802 907
4 176 174 606 867
4 651 859 583 864
4 420 875 801 880
4 660 730 793 882
4 552 505 714 869
4 810 843 768 844
4 12 3 22 819
4 753 857 797 902
4 420 436 447 801
4 125 767 391 903
4 732 786 193 858
4 240 179 818 867
4 81 820 308 861
4 759 783 877 897
4 171 14 169 829
4 312 822 293 886
4 799 855 328 874
4 770 868 793 893
4 787 881 840 887
4 755 758 846 871
4 478 769 206 871
4 789 806 767 840
4 794 854 782 908
4 799 855 846 856
4 185 186 21 795
4 438 130 453 811
4 777 859 785 864
4 547 843 810 844
4 192 50 193 858
4 757 794 806 861
4 185 21 533 871
4 451 787 132 815
4 761 809 814 857
4 675 790 43 830
4 133 579 433 881
4 669 780 803 865
4 690 685 831 894
4 33 756 236 850
4 288 827 551 898
4 527 452 453 788
4 751 841 771 853
4 328 314 296 799
4 10 533 204 847
4 140 452 652 878
4 799 846 845 856
4 625 55 791 855
4 771 834 805 891
4 449 878 787 884
4 475 830 16 867
4 767 798 792 820
4 165 780 669 865
4 610 847 818 894
4 470 529 153 786
4 774 828 758 873
4 323 338 85 889
4 813 817 760 904
4 142 804 864 892
4 781 865 803 891
4 369 879 775 901
4 415 392 403 808
4 142 864 455 892
4 695 426 750 821
4 776 865 781 907
4 205 611 478 832
4 217 786 732 858
4 635 833 774 888
4 89 640 353 893
4 757 828 807 854
4 475 790 726 830
4 657 784 627 877
4 774 828 785 864
4 444 649 826 859
4 227 610 202 847
4 571 378 379 775
4 513 87 350 848
4 760 775 811 904
4 336 346 631 820
4 593 877 347 906
4 429 581 649 826
4 296 68 297 799
4 391 372 687 798
4 84 318 83 827
4 264 794 250 800
4 80 748 321 812
4 304 70 318 836
4 182 610 240 818
4 756 810 790 823
4 802 862 776 896
4 746 171 169 829
4 431 445 696 773
4 666 327 298 838
4 680 801 138 852
4 793 851 381 882
4 261 796 62 849
4 771 781 803 891
4 358 861 568 880
4 622 822 800 886
4 94 328 565 874
4 774 758 822 873
4 50 192 193 217
4 318 70 77 836
4 633 320 842 897
4 758 845 799 846
4 530 781 699 876
4 765 866 824 907
4 210 824 190 876
4 101 837 874 883
4 182 818 179 894
4 563 805 342 901
4 781 865 776 876
4 217 732 193 858
4 791 846 855 856
4 230 229 253 825
4 351 506 822 873
4 610 27 847 894
4 801 833 138 852
4 769 854 800 908
4 783 812 759 877
4 556 337 86 820
4 240 796 236 867
4 787 881 582 903
4 346 508 337 820
4 637 837 101 883
4 777 826 821 902
4 30 211 210 824
4 350 784 100 848
4 805 834 771 841
4 810 843 756 850
4 868 882 793 893
4 15 173 790 810
4 860 883 355 900
4 335 748 319 897
4 347 748 335 897
4 369 775 816 901
4 776 862 835 896
4 202 610 27 847
4 632 69 625 855
4 21 186 209 795
4 774 785 828 873
4 193 786 529 858
4 713 799 659 873
4 134 438 139 872
4 313 359 352 839
4 767 840 787 881
4 774 864 785 888
4 343 352 360 839
4 422 694 707 816
4 730 793 882 893
4 312 73 822 886
4 686 182 179 894
4 67 277 62 889
4 456 599 691 892
4 702 532 189 865
4 561 334 333 897
4 120 815 417 880
4 328 855 504 874
4 513 639 775 848
4 230 825 253 838
4 648 134 440 895
4 607 15 197 790
4 698 684 604 810
4 206 204 533 847
4 394 405 421 775
4 758 822 845 886
4 503 845 799 873
4 142 804 852 864
4 66 287 489 836
4 72 277 67 889
4 753 807 857 902
4 322 337 71 820
4 797 813 760 904
4 279 71 806 820
4 630 308 281 861
4 707 775 438 816
4 475 726 16 830
4 280 784 665 817
4 669 780 528 803
4 654 24 535 858
4 434 126 696 863
4 17 159 830 867
4 82 827 783 897
4 627 280 278 823
4 805 841 311 901
4 1 160 743 831
4 669 165 528 780
4 230 819 184 825
4 718 585 815 852
4 754 834 809 891
4 166 11 835 865
4 65 270 493 899
4 236 796 261 849
4 752 813 797 904
4 282 800 622 822
4 417 792 108 880
4 122 421 130 775
4 567 802 354 882
4 351 822 845 873
4 410 785 425 888
4 268 799 845 856
4 236 237 261 796
4 774 852 828 864
4 687 382 668 798
4 518 775 639 848
4 467 139 453 872
4 677 93 571 879
4 759 789 842 887
4 723 852 439 864
4 601 144 771 803
4 563 342 704 901
4 489 829 836 858
4 258 66 489 829
4 29 46 800 832
4 320 79 85 889
4 721 341 326 822
4 359 563 704 901
4 164 533 847 885
4 362 874 575 888
4 250 63 44 794
4 1 771 144 831
4 465 652 878 884
4 448 447 680 815
4 754 868 802 896
4 324 307 812 877
4 369 658 879 901
4 787 767 881 903
4 242 54 845 846
4 62 261 51 796
4 150 147 0 803
4 643 678 833 875
4 637 101 364 883
4 713 102 873 888
4 341 510 568 822
4 746 169 154 829
4 314 559 296 799
4 679 635 516 833
4 403 402 416 881
4 391 687 708 798
4 81 340 820 861
4 593 347 373 906
4 468 821 683 892
4 436 138 801 875
4 1 161 747 771
4 486 720 592 869
4 754 891 896 907
4 803 865 780 891
4 283 623 241 841
4 556 71 337 820
4 297 300 504 855
4 728 138 833 852
4 73 351 822 845
4 649 428 429 859
4 806 820 792 861
4 358 568 367 880
4 763 862 802 896
4 760 775 879 901
4 365 346 336 820
4 657 324 502 877
4 320 85 842 889
4 660 730 399 793
4 713 503 799 873
4 758 845 822 873
4 749 463 804 884
4 509 375 357 820
4 14 171 588 829
4 747 162 183 771
4 730 399 793 893
4 763 868 793 890
4 793 868 763 882
4 21 206 533 871
4 441 457 458 872
4 20 226 202 908
4 357 340 509 820
4 337 631 346 820
4 282 622 310 822
4 713 503 659 799
4 780 885 803 891
4 105 745 401 860
4 437 527 453 788
4 265 841 751 853
4 298 65 838 899
4 751 241 771 841
4 612 30 208 899
4 55 625 69 855
4 239 238 782 908
4 285 284 733 900
4 819 876 781 907
4 651 661 583 859
4 814 847 761 857
4 763 793 882 890
4 797 857 807 902
4 250 794 44 800
4 29 46 739 800
4 530 865 781 876
4 622 282 263 800
4 439 442 864 888
4 550 494 286 862
4 65 493 838 899
4 13 529 193 786
4 761 831 818 894
4 754 809 868 896
4 359 574 352 772
4 44 800 794 908
4 237 51 261 796
4 264 281 794 800
4 543 246 542 791
4 269 230 253 838
4 134 872 440 895
4 82 320 633 897
4 835 862 763 896
4 277 849 62 889
4 554 80 321 843
4 212 248 41 835
4 282 794 281 800
4 439 723 728 852
4 125 391 798 903
4 737 574 573 816
4 683 458 457 872
4 333 827 82 897
4 54 845 846 856
4 88 839 89 866
4 415 126 580 863
4 542 246 255 791
4 306 849 260 889
4 475 16 159 867
4 612 208 243 899
4 756 823 812 843
4 294 825 805 838
4 515 784 374 906
4 113 106 403 808
4 574 772 573 816
4 309 784 350 817
4 282 281 263 800
4 189 865 167 876
4 212 41 702 835
4 101 874 371 883
4 532 702 188 835
4 716 123 399 893
4 400 837 511 860
4 266 628 293 886
4 299 300 297 855
4 582 132 451 787
4 785 873 774 888
4 376 517 375 792
4 427 837 525 859
4 132 815 787 903
4 811 770 872 895
4 601 697 148 905
4 565 328 504 874
4 339 693 657 784
4 767 881 808 887
4 390 101 837 874
4 627 657 693 784
4 503 559 799 845
4 661 859 651 864
4 354 636 802 893
4 637 511 837 883
4 450 662 584 815
4 759 842 808 887
4 164 185 533 885
4 381 851 507 882
4 547 60 843 844
4 778 869 851 890
4 496 805 563 838
4 401 400 105 860
4 168 170 169 829
4 767 840 881 887
4 648 409 816 895
4 761 818 847 894
4 344 504 855 874
4 45 800 832 886
4 339 349 350 784
4 641 380 112 851
4 182 240 179 818
4 625 855 791 900
4 440 441 135 872
4 283 241 265 841
4 799 845 758 873
4 321 812 748 877
4 493 298 65 838
4 110 893 772 895
4 623 805 624 825
4 462 680 138 852
4 424 409 440 895
4 13 193 732 786
4 585 804 463 884
4 24 192 193 858
4 830 831 764 853
4 260 727 289 898
4 80 554 78 843
4 721 510 341 822
4 16 830 159 867
4 443 821 695 872
4 683 821 458 872
4 137 696 773 878
4 598 740 833 888
4 513 350 100 848
4 701 698 604 850
4 121 875 128 880
4 87 309 350 817
4 504 328 297 855
4 30 709 208 819
4 663 304 656 836
4 766 883 860 900
4 655 317 76 900
4 510 721 634 822
4 787 878 762 884
4 323 67 789 889
4 682 585 461 884
4 151 819 12 876
4 255 55 244 791
4 137 452 527 878
4 763 802 868 896
4 466 141 884 892
4 345 564 356 860
4 648 440 409 895
4 223 830 43 853
4 536 830 223 853
4 759 783 842 889
4 299 617 855 856
4 142 852 586 864
4 404 792 417 815
4 78 318 84 827
4 802 862 763 882
4 344 565 504 874
4 135 440 872 895
4 612 590 48 899
4 530 150 803 865
4 133 416 579 881
4 520 377 121 880
4 90 808 373 842
4 648 422 707 816
4 409 115 524 816
4 354 802 636 882
4 240 236 222 867
4 584 718 585 815
4 759 842 789 889
4 383 808 90 842
4 745 576 851 860
4 125 881 767 903
4 751 28 200 771
4 721 312 634 822
4 759 842 783 897
4 355 860 511 883
4 354 566 636 893
4 610 182 27 894
4 606 790 475 867
4 666 298 493 838
4 318 77 83 827
4 264 263 281 800
4 510 569 594 833
4 767 789 840 887
4 747 771 183 905
4 151 531 699 876
4 791 855 766 900
4 344 874 855 883
4 149 530 150 803
4 213 211 742 824
4 465 652 452 878
4 504 500 344 855
4 390 522 101 874
4 59 710 488 858
4 750 581 413 826
4 91 365 336 820
4 769 847 814 857
4 545 236 261 849
4 651 583 455 864
4 776 876 824 907
4 281 292 630 861
4 210 12 819 876
4 37 832 205 846
4 219 218 490 786
4 253 229 252 825
4 817 841 760 879
4 268 68 799 856
4 269 253 254 838
4 483 800 225 908
4 554 321 812 843
4 176 222 26 867
4 572 775 577 816
4 65 298 712 899
4 160 1 144 831
4 236 240 237 796
4 205 36 611 832
4 432 131 815 903
4 253 825 252 838
4 31 543 542 791
4 277 72 306 889
4 120 435 417 815
4 414 416 402 881
4 116 400 401 837
4 271 491 57 824
4 325 676 841 879
4 749 585 142 804
4 216 548 218 786
4 132 787 582 903
4 268 845 54 856
4 774 833 801 852
4 319 827 333 897
4 681 691 459 826
4 128 875 420 880
4 255 625 55 791
4 761 847 814 885
4 355 356 860 900
4 538 258 829 898
4 777 821 892 902
4 64 280 665 817
4 312 351 506 822
4 687 372 570 798
4 364 101 371 883
4 433 579 582 881
4 408 833 740 875
4 189 532 167 865
4 704 369 816 901
4 380 641 381 851
4 686 831 685 894
4 817 841 291 853
4 461 585 463 884
4 3 469 146 905
4 427 412 525 837
4 749 884 804 892
4 45 622 800 886
4 74 286 494 862
4 691 821 468 892
4 35 751 198 853
4 246 543 247 791
4 523 643 408 875
4 225 264 250 800
4 115 816 409 895
4 312 73 351 822
4 415 863 386 906
4 633 320 85 842
4 240 610 614 818
4 274 273 836 858
4 184 825 819 905
4 166 165 669 865
4 726 175 790 810
4 735 0 147 803
4 291 841 265 853
4 686 17 685 831
4 586 142 718 852
4 43 35 223 853
4 79 306 72 889
4 628 266 711 845
4 555 554 812 843
4 536 223 35 853
4 59 836 273 858
4 545 849 619 850
4 442 661 651 864
4 763 868 802 882
4 44 794 238 908
4 631 337 322 820
4 558 311 841 901
4 568 801 875 880
4 496 563 499 838
4 184 230 208 819
4 150 0 149 803
4 148 697 2 905
4 232 720 40 835
4 742 57 213 824
4 348 657 502 877
4 544 49 673 858
4 313 838 499 839
4 760 879 841 901
4 483 225 44 908
4 283 325 676 841
4 351 845 503 873
4 483 44 224 908
4 736 153 529 786
4 371 874 344 883
4 363 567 354 882
4 643 833 408 875
4 558 879 658 901
4 602 786 5 844
4 550 487 494 862
4 734 841 817 879
4 681 821 691 826
4 426 459 649 826
4 55 69 617 855
4 572 369 775 816
4 348 784 657 877
4 751 265 241 841
4 732 193 192 217
4 772 893 770 895
4 108 107 375 798
4 220 538 829 898
4 59 488 836 858
4 628 845 73 886
4 766 855 799 874
4 511 400 637 837
4 762 892 821 902
4 94 370 362 874
4 303 77 70 836
4 545 33 236 850
4 216 194 732 786
4 530 531 865 876
4 786 836 829 858
4 608 847 27 894
4 371 344 95 883
4 808 887 773 906
4 74 498 286 862
4 332 76 317 900
4 210 211 190 824
4 513 93 87 879
4 56 48 590 899
4 88 327 343 839
4 493 270 269 899
4 558 841 676 879
4 553 551 288 827
4 491 74 494 862
4 458 468 681 821
4 792 798 767 903
4 558 841 879 901
4 566 802 315 866
4 218 548 490 786
4 566 354 315 802
4 362 361 94 874
4 244 791 55 856
4 10 164 533 847
4 636 882 802 893
4 773 808 881 887
4 78 84 80 827
4 12 151 3 819
4 472 184 476 819
4 624 805 294 825
4 628 711 73 845
4 489 836 488 858
4 641 745 576 851
4 213 190 211 824
4 490 484 32 844
4 734 325 841 879
4 414 579 416 881
4 450 584 585 815
4 95 364 371 883
4 749 466 463 884
4 313 327 838 839
4 85 338 92 842
4 555 276 554 843
4 444 428 649 859
4 663 656 275 836
4 631 322 336 820
4 22 210 12 819
4 747 183 9 905
4 458 683 468 821
4 436 717 138 875
4 802 882 868 893
4 759 887 808 906
4 489 674 829 858
4 676 677 658 879
4 564 851 576 860
4 85 92 633 842
4 594 678 368 833
4 164 165 185 885
4 165 164 528 885
4 432 124 131 903
4 749 804 142 892
4 219 195 218 786
4 620 492 626 806
4 225 800 44 908
4 353 566 89 893
4 45 800 46 832
4 681 426 821 826
4 225 250 44 800
4 701 26 33 850
4 660 381 730 882
4 189 167 531 876
4 248 481 487 835
4 60 276 547 843
4 326 293 312 822
4 183 28 9 905
4 423 689 425 888
4 513 100 639 848
4 464 652 465 884
4 141 464 466 884
4 766 874 837 883
4 737 724 524 816
4 623 311 805 841
4 15 790 175 810
4 47 617 268 856
4 739 46 45 800
4 625 316 855 900
4 128 420 120 880
4 800 854 794 908
4 217 548 216 786
4 743 160 830 831
4 52 613 61 823
4 167 865 531 876
4 472 476 22 819
4 177 743 16 830
4 761 847 885 894
4 509 340 358 861
4 316 883 855 900
4 637 390 101 837
4 711 497 73 845
4 105 400 511 860
4 266 845 628 886
4 137 696 445 773
4 666 313 327 838
4 3 472 819 905
4 448 584 662 815
4 170 215 168 214
4 637 364 511 883
4 558 676 658 879
4 106 113 383 808
4 58 256 273 858
4 398 412 411 837
4 90 633 92 842
4 94 565 370 874
4 464 465 600 884
4 560 301 495 869
4 592 495 301 869
4 4 829 170 858
4 483 739 225 800
4 368 833 678 875
4 88 343 89 839
4 345 356 332 860
4 734 325 283 841
4 45 832 485 886
4 573 816 772 901
4 139 683 457 872
4 559 497 295 845
4 272 246 733 791
4 166 669 11 865
4 759 877 784 906
4 681 459 426 826
4 299 68 617 856
4 428 661 427 859
4 23 535 233 234
4 220 540 480 898
4 458 821 443 872
4 183 771 28 905
4 390 837 522 874
4 665 784 309 817
4 428 427 525 859
4 532 835 11 865
4 610 818 182 894
4 460 878 449 884
4 76 285 655 900
4 420 128 419 875
4 271 57 618 824
4 762 804 884 892
4 98 877 593 906
4 383 373 90 808
4 362 104 361 888
4 468 691 681 821
4 137 773 445 878
4 274 304 663 836
4 224 226 201 908
4 489 287 488 836
4 449 682 461 884
4 283 265 734 841
4 713 351 503 873
4 105 511 356 860
4 466 884 749 892
4 571 396 572 775
4 568 875 367 880
4 528 145 803 885
4 570 382 687 798
4 182 608 27 894
4 355 356 511 860
4 252 228 615 825
4 384 373 808 906
4 163 885 847 894
4 654 535 710 858
4 764 830 790 867
4 132 646 124 903
4 294 805 496 838
4 707 438 648 816
4 70 274 273 836
4 493 269 838 899
4 786 829 473 858
4 356 332 860 900
4 449 460 446 878
4 549 845 266 886
4 299 617 69 855
4 562 324 748 877
4 505 567 363 882
4 210 190 12 876
4 62 260 261 849
4 735 149 0 803
4 64 665 291 817
4 586 852 723 864
4 503 497 559 845
4 115 409 424 895
4 552 714 560 869
4 70 304 274 836
4 74 557 498 862
4 151 12 531 876
4 578 124 798 903
4 497 503 73 845
4 723 439 454 864
4 22 476 709 819
4 668 708 687 798
4 409 422 648 816
4 432 451 132 815
4 183 200 28 771
4 325 677 676 879
4 299 69 300 855
4 593 562 347 877
4 76 332 331 900
4 371 565 344 874
4 166 11 187 835
4 48 742 211 824
4 619 261 260 849
4 141 143 468 892
4 293 822 622 886
4 188 11 532 835
4 362 370 575 874
4 277 306 260 889
4 8 885 163 894
4 353 636 566 893
4 11 188 187 835
4 363 354 636 882
4 495 552 560 869
4 382 570 595 798
4 384 593 373 906
4 245 243 269 899
4 528 164 145 885
4 523 395 643 875
4 649 581 426 826
4 751 241 28 771
4 324 812 321 877
4 564 576 356 860
4 45 46 485 832
4 268 68 296 799
4 184 819 472 905
4 855 883 766 900
4 40 187 188 835
4 519 645 668 798
4 619 480 850 898
4 529 786 473 858
4 709 476 208 819
4 132 432 815 903
4 254 493 269 838
4 675 43 223 830
4 573 574 359 772
4 115 716 110 895
4 494 481 491 862
4 277 260 849 889
4 549 268 725 845
4 750 426 581 826
4 702 41 188 835
4 24 193 535 858
4 192 235 732 217
4 730 381 363 882
4 43 64 35 853
4 530 699 531 876
4 414 402 125 881
4 668 117 708 798
4 53 485 46 832
4 500 632 344 855
4 606 174 604 810
4 440 134 441 872
4 732 217 216 786
4 704 369 573 816
4 552 495 550 869
4 520 121 127 880
4 313 352 343 839
4 580 418 393 863
4 291 817 734 841
4 313 343 327 839
4 339 350 309 784
4 252 825 294 838
4 373 383 113 808
4 239 227 238 908
4 142 586 454 864
4 292 282 703 861
4 206 21 207 871
4 121 128 127 880
4 193 529 473 858
4 226 224 238 908
4 645 578 117 798
4 61 278 52 823
4 633 842 90 897
4 855 874 766 883
4 704 816 573 901
4 25 221 609 810
4 326 310 622 822
4 167 530 531 865
4 523 408 406 875
4 415 580 386 863
4 228 252 229 825
4 277 260 62 849
4 48 618 742 824
4 324 307 321 812
4 268 549 54 845
4 359 573 772 901
4 145 147 528 803
4 736 5 153 786
4 419 436 420 875
4 384 374 593 906
4 367 368 667 875
4 398 390 637 837
4 625 791 272 900
4 472 22 3 819
4 502 324 562 877
4 45 485 621 886
4 96 842 373 897
4 64 817 291 853
4 163 164 847 885
4 268 617 68 856
4 272 255 246 791
4 226 227 202 908
4 163 847 608 894
4 300 500 504 855
4 414 881 125 903
4 703 358 340 861
4 17 178 176 867
4 273 59 303 836
4 607 175 15 790
4 369 342 658 901
4 463 466 464 884
4 292 703 340 861
4 603 158 7 810
4 603 157 158 810
4 561 633 90 897
4 45 622 263 800
4 160 738 830 831
4 480 540 545 850
4 254 253 267 838
4 132 124 432 903
4 13 736 529 786
4 271 712 329 866
4 324 321 748 877
4 295 725 268 845
4 194 195 670 786
4 245 269 270 899
4 326 622 293 822
4 403 392 113 808
4 424 716 115 895
4 670 13 194 786
4 461 600 460 884
4 169 170 4 829
4 732 194 13 786
4 623 283 311 841
4 19 743 177 830
4 147 669 528 803
4 540 850 480 898
4 4 470 152 829
4 625 255 272 791
4 125 798 646 903
4 163 164 10 847
4 53 845 549 886
4 339 309 693 784
4 466 143 141 892
4 411 522 390 837
4 384 808 392 906
4 689 410 425 888
4 586 723 454 864
4 90 842 96 897
4 457 441 134 872
4 53 549 266 886
4 669 803 150 865
4 617 244 55 856
4 119 127 120 880
4 463 464 461 884
4 233 535 49 234
4 44 250 225 483
4 502 98 348 877
4 4 152 154 829
4 127 128 120 880
4 88 329 712 866
4 612 243 245 899
4 255 244 541 791
4 594 368 510 833
4 542 255 541 791
4 716 399 730 893
4 16 738 159 830
4 388 397 408 833
4 721 326 312 822
4 8 608 686 894
4 466 456 143 892
4 625 272 316 900
4 135 424 440 895
4 325 87 93 879
4 636 730 882 893
4 408 129 406 875
4 503 351 73 845
4 374 98 593 906
4 558 658 342 901
4 96 90 373 842
4 222 179 240 867
4 501 355 883 900
4 150 669 147 803
4 316 272 284 900
4 93 677 325 879
4 583 661 444 859
4 414 125 582 903
4 485 832 53 886
4 49 673 233 234
4 125 132 582 903
4 743 160 16 830
4 252 624 294 825
4 265 291 734 841
4 734 817 87 879
4 344 855 632 883
4 464 600 461 884
4 541 671 791 856
4 547 484 60 844
4 155 698 701 850
4 641 507 381 851
4 245 590 612 899
4 466 749 456 892
4 65 712 56 899
4 735 147 145 803
4 44 238 224 908
4 229 230 692 825
4 470 473 529 786
4 460 600 465 884
4 670 172 736 786
4 45 621 622 886
4 260 289 546 898
4 13 670 736 786
4 261 619 545 849
4 276 60 554 843
4 95 330 664 883
4 545 619 480 850
4 176 178 222 867
4 363 381 505 882
4 260 546 619 898
4 139 467 683 872
4 460 449 461 884
4 225 263 264 800
4 441 458 443 872
4 4 154 169 829
4 329 315 629 866
4 735 145 690 803
4 646 798 124 903
4 387 99 119 880
4 96 373 347 897
4 428 444 661 859
4 408 523 397 388
4 271 329 629 866
4 417 119 120 880
4 520 642 377 880
4 710 49 488 858
4 117 668 645 798
4 270 590 245 899
4 535 23 42 234
4 625 316 632 855
4 268 54 47 856
4 519 595 638 798
4 541 38 671 856
4 283 676 311 841
4 167 150 530 865
4 76 284 285 900
4 37 36 205 832
4 669 532 11 865
4 292 340 630 861
4 4 473 829 858
4 522 389 101 874
4 156 810 603 844
4 266 293 621 886
4 334 335 319 897
4 81 340 357 820
4 70 273 303 836
4 568 368 367 875
4 576 745 105 860
4 716 730 353 893
4 178 179 222 867
4 596 667 368 875
4 725 711 549 845
4 636 730 363 882
4 359 704 573 901
4 125 646 132 903
4 666 499 313 838
4 235 192 50 217
4 541 791 244 856
4 366 638 595 798
4 16 160 738 830
4 711 266 549 845
4 460 465 878 884
4 116 412 398 837
4 358 367 99 880
4 384 373 113 808
4 57 742 618 824
4 636 353 730 893
4 676 558 311 841
4 499 666 267 838
4 135 716 424 895
4 344 632 95 883
4 638 366 365 798
4 692 230 184 825
4 545 540 719 850
4 729 322 290 820
4 157 156 474 810
4 8 163 608 894
4 5 736 172 786
4 398 637 116 837
4 95 664 364 883
4 664 330 501 883
4 258 289 288 898
4 729 322 336 631
4 525 412 116 837
4 8 686 685 894
4 49 710 535 858
4 686 608 182 894
4 632 855 316 883
4 692 228 825 905
4 389 371 101 874
4 665 693 309 784
4 619 546 480 898
4 423 598 689 888
4 704 342 369 901
4 234 535 49 710
4 75 501 883 900
4 316 75 883 900
4 81 357 91 820
4 502 562 593 877
4 99 367 377 880
4 356 576 105 860
4 580 393 386 863
4 134 139 457 872
4 692 825 184 905
4 75 331 501 900
4 364 664 511 883
4 479 23 42 535
4 384 113 392 808
4 536 18 223 830
4 708 117 646 798
4 65 56 270 899
4 597 689 598 888
4 56 590 270 899
4 546 289 258 898
4 561 90 96 897
4 325 734 87 879
4 278 280 52 823
4 107 638 375 798
4 355 664 501 883
4 645 519 107 798
4 355 511 664 883
4 362 102 361 104
4 193 192 13 732
4 156 157 603 810
4 545 719 33 850
4 621 293 622 886
4 692 184 9 905
4 632 330 95 883
4 644 410 689 888
4 116 637 400 837
4 347 335 96 897
4 644 689 597 888
4 638 107 519 798
4 386 393 715 863
4 329 566 315 866
4 377 642 99 880
4 538 546 258 898
4 408 523 388 643
4 228 229 692 825
4 593 98 502 877
4 632 316 330 883
4 334 561 96 897
4 501 330 75 883
4 334 96 335 897
4 644 597 104 888
4 642 387 99 520
4 75 330 316 883
4 47 244 617 856
4 534 23 233 214
4 54 231 47 856
4 23 534 233 535
4 383 96 90 373
4 588 215 168 672
4 729 290 322 631
4 99 387 642 376
4 98 348 374 515
4 16 475 159 726
4 172 196 474 156
4 183 692 9 28
4 406 408 523 397
4 362 103 102 104
4 796 752 818 782
4 796 818 752 870
4 827 302 836 77
4 303 836 302 77
4 795 31 537 209
4 795 537 31 543
4 634 569 774 506
4 774 569 634 833
4 774 822 634 506
4 634 822 774 833
4 818 752 857 782
4 818 857 752 813
4 130 526 788 421
4 788 526 130 437
4 31 795 671 209
4 671 795 31 791
4 771 181 162 200
4 827 898 287 66
4 827 287 898 768
4 836 287 898 66
4 836 898 287 768
4 449 884 451 682
4 449 451 884 787
4 450 451 884 682
4 450 884 451 787
4 544 672 168 215
4 832 478 744 611
4 832 744 478 769
4 843 275 844 60
4 843 844 275 768
4 589 42 24 479
4 589 24 42 654
4 535 24 42 479
4 535 42 24 654
4 338 705 767 86
4 787 840 903 757
4 787 903 840 767
4 792 903 840 757
4 792 840 903 767
4 826 770 902 793
4 826 902 770 821
4 872 902 762 821
4 762 902 872 811
4 431 863 696 126
4 696 863 431 773
4 829 898 539 220
4 829 588 539 171
4 539 588 829 220
4 873 713 635 102
4 893 866 566 89
4 893 566 866 802
4 881 125 391 402
4 391 125 881 767
4 391 385 881 402
4 881 385 391 767
4 789 620 782 251
4 789 782 620 806
4 238 782 620 251
4 238 620 782 806
4 705 820 767 86
4 767 820 705 798
4 806 323 767 556
4 806 767 323 789
4 338 323 767 789
4 839 907 805 754
4 805 907 839 765
4 837 661 859 427
4 837 859 661 785
4 826 859 459 444
4 826 459 859 777
4 599 459 859 444
4 599 859 459 777
4 151 781 876 699
4 151 876 781 819
4 874 411 410 785
4 874 410 411 522
4 347 748 877 562
4 877 748 347 897
4 577 396 775 572
4 775 396 577 688
4 837 428 429 525
4 863 526 434 418
4 863 434 526 788
4 720 40 869 39
4 720 869 40 835
4 795 869 40 39
4 795 40 869 835
4 103 104 888 102
4 888 104 103 597
4 236 26 756 33
4 236 756 26 867
4 810 7 606 158
4 800 199 483 739
4 568 822 861 341
4 861 822 568 801
4 453 467 811 140
4 453 811 467 872
4 762 811 467 140
4 762 467 811 872
4 869 507 564 851
4 858 654 249 256
4 893 123 793 770
4 893 793 123 399
4 872 683 762 467
4 872 762 683 821
4 80 319 827 84
4 872 438 453 811
4 872 453 438 139
4 129 740 875 408
4 875 740 129 717
4 680 436 801 447
4 801 436 680 138
4 145 894 885 8
4 885 894 145 803
4 66 288 898 258
4 66 898 288 551
4 822 703 310 282
4 889 796 62 789
4 889 62 796 849
4 823 555 307 812
4 823 307 555 278
4 871 753 769 814
4 871 769 753 755
4 510 568 833 368
4 510 833 568 822
4 880 792 387 376
4 880 387 792 108
4 517 387 792 376
4 517 792 387 108
4 798 404 903 792
4 798 903 404 118
4 799 94 328 314
4 799 328 94 874
4 844 152 786 829
4 844 786 152 602
4 470 786 152 829
4 470 152 786 602
4 823 675 613 790
4 823 613 675 52
4 592 869 550 495
4 659 873 888 713
4 888 873 659 361
4 203 199 800 739
4 800 199 203 201
4 881 403 773 416
4 881 773 403 808
4 898 727 288 827
4 898 288 727 289
4 908 857 854 782
4 908 854 857 769
4 109 97 772 110
4 772 97 109 574
4 857 854 753 769
4 857 753 854 807
4 755 753 854 769
4 755 854 753 807
4 806 308 794 262
4 806 794 308 861
4 281 794 308 262
4 281 308 794 861
4 905 805 615 825
4 905 615 805 771
4 830 607 197 790
4 830 197 607 18
4 396 379 775 571
4 775 379 396 741
4 877 627 812 784
4 877 812 627 307
4 514 90 842 383
4 798 731 570 512
4 798 570 731 372
4 773 445 446 430
4 773 446 445 878
4 838 563 839 805
4 838 839 563 499
4 908 20 744 769
4 908 744 20 226
4 864 661 785 442
4 864 785 661 859
4 432 450 815 662
4 815 450 432 451
4 878 696 527 137
4 878 527 696 788
4 906 515 848 863
4 715 515 848 100
4 715 848 515 863
4 74 629 866 491
4 74 866 629 315
4 846 37 53 242
4 846 53 37 832
4 518 863 715 393
4 715 863 518 848
4 509 375 792 376
4 509 792 375 820
4 168 14 829 169
4 508 512 798 570
4 798 512 508 705
4 465 137 878 452
4 878 137 465 460
4 893 640 110 772
4 893 110 640 353
4 816 694 724 422
4 58 274 858 273
4 58 858 274 591
4 223 197 830 18
4 223 830 197 675
4 880 667 367 377
4 880 367 667 875
4 908 483 199 224
4 908 199 483 800
4 493 267 838 254
4 493 838 267 666
4 852 585 142 718
4 852 142 585 804
4 36 203 832 29
4 832 203 36 611
4 858 50 235 192
4 858 249 58 256
4 821 443 681 458
4 337 705 820 508
4 820 705 337 86
4 888 361 874 873
4 888 874 361 362
4 55 856 855 617
4 855 856 55 791
4 900 733 272 284
4 900 272 733 791
4 859 429 837 428
4 859 837 429 779
4 197 173 790 15
4 197 790 173 34
4 423 888 740 598
4 740 888 423 439
4 803 144 831 690
4 803 831 144 771
4 820 729 308 290
4 820 308 729 81
4 109 524 816 737
4 109 816 524 115
4 862 487 481 835
4 862 481 487 494
4 1 601 771 697
4 1 771 601 144
4 56 618 824 271
4 824 618 56 48
4 121 880 114 875
4 516 833 888 103
4 888 833 516 635
4 888 102 516 103
4 516 102 888 635
4 858 544 214 482
4 215 214 544 482
4 844 490 259 786
4 844 259 490 484
4 790 175 830 607
4 790 830 175 726
4 16 830 175 607
4 16 175 830 726
4 710 42 535 654
4 710 535 42 234
4 850 26 174 701
4 174 26 850 810
4 174 604 850 701
4 850 604 174 810
4 195 477 786 219
4 810 613 34 790
4 810 34 613 221
4 833 388 643 408
4 784 906 348 374
4 784 348 906 877
4 98 348 906 374
4 98 906 348 877
4 168 170 544 215
4 168 544 170 858
4 607 177 830 18
4 607 830 177 16
4 875 419 121 128
4 534 858 233 535
4 49 858 233 673
4 49 233 858 535
4 196 156 700 474
4 671 871 856 38
4 207 856 871 38
4 827 287 553 551
4 108 119 880 387
4 108 880 119 417
4 582 414 881 579
4 582 881 414 903
4 32 219 786 477
4 786 219 32 490
4 110 893 716 353
4 716 893 110 895
4 524 422 816 724
4 816 422 524 409
4 233 214 858 534
4 103 388 833 397
4 520 722 377 642
4 86 323 767 338
4 86 767 323 556
4 775 572 879 369
4 775 879 572 571
4 658 879 572 369
4 658 572 879 571
4 806 279 63 492
4 507 505 882 714
4 507 882 505 381
4 248 232 835 487
4 248 835 232 41
4 844 605 810 25
4 609 810 605 25
4 609 605 810 700
4 348 515 784 374
4 784 515 348 349
4 90 842 731 514
4 767 731 842 514
4 532 150 865 669
4 532 865 150 167
4 341 861 358 703
4 358 861 341 568
4 121 647 875 114
4 875 647 121 419
4 559 659 799 314
4 559 799 659 503
4 900 75 284 316
4 473 829 470 4
4 470 829 473 786
4 275 836 786 663
4 786 257 275 663
4 275 257 786 259
4 477 844 605 196
4 53 29 832 46
4 815 131 448 650
4 348 339 784 349
4 784 339 348 657
4 845 295 711 497
4 845 711 295 725
4 242 549 845 54
4 242 845 549 53
4 386 906 392 415
4 442 454 864 651
4 442 864 454 439
4 705 92 767 512
4 767 92 705 338
4 577 737 816 724
4 577 816 737 573
4 170 214 544 215
4 145 685 894 8
4 145 894 685 690
4 235 24 858 192
4 288 82 827 727
4 827 82 288 553
4 275 554 843 656
4 843 554 275 60
4 715 639 848 518
4 715 848 639 100
4 512 767 842 92
4 842 767 512 731
4 842 90 512 92
4 512 90 842 731
4 435 420 815 120
4 435 815 420 447
4 801 815 420 120
4 801 420 815 447
4 628 312 886 73
4 628 886 312 293
4 485 266 886 53
4 485 886 266 621
4 393 405 863 418
4 393 863 405 518
4 112 413 826 380
4 112 826 413 581
4 34 609 810 173
4 34 810 609 221
4 806 262 820 308
4 290 820 262 308
4 156 196 5 172
4 844 196 5 602
4 601 735 803 149
4 598 408 833 740
4 833 408 598 397
4 443 426 821 681
4 443 821 426 695
4 520 880 99 642
4 462 584 815 718
4 815 584 462 680
4 815 852 462 718
4 462 852 815 680
4 127 880 99 520
4 99 880 127 119
4 99 387 127 520
4 127 387 99 119
4 319 83 827 84
4 319 827 83 333
4 50 257 786 591
4 7 471 844 684
4 844 471 7 603
4 844 810 7 684
4 7 810 844 603
4 259 548 786 490
4 259 786 548 257
4 346 366 798 365
4 798 366 346 508
4 798 820 346 365
4 346 820 798 508
4 728 717 875 138
4 875 717 728 740
4 875 833 728 138
4 728 833 875 740
4 19 181 853 536
4 853 181 19 180
4 688 775 816 577
4 816 775 688 694
4 816 724 688 577
4 688 724 816 694
4 620 44 806 238
4 794 806 44 238
4 794 44 806 63
4 131 578 903 124
4 903 578 131 118
4 650 815 903 404
4 903 815 650 131
4 903 118 650 404
4 650 118 903 131
4 602 153 786 470
4 786 153 602 5
4 315 567 802 354
4 802 567 315 557
4 569 679 833 635
4 569 833 679 594
4 771 241 905 615
4 771 905 241 28
4 241 905 9 28
4 332 355 900 356
4 643 596 875 395
4 118 645 798 578
4 19 18 830 177
4 19 830 18 536
4 586 462 852 718
4 852 462 586 723
4 844 471 196 602
4 554 307 812 321
4 812 307 554 555
4 252 267 838 294
4 838 267 252 253
4 3 148 905 146
4 3 905 148 472
4 233 482 858 214
4 233 858 482 673
4 71 492 806 626
4 71 806 492 279
4 329 89 866 88
4 866 89 329 566
4 27 20 847 10
4 27 847 20 202
4 547 613 810 61
4 547 810 613 221
4 216 195 786 218
4 786 195 216 194
4 205 38 856 207
4 205 856 38 231
4 407 694 775 122
4 775 694 407 688
4 678 596 875 643
4 875 596 678 368
4 674 538 829 672
4 17 867 475 159
4 302 82 827 553
4 302 827 82 333
4 99 376 880 387
4 258 674 829 489
4 258 829 674 538
4 799 296 845 559
4 799 845 296 268
4 295 845 296 559
4 295 296 845 268
4 455 454 864 142
4 455 864 454 651
4 196 477 670 195
4 786 670 477 195
4 280 693 784 627
4 784 693 280 665
4 10 608 847 27
4 847 608 10 163
4 475 158 810 606
4 810 158 475 726
4 810 790 475 606
4 475 790 810 726
4 647 129 875 406
4 875 129 647 419
4 509 99 880 358
4 880 99 509 376
4 880 792 509 358
4 509 792 880 376
4 395 114 875 647
4 875 114 395 596
4 259 60 844 275
4 259 844 60 484
4 714 564 869 507
4 869 564 714 560
4 166 537 795 187
4 166 795 537 186
4 142 456 892 455
4 892 456 142 749
4 117 124 798 578
4 117 798 124 646
4 596 722 875 114
4 596 875 722 667
4 880 875 722 114
4 880 722 875 667
4 322 279 820 71
4 322 820 279 290
4 741 521 775 379
4 741 775 521 394
4 477 25 844 32
4 477 844 25 605
4 850 719 155 587
4 33 155 719 587
4 81 630 861 308
4 81 861 630 340
4 250 262 794 264
4 794 262 250 63
4 45 225 800 263
4 45 800 225 739
4 538 480 898 220
4 538 898 480 546
4 850 719 898 540
4 850 898 719 587
4 539 898 719 540
4 539 719 898 587
4 668 595 798 382
4 668 798 595 519
4 734 665 817 291
4 535 473 858 193
4 858 473 535 534
4 674 858 49 544
4 25 484 844 32
4 168 588 829 14
4 168 829 588 672
4 672 220 829 588
4 829 220 672 538
4 44 492 806 63
4 44 806 492 620
4 290 820 806 262
4 806 820 290 279
4 806 63 290 262
4 290 63 806 279
4 365 357 820 91
4 404 435 815 417
4 404 815 435 650
4 662 131 815 432
4 662 815 131 448
4 638 798 820 375
4 820 798 638 365
4 820 357 638 375
4 638 357 820 365
4 520 114 377 722
4 520 377 114 121
4 880 377 114 722
4 880 114 377 121
4 107 417 798 108
4 107 798 417 404
4 792 798 417 108
4 792 417 798 404
4 650 447 815 435
4 650 815 447 448
4 645 404 798 107
4 645 798 404 118
4 287 59 836 303
4 287 836 59 488
4 125 708 798 391
4 125 798 708 646
4 508 595 798 366
4 508 798 595 570
4 333 633 897 82
4 333 897 633 561
4 394 518 775 521
4 775 518 394 405
4 384 386 906 392
4 906 386 384 374
4 418 126 863 580
4 863 126 418 434
4 418 421 863 526
4 418 863 421 405
4 788 863 421 526
4 707 130 775 122
4 707 775 130 438
4 775 513 521 639
4 379 521 513 639
4 50 548 786 257
4 786 548 50 217
4 534 4 858 473
4 534 858 4 170
4 710 273 858 59
4 710 858 273 256
4 303 553 836 287
4 303 836 553 302
4 827 836 553 287
4 827 553 836 302
4 333 77 827 83
4 333 827 77 302
4 606 684 810 604
4 606 810 684 7
4 17 606 867 176
4 17 867 606 475
4 157 726 810 175
4 157 810 726 158
4 496 267 838 499
4 496 838 267 294
4 771 161 831 1
4 771 831 161 180
4 743 831 161 1
4 743 161 831 180
4 623 252 825 624
4 623 825 252 615
4 536 198 853 35
4 536 853 198 181
4 180 162 771 181
4 771 162 180 161
4 905 9 472 184
4 2 472 9 184
4 685 159 831 17
4 685 831 159 738
4 830 831 159 17
4 830 159 831 738
4 144 735 803 601
4 803 735 144 690
4 41 40 835 232
4 41 835 40 188
4 189 12 876 531
4 189 876 12 190
4 212 213 776 191
4 776 213 212 616
4 824 211 899 30
4 824 899 211 48
4 612 899 211 30
4 612 211 899 48
4 481 57 776 616
4 359 499 839 313
4 359 839 499 563
4 573 572 816 369
4 573 816 572 577
4 421 407 775 122
4 775 407 421 394
4 507 576 851 641
4 851 576 507 564
4 745 112 851 641
4 851 112 745 111
4 443 135 872 695
4 872 135 443 441
4 445 460 878 446
4 878 460 445 137
4 557 862 882 498
4 882 505 557 498
4 557 505 882 567
4 143 691 892 456
4 143 892 691 468
4 423 442 888 425
4 423 888 442 439
4 138 723 852 728
4 852 723 138 462
4 717 419 875 436
4 875 419 717 129
4 523 647 875 406
4 875 647 523 395
4 679 833 678 594
4 597 397 833 598
4 833 397 597 103
4 833 888 597 598
4 597 888 833 103
4 679 643 833 388
4 679 833 643 678
4 575 104 888 644
4 575 888 104 362
4 389 410 874 522
4 632 300 855 500
4 632 855 300 69
4 332 501 900 355
4 332 900 501 331
4 76 75 900 331
4 76 900 75 284
4 720 487 869 232
4 592 869 778 486
4 778 869 592 301
4 778 655 592 486
4 592 655 778 301
4 326 703 822 341
4 326 822 703 310
4 163 145 885 8
4 885 145 163 164
4 205 206 871 478
4 205 871 206 207
4 541 31 791 671
4 541 791 31 542
4 231 856 846 205
4 846 37 231 205
4 231 37 846 242
4 244 231 856 47
4 231 541 856 38
4 231 856 541 244
4 49 489 858 674
4 858 489 49 488
4 635 873 351 713
4 734 309 817 665
4 817 309 734 87
4 772 839 97 360
4 173 700 810 474
4 173 810 700 609
4 37 29 832 53
4 37 832 29 36
4 486 285 778 655
4 778 285 486 247
4 97 343 839 89
4 839 343 97 360
4 235 589 858 24
4 235 858 589 249
4 654 858 589 24
4 654 589 858 249
4 388 516 833 679
4 833 516 388 103
4 15 810 474 173
4 249 50 858 58
4 249 858 50 235
4 906 515 715 374
4 715 515 906 863
4 715 386 906 374
4 906 386 715 863
4 592 487 869 720
4 592 869 487 550
4 810 221 844 25
4 810 844 221 547
4 484 844 221 25
4 484 221 844 547
4 474 175 810 15
4 474 810 175 157
4 389 644 874 410
4 389 874 644 575
4 888 874 644 410
4 888 644 874 575
4 506 635 873 351
4 506 873 635 569
4 751 198 771 200
4 751 771 198 853
4 181 771 198 200
4 181 198 771 853
4 805 342 496 563
4 901 558 805 342
4 901 805 558 311
4 496 805 558 342
4 496 558 805 311
4 544 672 858 168
4 544 858 672 674
4 829 858 672 168
4 829 672 858 674
4 539 829 587 898
4 587 829 539 171
4 888 102 659 713
4 361 102 888 104
4 361 888 102 659
4 481 862 57 491
4 481 57 862 776
4 824 57 862 491
4 824 862 57 776
4 515 848 784 906
4 515 784 848 100
4 897 783 319 827
4 897 319 783 748
4 80 319 783 827
4 80 783 319 748
4 575 874 371 389
4 371 370 874 575
4 874 370 371 565
4 214 858 170 544
4 170 858 214 534
4 156 810 700 474
4 700 196 844 156
4 844 196 700 605
4 844 810 700 156
4 700 810 844 605
4 871 856 791 671
4 871 791 856 846
4 856 871 205 207
4 856 205 871 846
4 820 81 336 91
4 729 336 820 81
4 729 820 336 322
4 786 275 844 836
4 844 275 786 259
4 477 196 786 844
4 5 786 196 844
4 5 196 786 172
4 805 311 294 496
4 624 311 805 623
4 624 805 311 294
4 905 241 228 615
4 241 28 692 228
4 692 28 241 9
4 692 905 241 228
4 241 905 692 9
4 844 603 196 471
4 844 196 603 156
4 5 603 196 156
4 602 196 603 471
4 602 603 196 5
4 670 196 786 477
4 786 196 670 172
4 33 155 850 719
4 850 155 33 701
4 848 863 775 788
4 848 775 863 405
4 421 775 863 788
4 421 863 775 405
4 513 379 775 521
4 775 379 513 378
4 751 853 291 265
4 751 64 853 35
4 853 64 751 291
4 144 831 738 160
4 738 690 831 144
4 831 690 738 685
4 2 472 905 9
4 905 472 2 148
4 57 776 213 824
4 57 213 776 616
4 882 557 802 862
4 802 557 882 567
4 846 231 54 856
4 54 231 846 242
4 89 97 772 839
4 772 97 89 640
4 772 893 89 839
4 89 893 772 640

CELL_TYPES 3008
10
10
10
10
10
10
10
10
10
10
10
10
10
10
10
10
10
10
10
10
10
10
10
10
10
10
10
10
10
10
10
10
10
10
10
10
10
10
10
10
10
10
10
10
10
10
10
10
10
10
10
10
10
10
10
10
10
10
10
10
10
10
10
10
10
10
10
10
10
10
10
10
10
10
10
10
10
10
10
10
10
10
10
10
10
10
10
10
10
10
10
10
10
10
10
10
10
10
10
10
10
10
10
10
10
10
10
10
10
10
10
10
10
10
10
10
10
10
10
10
10
10
10
10
10
10
10
10
10
10
10
10
10
10
10
10
10
10
10
10
10
10
10
10
10
10
10
10
10
10
10
10
10
10
10
10
10
10
10
10
10
10
10
10
10
10
10
10
10
10
10
10
10
10
10
10
10
10
10
10
10
10
10
10
10
10
10
10
10
10
10
10
10
10
10
10
10
10
10
10
10
10
10
10
10
10
10
10
10
10
10
10
10
10
10
10
10
10
10
10
10
10
10
10
10
10
10
10
10
10
10
10
10
10
10
10
10
10
10
10
10
10
10
10
10
10
10
10
10
10
10
10
10
10
10
10
10
10
10
10
10
10
10
10
10
10
10
10
10
10
10
10
10
10
10
10
10
10
10
10
10
10
10
10
10
10
10
10
10
10
10
10
10
10
10
10
10
10
10
10
10
10
10
10
10
10
10
10
10
10
10
10
10
10
10
10
10
10
10
10
10
10
10
10
10
10
10
10
10
10
10
10
10
10
10
10
10
10
10
10
10
10
10
10
10
10
10
10
10
10
10
10
10
10
10
10
10
10
10
10
10
10
10
10
10
10
10
10
10
10
10
10
10
10
10
10
10
10
10
10
10
10
10
10
10
10
10
10
10
10
10
10
10
10
10
10
10
10
10
10
10
10
10
10
10
10
10
10
10
10
10
10
10
10
10
10
10
10
10
10
10
10
10
10
10
10
10
10
10
10
10
10
10
10
10
10
10
10
10
10
10
10
10
10
10
10
10
10
10
10
10
10
10
10
10
10
10
10
10
10
10
10
10
10
10
10
10
10
10
10
10
10
10
10
10
10
10
10
10
10
10
10
10
10
10
10
10
10
10
10
10
10
10
10
10
10
10
10
10
10
10
10
10
10
10
10
10
10
10
10
10
10
10
10
10
10
10
10
10
10
10
10
10
10
10
10
10
10
10
10
10
10
10
10
10
10
10
10
10
10
10
10
10
10
10
10
10
10
10
10
10
10
10
10
10
10
10
10
10
10
10
10
10
10
10
10
10
10
10
10
10
10
10
10
10
10
10
10
10
10
10
10
10
10
10
10
10
10
10
10
10
10
10
10
10
10
10
10
10
10
10
10
10
10
10
10
10
10
10
10
10
10
10
10
10
10
10
10
10
10
10
10
10
10
10
10
10
10
10
10
10
10
10
10
10
10
10
10
10
10
10
10
10
10
10
10
10
10
10
10
10
10
10
10
10
10
10
10
10
10
10
10
10
10
10
10
10
10
10
10
10
10
10
10
10
10
10
10
10
10
10
10
10
10
10
10
10
10
10
10
10
10
10
10
10
10
10
10
10
10
10
10
10
10
10
10
10
10
10
10
10
10
10
10
10
10
10
10
10
10
10
10
10
10
10
10
10
10
10
10
10
10
10
10
10
10
10
10
10
10
10
10
10
10
10
10
10
10
10
10
10
10
10
10
10
10
10
10
10
10
10
10
10
10
10
10
10
10
10
10
10
10
10
10
10
10
10
10
10
10
10
10
10
10
10
10
10
10
10
10
10
10
10
10
10
10
10
10
10
10
10
10
10
10
10
10
10
10
10
10
10
10
10
10
10
10
10
10
10
10
10
10
10
10
10
10
10
10
10
10
10
10
10
10
10
10
10
10
10
10
10
10
10
10
10
10
10
10
10
10
10
10
10
10
10
10
10
10
10
10
10
10
10
10
10
10
10
10
10
10
10
10
10
10
10
10
10
10
10
10
10
10
10
10
10
10
10
10
10
10
10
10
10
10
10
10
10
10
10
10
10
10
10
10
10
10
10
10
10
10
10
10
10
10
10
10
10
10
10
10
10
10
10
10
10
10
10
10
10
10
10
10
10
10
10
10
10
10
10
10
10
10
10
10
10
10
10
10
10
10
10
10
10
10
10
10
10
10
10
10
10
10
10
10
10
10
10
10
10
10
10
10
10
10
10
10
10
10
10
10
10
10
10
10
10
10
10
10
10
10
10
10
10
10
10
10
10
10
10
10
10
10
10
10
10
10
10
10
10
10
10
10
10
10
10
10
10
10
10
10
10
10
10
10
10
10
10
10
10
10
10
10
10
10
10
10
10
10
10
10
10
10
10
10
10
10
10
10
10
10
10
10
10
10
10
10
10
10
10
10
10
10
10
10
10
10
10
10
10
10
10
10
10
10
10
10
10
10
10
10
10
10
10
10
10
10
10
10
10
10
10
10
10
10
10
10
10
10
10
10
10
10
10
10
10
10
10
10
10
10
10
10
10
10
10
10
10
10
10
10
10
10
10
10
10
10
10
10
10
10
10
10
10
10
10
10
10
10
10
10
10
10
10
10
10
10
10
10
10
10
10
10
10
10
10
10
10
10
10
10
10
10
10
10
10
10
10
10
10
10
10
10
10
10
10
10
10
10
10
10
10
10
10
10
10
10
10
10
10
10
10
10
10
10
10
10
10
10
10
10
10
10
10
10
10
10
10
10
10
10
10
10
10
10
10
10
10
10
10
10
10
10
10
10
10
10
10
10
10
10
10
10
10
10
10
10
10
10
10
10
10
10
10
10
10
10
10
10
10
10
10
10
10
10
10
10
10
10
10
10
10
10
10
10
10
10
10
10
10
10
10
10
10
10
10
10
10
10
10
10
10
10
10
10
10
10
10
10
10
10
10
10
10
10
10
10
10
10
10
10
10
10
10
10
10
10
10
10
10
10
10
10
10
10
10
10
10
10
10
10
10
10
10
10
10
10
10
10
10
10
10
10
10
10
10
10
10
10
10
10
10
10
10
10
10
10
10
10
10
10
10
10
10
10
10
10
10
10
10
10
10
10
10
10
10
10
10
10
10
10
10
10
10
10
10
10
10
10
10
10
10
10
10
10
10
10
10
10
10
10
10
10
10
10
10
10
10
10
10
10
10
10
10
10
10
10
10
10
10
10
10
10
10
10
10
10
10
10
10
10
10
10
10
10
10
10
10
10
10
10
10
10
10
10
10
10
10
10
10
10
10
10
10
10
10
10
10
10
10
10
10
10
10
10
10
10
10
10
10
10
10
10
10
10
10
10
10
10
10
10
10
10
10
10
10
10
10
10
10
10
10
10
10
10
10
10
10
10
10
10
10
10
10
10
10
10
10
10
10
10
10
10
10
10
10
10
10
10
10
10
10
10
10
10
10
10
10
10
10
10
10
10
10
10
10
10
10
10
10
10
10
10
10
10
10
10
10
10
10
10
10
10
10
10
10
10
10
10
10
10
10
10
10
10
10
10
10
10
10
10
10
10
10
10
10
10
10
10
10
10
10
10
10
10
10
10
10
10
10
10
10
10
10
10
10
10
10
10
10
10
10
10
10
10
10
10
10
10
10
10
10
10
10
10
10
10
10
10
10
10
10
10
10
10
10
10
10
10
10
10
10
10
10
10
10
10
10
10
10
10
10
10
10
10
10
10
10
10
10
10
10
10
10
10
10
10
10
10
10
10
10
10
10
10
10
10
10
10
10
10
10
10
10
10
10
10
10
10
10
10
10
10
10
10
10
10
10
10
10
10
10
10
10
10
10
10
10
10
10
10
10
10
10
10
10
10
10
10
10
10
10
10
10
10
10
10
10
10
10
10
10
10
10
10
10
10
10
10
10
10
10
10
10
10
10
10
10
10
10
10
10
10
10
10
10
10
10
10
10
10
10
10
10
10
10
10
10
10
10
10
10
10
10
10
10
10
10
10
10
10
10
10
10
10
10
10
10
10
10
10
10
10
10
10
10
10
10
10
10
10
10
10
10
10
10
10
10
10
10
10
10
10
10
10
10
10
10
10
10
10
10
10
10
10
10
10
10
10
10
10
10
10
10
10
10
10
10
10
10
10
10
10
10
10
10
10
10
10
10
10
10
10
10
10
10
10
10
10
10
10
10
10
10
10
10
10
10
10
10
10
10
10
10
10
10
10
10
10
10
10
10
10
10
10
10
10
10
10
10
10
10
10
10
10
10
10
10
10
10
10
10
10
10
10
10
10
10
10
10
10
10
10
10
10
10
10
10
10
10
10
10
10
10
10
10
10
10
10
10
10
10
10
10
10
10
10
10
10
10
10
10
10
10
10
10
10
10
10
10
10
10
10
10
10
10
10
10
10
10
10
10
10
10
10
10
10
10
10
10
10
10
10
10
10
10
10
10
10
10
10
10
10
10
10
10
10
10
10
10
10
10
10
10
10
10
10
10
10
10
10
10
10
10
10
10
10
10
10
10
10
10
10
10
10
10
10
10
10
10
10
10
10
10
10
10
10
10
10
10
10
10
10
10
10
10
10
10
10
10
10
10
10
10
10
10
10
10
10
10
10
10
10
10
10
10
10
10
10
10
10
10
10
10
10
10
10
10
10
10
10
10
10
10
10
10
10
10
10
10
10
10
10
10
10
10
10
10
10
10
10
10
10
10
10
10
10
10
10
10
10
10
10
10
10
10
10
10
10
10
10
10
10
10
10
10
10
10
10
10
10
10
10
10
10
10
10
10
10
10
10
10
10
10
10
10
10
10
10
10
10
10
10
10
10
10
10
10
10
10
10
10
10
10
10
10
10
10
10
10
10
10
10
10
10
10
10
10
10
10
10
10
10
10
10
10
10
10
10
10
10
10
10
10
10
10
10
10
10
10
10
10
10
10
10
10
10
10
10
10
10
10
10
10
10
10
10
10
10
10
10
10
10
10
10
10
10
10
10
10
10
10
10
10
10
10
10
10
10
10
10
10
10
10
10
10
10
10
10
10
10
10
10
10
10
10
10
10
10
10
10
10
10
10
10
10
10
10
10
10
10
10
10
10
10
10
10
10
10
10
10
10
10
10
10
10
10
10
10
10
10
10
10
10
10
10
10
10
10
10
10
10
10
10
10
10
10
10
10
10
10
10
10
10
10
10
10
10
10
10
10
10
10
10
10
10
10
10
10
10
10
10
10
10
10
10
10
10
10
10
10
10
10
10
10
10
10
10
10
10
10
10
10
10
10
10
10
10
10
10
10
10
10
10
10
10
10
10
10
10
10
10
10
10
10
10
10
10
10
10
10
10
10
10
10
10
10
10
10
10
10
10
10
10
10
10
10
10
10
10
10
10
10
10
10
10
10
10
10
10
10
10
10
10
10
10
10
10
10
10
10
10
10
10
10
10
10
10
10
10
10
10
10
10
10
10
10
10
10
10
10
10
10
10
10
10
10
10
10
10
10
10
10
10
10
10
10
10
10
10
10
10
10
10
10
10
10
10
10
10
10
10
10
10
10
10
10
10
10
10
10
10
10
10
10
10
10
10
10
10
10
10
10
10
10
10
10
10
10
10
10
10
10
10
10
10
10
10
10
10
10
10
10
10
10
10
10
10
10
10
10
10
10
10
10
10
10
10
10
10
10
10
10
10
10
10
10
10
10
10
10
10
10
10
10
10
10
10
10
10
10
10
10
10
10
10
10
10
10
10
10
10
10
10
10
10
10
10
10
10
10
10
10
10
10
10
10
10
10
10
10
10
10
10
10
10
10
10
10
10
10
10
10
10
10
10
10
10
10
10
10
10
10
10
10
10
10
10
10
10
10
10
10
10
10
10
10
10
10
10
10
10
10
10
10
10
10
10
10
10
10
10
10
10
10
10
10
10
10
10
10
10
10
10
10
10
10
10
10
10
10
10
10
10
10
10
10
10
10
10
10
10
10
10
10
10
10
10
10
10
10
10
10
10
10
10
10
10
10
10
10
10
10
10
10
10
10
10
10
10
10
10
10
10
10
10
10
10
10
10
10
10
10
10
10
10
10
10
10
10
10
10
10
10
10
10
10
10
10
10
10
10
10
10
10
10
10
10
10
10
10
10
10
10
10
10
10
10
10
10
10
10
10
10
10
10
10
10
10
10
10
10
10
10
10
10
10
10
10
10
10
10
10
10
10
10
10
10
10
10
10
10
10
10
10
10
10
10
10
10
10
10
10
10
10
10
10
10
10
10
10
10
10
10
10
10
10
10
10
10
10
10
10
10
10
10
10
10
10
10
10
10
10
10
10
10
10
10
10
10
10
10
10
10
10
10
10
10
10
10
10
10
10
10
10
10
10
10
10
10
10
10
10
10
10
10
10
10
10
10
10
10
10
10
10
10
10
10
10
10
10
10
10
10
10
10
10
10
10
10
10
10
10
10
10
10
10
10
10
10
10
10
10
10
10
10
10
10
10
10
10
10
10
10
10
10
10
10
10
10
10
10
10
10
10
10
10
10
10
10
10
10
10
10
10
10
10
10
10
10
10
10
10
10
10
10
10
10
10
10
10
10
10
10
10
10
10
10
10
10
10
10
10
10
10
10
10
10
10
10
10
10
10
10
10
10
10
10
10
10
10
10
10
10
10
10
10
10
10
10
10
10
10
10
10
10
10
10
10
10
10
10
10
10
10
10
10
10
10
10
10
10
10
10
10
10
10
10
10
10
10
10
10
10
10
10
10
10
10
10
10
10
10
10
10
10
10
10
10
10
10
10
10
10
10
10
10
10
10
10
10
10
10
10
10
10
10
10
10

POINT_DATA 909

SCALARS von_mises_strain float 1
LOOKUP_TABLE default
0.22493313
0.16362307
0.21302748
0.30977784
0.52684295
0.71728224
0.24697413
0.32835640
0.22815977
0.24078856
0.27253939
2.43626202
0.81153468
7.20950352
0.36004885
0.29385076
0.39516876
0.30358154
0.50075182
0.25368708
0.28782209
0.84774697
0.38457563
3.24658520
4.51018612
0.22373691
0.25617288
0.15010496
0.20666265
1.67581031
0.40208205
1.39034695
0.29173053
0.29004914
0.21543114
0.15041136
4.55701913
7.06443872
1.78008909
2.62621458
2.48331939
3.49988885
4.23895531
0.13081528
0.22582658
0.44417109
0.78627702
2.57321250
1.94693350
1.79301057
2.66989443
0.21054187
0.25707220
1.92087456
3.29553076
0.54408944
1.74950105
3.25411688
1.98967159
0.67928940
0.45559799
0.30936353
0.34352233
0.13642925
0.11785247
0.45312609
0.41859513
0.44292101
0.30423822
0.28752921
0.76766033
0.18434741
1.00889852
0.29265475
0.45167040
0.15417028
0.19511096
0.69615969
0.60997902
1.15792761
0.55161582
0.10498571
0.69466680
0.75475119
0.76504215
0.91824488
0.23638150
0.11285271
0.19704245
0.14401718
0.44516647
0.08342946
0.41513072
0.10338844
0.10805185
0.12465813
0.57960572
0.08985510
0.31237979
4.84807525
0.16944056
0.10794792
0.11375800
0.15006714
0.11093395
0.13640737
0.24097695
0.14453742
0.28693006
0.09899324
0.10822601
0.11166830
0.11922859
0.25831056
8.46636545
0.10612010
0.12106155
0.13944517
0.13426713
0.72788957
0.45689867
3.00867032
0.10809381
0.13075521
0.12903256
0.18254475
0.17469908
1.99069117
1.54259546
0.57597293
0.13535957
0.12545005
0.15454222
0.20785429
0.13503266
0.13938388
0.10147550
0.18277914
0.13524168
0.15798740
0.15642097
0.17503928
0.13375418
0.17296107
0.18253674
0.20177684
0.21919061
0.21502134
0.21241346
0.24698010
0.52559414
0.52528222
0.43970405
1.50652855
0.43996212
0.27488229
0.57922908
0.45055473
0.46953173
0.32522683
0.25402677
0.16941637
0.16574638
0.19192965
0.31515737
0.49799527
3.02438615
0.90637204
0.60111000
0.44289635
0.53322704
0.30228023
1.06852455
0.31066475
0.29732744
0.32299268
0.39319240
0.48699666
0.39039475
0.27835913
0.16823767
0.16758006
0.22467686
0.22166656
0.26616375
0.53983062
0.95043879
7.65027109
3.83213066
0.93028551
1.78427764
2.02305878
6.18118412
4.97391234
3.75806896
1.64214448
0.55149542
0.29341070
0.15520490
0.45123304
0.15242547
0.60930737
0.19176778
1.39670891
0.39269712
3.60083550
0.68086617
0.94960375
0.32606974
0.87522166
0.88549957
1.35630891
3.21205302
2.27724968
1.05640137
1.05158237
3.32239733
3.93614947
2.06624977
0.80173480
0.27670110
0.26801334
0.36506468
0.25543412
0.32013519
0.26966112
0.31846722
0.18113611
0.15875514
0.18208987
0.27685028
6.77369886
1.54766582
2.34705282
4.21872027
6.41857359
0.24295849
0.24814377
0.18247225
0.16716730
0.23073017
0.13499169
6.06374670
0.27876352
1.42618657
0.52098207
0.57358854
0.65901328
2.91090951
5.65029676
0.22369647
0.20933467
0.15958381
0.18771827
0.13628521
1.00085163
2.66460526
1.15852395
0.40069835
0.73700373
0.45557381
0.32292089
0.14403529
0.26097255
0.21233448
0.07903591
0.85207422
0.12192343
0.82616341
0.20425163
0.86987071
1.15978315
0.20828698
1.15417190
1.04241698
0.54493608
0.43574928
0.60867656
0.44208944
0.14231135
0.19835274
0.19728827
0.18539201
0.09520808
0.17400147
0.36205668
0.78187605
0.41841802
0.52300157
0.50087793
0.13765494
0.08094973
0.16361043
0.39364449
0.15687016
0.44523462
0.24369637
0.22299769
0.13576980
0.28207574
0.20532133
0.64992116
0.55782906
0.50805057
0.92769804
0.62630022
0.68079077
0.43164785
0.13743725
0.15176362
0.15462415
0.10930310
0.17697429
0.08360255
0.14626666
0.22963459
0.17160402
0.38189749
0.73081990
0.75029009
0.74882493
0.47106182
0.11816725
0.43091722
0.47708433
0.08474676
0.13208740
0.08706711
0.12990785
0.37937720
0.15926817
0.14508545
0.18326323
0.86966390
1.09023659
0.85297355
0.07784093
0.13921580
0.41650306
0.22538843
0.15979837
0.19828568
0.06885095
0.07600918
0.12845513
0.18761174
0.08826069
0.45031230
0.27327721
0.22188705
0.16465452
0.10274251
0.06656116
0.16716059
0.19841261
0.12951720
0.13439332
0.11001041
0.57614265
0.06335147
0.07361736
0.09102407
0.11604845
0.21416591
0.12483534
0.08680527
0.08730491
2.26304891
1.29515260
0.05452093
0.07798423
0.09971942
0.20585147
0.32197767
0.25073715
0.19957229
2.39789432
10.03280227
0.10153868
0.11261337
0.13933967
0.17432394
0.08932453
0.31344886
0.25004955
0.22751103
0.19324853
5.14566117
0.24984923
0.08539397
0.10496233
0.20260463
0.23812540
0.15069674
0.11922234
2.35140629
0.07259294
0.34652720
0.10135780
0.14946142
0.12160177
0.12305807
0.20365200
0.23419827
0.13539470
0.13041843
0.96231176
0.09618599
0.42267268
0.10370415
0.07338573
0.09699540
0.11139211
0.14449443
0.18554182
0.20700681
0.21236647
0.19452295
0.14012117
1.11334404
0.43837650
0.13956926
0.08989098
0.11458107
0.12573616
0.08350652
0.13524204
0.10655629
0.12749875
0.12499480
0.21219505
0.20050908
0.13571817
0.17965771
0.15805979
0.18556541
0.31450723
0.17696340
0.11223298
0.11673653
0.12778487
0.15667000
0.10740236
0.15430439
0.14805403
0.18959769
0.18979001
0.13020913
0.11738455
0.16718476
0.14263570
0.15552234
0.17783141
0.15319136
0.13505609
0.14100974
0.16291062
0.17546025
0.17468096
0.12990080
0.17089267
0.16012005
0.12980821
0.16348651
0.17549476
0.17042060
0.17309086
0.14830542
0.16976690
0.27191161
1.12709177
0.29790032
0.28208300
1.39923520
0.51495754
0.35491477
0.34606897
0.35362801
1.18148671
2.93666694
0.31819412
2.06576636
1.15423330
0.34056211
0.34476395
0.83384424
1.10726924
0.91124057
0.59058373
0.40047871
0.83179647
1.54940461
0.18084772
0.14837308
0.85865618
0.63755799
0.10869570
0.36034476
0.44564309
0.10314808
0.13965413
0.14518631
0.41519130
0.18045221
0.13307127
0.30859265
0.08571218
0.20476703
0.13232845
0.25554529
0.17198500
0.13055910
0.22891066
0.13083041
0.28044305
0.20524918
0.13522409
0.33351256
0.13109542
0.09765676
8.45383108
0.13178938
0.10192550
0.71671242
0.09843532
0.11210047
0.15660535
0.17733345
0.22083969
3.13026498
0.52896663
0.88877317
1.51399865
0.38858249
1.29883324
2.95840275
0.22240740
5.20068008
0.32228552
0.24357986
0.26547885
2.03904378
1.68777923
1.14779665
0.72876805
0.28818236
0.42103952
0.31025880
2.08945011
0.95015515
0.75100743
0.44464823
0.59669056
0.45671268
0.57785470
0.47209479
0.19546078
0.25877256
0.08124048
0.22670997
0.39446795
1.03024672
0.59256730
0.08694494
0.15805502
0.10421323
0.22210516
0.22462879
0.65206076
0.14274901
0.13801872
0.07540785
0.05531428
0.05857993
0.07996844
0.06449932
0.12667103
0.06406997
0.12921685
0.19029533
0.16594389
0.14453849
0.17227340
0.13362981
0.12794568
0.14346999
0.13144772
0.28012107
0.51597203
5.68819868
1.62971587
1.20431851
0.84755747
0.35801729
0.51296912
0.08170038
3.70084670
0.09776168
0.11747658
0.14379722
0.15515837
0.16753107
0.50555625
0.38562205
0.35958291
0.28654061
0.37930095
0.36030482
0.16650289
0.34180009
0.17834436
3.29809169
0.72638709
0.22280209
0.16763963
0.14176174
3.51714826
0.72275958
1.99734326
0.37500107
0.19024428
0.69479190
0.30049694
0.12874221
0.14419705
0.24472130
0.22230220
0.31165702
0.56563154
0.52048450
0.15803894
0.10451859
0.15652648
0.91428004
0.09950556
0.10896846
0.18449931
0.11797387
0.09129414
0.14279657
0.10477046
0.14125071
13.79285528
0.83309281
0.06722833
0.13185205
0.15641578
2.41851684
0.10360115
0.15400426
0.12128126
0.13237216
0.17410016
0.16776143
4.26707543
0.50275329
0.68593785
0.31245190
0.05468309
0.11938120
0.14664619
0.11775809
0.13270806
0.79634269
0.12593900
0.13749801
0.08935458
4.18185892
0.11408144
0.45810625
1.89408190
0.99134090
0.48693843
3.09611045
0.43951220
0.18221861
0.07490912
0.07646913
1.07759144
0.38421949
0.11497695
0.14168184
0.14932579
0.16346948
0.26745763
0.23885099
0.26556228
0.15494457
0.06604465
0.08533114
0.19433076
0.14728318
0.22516032
0.25404334
0.07321281
0.13079269
0.17436357
0.15087677
0.25529838
0.57145424
0.41044944
0.30992091
2.46394926
0.14506359
0.05544378
0.22739477
0.20990642
0.09109630
0.17272504
0.38556695
2.04918142
0.69367143
0.59068011
0.09944939
0.30013411
0.16834845
0.14048657
0.36554581
0.13294961
0.27414343
1.20796794
0.08609105
11.30644107
0.12805880
0.07948724
0.80337218
0.36924872
0.53033653
0.13641856
0.10663536
0.16170296
0.22050349
6.80846162
0.19316279
0.09045070
0.17310219
2.46701265
0.08884526
0.28238461
0.58556465
0.16349648
0.09985169
2.74578303
0.27606412
0.82269180
0.11512123
0.32988146
0.15263838
0.56508552
0.15495669
0.13430931
0.11579404
0.13493447
0.11426250
0.17605416
0.14206029
0.23342266
0.11485266
0.17410135
0.22646723
0.07556285
0.13563402
0.13850382
0.43583249
0.11252200
0.26872751
0.15537590
0.21978146
0.39214793
0.24161315
0.10219186
0.14665470
0.08446738
0.19947175
0.09773046
0.09768239
1.65152264
0.11584258
0.43185243
0.12409373
0.42441090
0.38258137
0.13099624
0.38881483
0.20815870
0.09687875
1.60721441
0.16197690
0.15480850
0.20525740
0.18187344
0.64977195
0.20364205
0.17430157
0.16980583
1.64532314
0.16997983
0.08321005
0.14453564
0.19458647
0.38171534
0.15636992
0.23083099
0.20993265
0.12908037
0.14614555
0.15920679
0.10498027
0.26988247
0.19196859
0.30864049
0.10739433
0.33458660
0.08143769
0.16497312
0.14314974
0.07901008
0.10216999
0.14470155
0.40620375
0.13188858
0.13765517
0.14069548
0.24053768
1.47559594
0.23217527
0.12905269
0.50925741
0.10097947
0.36003507
0.28025497
0.18815179
1.43584837
0.25299740
0.10576723
2.07668968
0.56721588
0.11095961
0.15462245
0.10420382
0.15680342
0.09168843
0.40141843
0.41022337
0.29870496
0.57114749
2.87643719
0.20201753
0.13530908
0.32989568
0.28131706
0.14881917
0.11396923
0.12374547
0.15010506
0.22192719
1.60359038
0.08452621
1.90999296
0.12268297
0.13583142
0.16661719
0.85053297
0.16046135
0.11426837
0.61811977
0.31210634
0.25745961
0.22099670
0.61713857
0.14428161
0.52119294
0.13648711
0.10417876
0.10313327
1.48678581
0.98261046
0.36366206
0.17131211
0.07918191
2.51966016
0.19315425
0.25262360
0.13297138
0.15865769
0.26437293
0.54156591
0.19939611
0.08654582
0.56078970
0.27300438
0.22117663
0.15071218
0.15198016
0.19575187
0.11186218
0.39503633
0.63184072
0.37257878
0.61099054
0.18064661
0.06457857
0.10332323
0.15356180
0.10384505
0.19267090
0.23687126
0.40490948
0.24520040

SCALARS displacement_magnitude float 1
LOOKUP_TABLE default
0.076975
0.072102
0.075340
0.079932
0.053366
0.057288
0.058538
0.062214
0.072411
0.075845
0.073165
0.083912
0.083602
0.055506
0.053956
0.064854
0.067422
0.068213
0.066466
0.068157
0.071588
0.078286
0.081707
0.047708
0.051892
0.061479
0.064406
0.071075
0.072568
0.071915
0.083133
0.082639
0.058588
0.063323
0.064895
0.069197
0.075524
0.078407
0.080934
0.081251
0.081496
0.085626
0.049720
0.066524
0.066528
0.070933
0.071893
0.080631
0.085146
0.047780
0.049165
0.064720
0.064596
0.074823
0.078596
0.083595
0.085390
0.083376
0.048227
0.050125
0.059260
0.062744
0.063080
0.065065
0.067995
0.083806
0.053203
0.062832
0.081108
0.084317
0.052543
0.062043
0.061658
0.074891
0.085808
0.086441
0.086204
0.054650
0.058256
0.060631
0.059377
0.062871
0.058199
0.056645
0.057916
0.060604
0.060977
0.069244
0.084889
0.084587
0.060175
0.061823
0.060601
0.071922
0.081626
0.085980
0.060002
0.083099
0.062504
0.066946
0.067113
0.085534
0.078155
0.077208
0.080323
0.086731
0.063244
0.063081
0.065847
0.082272
0.083325
0.085933
0.086036
0.062680
0.069242
0.082375
0.085775
0.063988
0.066370
0.067779
0.070124
0.067317
0.075828
0.084537
0.066527
0.065499
0.068578
0.067313
0.069084
0.073503
0.075885
0.069042
0.069037
0.068276
0.080394
0.083030
0.083462
0.071013
0.074479
0.079699
0.077178
0.077828
0.078474
0.078855
0.073074
0.074570
0.077105
0.076369
0.076904
0.076824
0.078826
0.080492
0.056637
0.055867
0.056006
0.059256
0.061481
0.062907
0.063942
0.067874
0.069437
0.071452
0.071731
0.072729
0.074302
0.078072
0.082073
0.084266
0.051066
0.053957
0.051372
0.056619
0.057925
0.064213
0.064110
0.065413
0.065976
0.067564
0.067433
0.067579
0.069998
0.069905
0.069318
0.072864
0.078232
0.077142
0.080785
0.084414
0.086559
0.086605
0.086448
0.087388
0.050747
0.051987
0.054087
0.055038
0.059124
0.065498
0.070151
0.069412
0.071504
0.070927
0.070868
0.071252
0.073537
0.078419
0.075680
0.078620
0.081250
0.080958
0.084267
0.084848
0.086257
0.087515
0.048213
0.049995
0.053084
0.051096
0.053565
0.055237
0.055198
0.063397
0.065754
0.066756
0.068767
0.067745
0.070344
0.068985
0.076219
0.078183
0.080181
0.082144
0.082802
0.047504
0.047753
0.048783
0.064306
0.064857
0.066433
0.066883
0.066175
0.072386
0.078272
0.082219
0.082431
0.082985
0.083449
0.084224
0.084497
0.049256
0.066361
0.064322
0.077780
0.079796
0.081195
0.083144
0.048007
0.051983
0.054015
0.055559
0.060119
0.063279
0.065252
0.069205
0.066851
0.071510
0.074775
0.080057
0.079243
0.081826
0.083310
0.085543
0.084571
0.049841
0.050908
0.055446
0.061188
0.061466
0.063142
0.062772
0.064683
0.066958
0.069140
0.072771
0.085702
0.085676
0.084982
0.052385
0.055570
0.056989
0.062643
0.069643
0.066805
0.073178
0.078402
0.077388
0.080259
0.081920
0.083850
0.082174
0.083837
0.084972
0.055286
0.051579
0.054353
0.055854
0.060012
0.062278
0.065345
0.065526
0.071177
0.074738
0.073639
0.081498
0.080805
0.085932
0.086155
0.086421
0.055604
0.058379
0.059387
0.060473
0.061474
0.062177
0.061609
0.071372
0.071771
0.082996
0.082216
0.085672
0.086369
0.086588
0.086928
0.057303
0.058681
0.059510
0.061133
0.060629
0.060871
0.064965
0.064758
0.069465
0.075996
0.083471
0.085046
0.086945
0.060370
0.060621
0.063326
0.065132
0.066807
0.075583
0.081657
0.084386
0.086060
0.087102
0.087071
0.063598
0.066457
0.079698
0.082553
0.080502
0.081060
0.086236
0.086594
0.061334
0.060929
0.069918
0.072146
0.076028
0.082764
0.085072
0.061880
0.061328
0.064441
0.064126
0.065067
0.068498
0.072331
0.072785
0.086017
0.086272
0.061619
0.062036
0.062728
0.063138
0.066316
0.066337
0.075499
0.084438
0.085386
0.063208
0.063574
0.068321
0.073058
0.071604
0.075041
0.076302
0.084992
0.085044
0.086242
0.086107
0.064556
0.064753
0.066856
0.071642
0.073697
0.074899
0.075748
0.081120
0.081842
0.084040
0.084726
0.085263
0.066342
0.066255
0.066754
0.067645
0.070300
0.070315
0.071795
0.073264
0.079046
0.079971
0.082613
0.081957
0.083814
0.084417
0.084894
0.085427
0.068818
0.068174
0.069866
0.069322
0.070683
0.070309
0.072682
0.074082
0.077537
0.079745
0.081915
0.081591
0.081697
0.082210
0.083359
0.069800
0.070371
0.072315
0.070976
0.072222
0.072796
0.070932
0.074117
0.075585
0.079389
0.080230
0.080034
0.081087
0.081632
0.082906
0.073768
0.074362
0.074945
0.075654
0.076067
0.075085
0.077435
0.078643
0.079714
0.078273
0.055433
0.059776
0.078743
0.052531
0.061986
0.066023
0.080285
0.058222
0.074670
0.050668
0.058836
0.083823
0.048134
0.068356
0.057653
0.073161
0.083409
0.083610
0.050638
0.051604
0.055310
0.085401
0.063691
0.082000
0.084209
0.084878
0.078174
0.077314
0.085838
0.080315
0.084357
0.086864
0.061940
0.077974
0.083718
0.086233
0.074720
0.086570
0.060417
0.065081
0.073324
0.087061
0.060862
0.069860
0.061760
0.065853
0.076854
0.065130
0.070301
0.062394
0.066034
0.072235
0.084471
0.073897
0.080932
0.085307
0.072463
0.073284
0.076929
0.054460
0.080427
0.083835
0.085046
0.075286
0.048895
0.048735
0.067646
0.082224
0.054142
0.056750
0.059693
0.081949
0.083139
0.083050
0.049129
0.062385
0.056905
0.061225
0.052200
0.076090
0.084831
0.054507
0.085653
0.055211
0.059781
0.061583
0.062052
0.086089
0.074791
0.079050
0.086422
0.058879
0.060861
0.078681
0.086771
0.083390
0.085712
0.086190
0.069741
0.075294
0.061274
0.073361
0.075330
0.079676
0.081665
0.082979
0.086748
0.077918
0.065779
0.067275
0.067843
0.085336
0.068492
0.081574
0.072692
0.074154
0.078027
0.058853
0.054331
0.050728
0.084599
0.050528
0.084074
0.061993
0.074572
0.061244
0.071767
0.079636
0.079116
0.081895
0.074869
0.074522
0.057969
0.061480
0.062717
0.061166
0.064675
0.065792
0.071311
0.063381
0.068664
0.075359
0.082949
0.063976
0.066918
0.075088
0.084565
0.082560
0.083947
0.060314
0.064181
0.072877
0.071814
0.075137
0.077234
0.084481
0.063021
0.063377
0.074236
0.085786
0.065994
0.060923
0.085677
0.059492
0.074096
0.076600
0.085614
0.086088
0.062024
0.069773
0.083837
0.086386
0.066095
0.074052
0.081077
0.063370
0.064547
0.070088
0.079881
0.084079
0.069150
0.080615
0.076508
0.078225
0.049637
0.085877
0.056244
0.063172
0.074420
0.079674
0.085626
0.082948
0.071615
0.053367
0.086799
0.065492
0.082016
0.072155
0.062455
0.078810
0.055138
0.081234
0.051464
0.047714
0.050627
0.065716
0.073048
0.072696
0.073613
0.075860
0.073142
0.082649
0.073517
0.079639
0.061094
0.070540
0.069428
0.062101
0.077215
0.080751
0.073521
0.082354
0.077576
0.064334
0.077468
0.083233
0.070065
0.074075
0.060065
0.080358
0.061868
0.062627
0.087648
0.068555
0.077414
0.060658
0.067128
0.077904
0.063237
0.082150
0.048449
0.075595
0.085200
0.078575
0.086458
0.066688
0.083888
0.073792
0.075096
0.060315
0.082848
0.072901
0.069539
0.078042
0.079018
0.076841
0.065685
0.058225
0.076543
0.062550
0.085427
0.061157
0.053915
0.084710
0.070141
0.075458
0.056216
0.080774
0.069177
0.069924
0.076552
0.073823
0.086141
0.068983
0.071754
0.086558
0.057053
0.073060
0.060111
0.077864
0.084476
0.071375
0.070387
0.078145
0.079115
0.078390
0.062893
0.071484
0.076409
0.064912
0.074477
0.073893
0.075125
0.082286
0.068606
0.080872
0.082541
0.065028
0.057646
0.074016
0.079264
0.074570
0.079721
0.068746
0.075708
0.074105
0.081927
0.078724
0.082907
0.082228
0.077854
0.078666
0.069911
0.061432
0.066391
0.080009
0.054405
0.071127
0.072120
0.065406
0.065413
0.082194
0.067321
0.081983
0.069701
0.079501
0.066345
0.074990
0.064115
0.080067
0.070673
0.071737
0.082862
0.075754
0.075077
0.077389
0.066641
0.074061
0.064877
0.077523
0.062263
0.076081
0.062757
0.071892
0.076248
0.070601
0.077984
0.069420
0.070348
0.080202
0.064137
0.079387
0.073761
0.064585
0.082931
0.078299
0.081867
0.058381
0.076601
0.055316
0.068209
0.071795
0.074414
0.074659
0.075593
0.082869
0.054155
0.083420
0.080431
0.081307
0.069439
0.073888
0.062933
0.060372
0.058651
0.076975
0.078827
0.073283
0.070378
0.062550
0.060642
0.083792
0.075171
0.071099
0.073716
0.083121
0.080338
0.073980
0.050945
0.081655
0.084190
0.068112
0.083802
0.069128
0.078385
0.079982
0.083358
0.067108
0.080788
0.083611
0.068137
0.077191
0.078959
0.077669
0.082552
0.072185
0.081743
0.063707
0.072380
0.072576
0.069679
0.067437
0.084009
0.084713
0.074542
0.074927
0.074355
0.067417
0.078840
0.062884
0.080866
0.076822
0.077630
0.082296
0.071892
0.080390
0.080414
0.060874
0.057164
0.082075
0.084232
0.076711
0.077222
0.067253
0.072991
0.077329
0.066201
0.080178
0.070654

SCALARS velocity_magnitude float 1
LOOKUP_TABLE default
0.069567
0.077211
0.076508
0.081314
0.228993
0.179136
0.168782
0.133414
0.062691
0.074467
0.056365
0.086104
0.092411
0.202546
0.200233
0.094321
0.088349
0.080430
0.086587
0.080514
0.055642
0.054339
0.084149
0.293602
0.222851
0.110666
0.099086
0.058598
0.072689
0.061422
0.080248
0.061090
0.138454
0.107700
0.084812
0.069736
0.064458
0.071972
0.052002
0.064146
0.059330
0.075247
0.253802
0.072151
0.073341
0.062665
0.061244
0.060413
0.076290
0.279468
0.274643
0.086772
0.074892
0.053677
0.054335
0.067985
0.084623
0.068746
0.289110
0.262844
0.121652
0.089475
0.101161
0.078713
0.064473
0.072119
0.188259
0.100359
0.059512
0.078172
0.409718
0.095423
0.111839
0.069628
0.109856
0.105533
0.105891
1.920853
0.122662
0.118630
0.123802
0.086410
0.121092
0.244461
0.038032
0.114460
0.106450
0.056775
0.085543
0.093362
0.111978
0.090897
0.112307
0.060526
0.087963
0.105573
0.112020
0.091615
0.087644
0.090000
0.062999
0.117792
0.096196
0.101071
0.104355
0.139266
0.099040
0.097293
0.092323
0.092303
0.097734
0.144798
0.143682
0.099845
0.089913
0.096796
0.135734
0.098651
0.096941
0.094921
0.097338
0.091220
0.076278
0.133594
0.096791
0.097784
0.075067
0.097790
0.097776
0.102821
0.081722
0.096552
0.095582
0.089529
0.105886
0.116198
0.128795
0.081506
0.104585
0.105902
0.101671
0.109462
0.115489
0.115134
0.074454
0.065360
0.075822
0.065116
0.076728
0.071811
0.073395
0.083181
0.195891
0.195307
0.195271
0.154284
0.133542
0.125911
0.116835
0.083162
0.079740
0.078786
0.077576
0.059342
0.058349
0.059278
0.076646
0.088387
0.243158
0.210316
0.245302
0.170356
0.163582
0.094798
0.102666
0.093514
0.091758
0.087140
0.080671
0.076769
0.079638
0.077230
0.067916
0.075893
0.073989
0.054975
0.069735
0.073543
0.084951
0.095313
0.087292
0.087859
0.255515
0.245546
0.219185
0.194913
0.143531
0.084700
0.075016
0.061014
0.075100
0.058320
0.058144
0.059896
0.054208
0.060496
0.051095
0.050797
0.077165
0.056153
0.088742
0.086400
0.075479
0.077990
0.282787
0.255409
0.236832
0.272755
0.213531
0.182672
0.160174
0.089783
0.087215
0.075376
0.063046
0.067568
0.058148
0.066647
0.068587
0.067843
0.071369
0.075022
0.078341
0.289790
0.290219
0.267971
0.094621
0.087317
0.076084
0.075152
0.080568
0.069214
0.058090
0.072185
0.062472
0.072351
0.068967
0.082584
0.068140
0.235516
0.073209
0.088954
0.063362
0.064037
0.062989
0.065050
0.286122
0.214483
0.210003
0.149804
0.129744
0.100912
0.078261
0.067564
0.071408
0.064237
0.056275
0.061503
0.053388
0.065898
0.068005
0.098315
0.081763
0.231837
0.239946
0.147910
0.098658
0.114466
0.079164
0.088917
0.072449
0.073658
0.073480
0.063621
0.097566
0.101606
0.105330
0.185766
0.183973
0.152186
0.087942
0.061791
0.076603
0.066536
0.061638
0.058245
0.064060
0.067895
0.073148
0.064351
0.077739
0.102971
0.870406
0.438154
0.186561
0.182816
0.129481
0.084427
0.078693
0.062157
0.073778
0.062000
0.072377
0.067335
0.080043
0.105255
0.100792
0.119173
0.375454
0.095680
0.129480
0.113504
0.094247
0.101246
0.094306
0.060403
0.075784
0.072795
0.074531
0.098259
0.105195
0.112145
0.124410
0.144670
0.099695
0.103553
0.093864
0.099810
0.111060
0.065443
0.083058
0.082281
0.066935
0.083660
0.096931
0.129091
0.098362
0.108808
0.079081
0.069073
0.060368
0.076504
0.076947
0.104600
0.118058
0.122171
0.130874
0.087228
0.084929
0.072299
0.084258
0.091979
0.097308
0.129199
0.117661
0.095580
0.098990
0.090808
0.091046
0.066592
0.097423
0.107480
0.104725
0.106819
0.079518
0.092882
0.088223
0.099845
0.064560
0.065609
0.141306
0.135473
0.101620
0.104426
0.097777
0.101508
0.073802
0.090917
0.099683
0.112683
0.124051
0.100679
0.094583
0.068469
0.067767
0.094776
0.069924
0.101634
0.127857
0.132298
0.136605
0.142611
0.098414
0.093346
0.096306
0.068502
0.102373
0.072123
0.104202
0.093860
0.115611
0.125554
0.132063
0.140545
0.096016
0.083895
0.089137
0.094064
0.071197
0.096047
0.099854
0.070808
0.085079
0.114882
0.108656
0.120346
0.137256
0.135393
0.142335
0.144823
0.085194
0.082974
0.095906
0.092390
0.073058
0.096800
0.101520
0.080286
0.086786
0.117114
0.109916
0.115225
0.125257
0.125420
0.135964
0.084156
0.090130
0.100740
0.097749
0.095270
0.098669
0.095982
0.089105
0.085358
0.119366
0.123101
0.122313
0.116918
0.123770
0.135493
0.094201
0.097823
0.104850
0.104504
0.102266
0.096217
0.108752
0.107276
0.117805
0.075647
0.208494
0.160517
0.078000
0.238433
0.121351
0.091319
0.078365
0.149418
0.052200
0.244267
0.157947
0.076036
0.278418
0.063752
0.138043
0.057958
0.082593
0.088595
0.230631
0.220433
0.165855
0.099446
0.086794
0.064454
0.093042
0.104497
0.061599
0.063021
0.118100
0.062648
0.084596
0.113807
0.093093
0.076950
0.082086
0.127438
0.081339
0.135359
0.101945
0.085912
0.087828
0.126051
0.108383
0.060378
0.107076
0.069523
0.098126
0.091548
0.065033
0.099061
0.092414
0.066199
0.118798
0.100838
0.088008
0.136841
0.072949
0.079582
0.063184
0.197171
0.081169
0.091322
0.092429
0.051275
0.275358
0.285484
0.078595
0.060737
0.160570
0.156135
0.147670
0.047490
0.061442
0.067513
0.257690
0.113044
0.161578
0.102325
0.225251
0.053514
0.104528
0.169201
0.119093
0.204492
0.113081
0.092594
0.100449
0.116035
0.064976
0.067704
0.128379
0.105786
0.105656
0.063370
0.134843
0.094468
0.103996
0.118970
0.085640
0.089097
0.102713
0.064910
0.069275
0.077280
0.084281
0.104026
0.140285
0.076137
0.097644
0.093516
0.074398
0.143920
0.095304
0.128055
0.099994
0.101422
0.114254
0.151655
0.184147
0.217114
0.075450
0.234373
0.090263
0.093152
0.091388
0.099973
0.096260
0.107659
0.109439
0.131280
0.097341
0.074999
0.177037
0.138306
0.120022
0.119021
0.099687
0.088589
0.059694
0.098547
0.068455
0.058930
0.076595
0.085578
0.076226
0.066202
0.059382
0.060752
0.076421
0.130586
0.089447
0.060308
0.065998
0.063351
0.062127
0.078098
0.095118
0.077781
0.062208
0.101675
0.077802
0.094949
0.096111
0.131995
0.082197
0.094854
0.122309
0.127114
0.096655
0.061798
0.095354
0.141518
0.091006
0.098953
0.110439
0.099197
0.098053
0.093041
0.094795
0.139346
0.096535
0.123979
0.100220
0.109681
0.249181
0.107992
0.146449
0.079011
0.064513
0.087344
0.137904
0.131644
0.097957
0.166107
0.113559
0.062908
0.064608
0.099550
0.101162
0.069168
0.199138
0.050384
0.226764
0.283307
0.236542
0.076951
0.061851
0.061699
0.094963
0.096946
0.102037
0.133752
0.097637
0.114971
0.144514
0.072914
0.072487
0.102524
0.076839
0.114593
0.071795
0.133457
0.070317
0.068728
0.078678
0.129533
0.078534
0.076762
0.153462
0.081291
0.117121
0.117613
0.098653
0.079367
0.068201
0.107398
0.084951
0.083500
0.100729
0.082375
0.273018
0.057775
0.084349
0.085147
0.131391
0.069688
0.114747
0.103162
0.104034
0.141241
0.078339
0.079734
0.093543
0.113877
0.081174
0.054803
0.094014
0.139682
0.108450
0.087720
0.128525
0.107597
0.238786
0.086148
0.059544
0.069587
0.181796
0.083878
0.079624
0.064236
0.106705
0.068592
0.067563
0.080661
0.055251
0.142268
0.177170
0.077866
0.118705
0.112785
0.137128
0.068724
0.078289
0.084706
0.069508
0.080675
0.098239
0.086566
0.075072
0.092546
0.066037
0.065691
0.090794
0.090478
0.071035
0.066113
0.094278
0.095990
0.143888
0.065233
0.093672
0.063140
0.079908
0.084653
0.092985
0.070492
0.075325
0.106343
0.095125
0.111421
0.063545
0.067252
0.075877
0.117023
0.073216
0.102408
0.191390
0.090931
0.077076
0.092747
0.084668
0.076114
0.090352
0.106438
0.075379
0.070326
0.084427
0.077355
0.097416
0.080274
0.067779
0.092564
0.093020
0.064309
0.098367
0.061353
0.084468
0.085362
0.095957
0.073525
0.109487
0.084816
0.098657
0.069046
0.064447
0.092849
0.081029
0.062882
0.069892
0.073087
0.091126
0.108872
0.077174
0.085245
0.077497
0.064140
0.119727
0.134939
0.091442
0.181885
0.074271
0.065618
0.061920
0.094154
0.064860
0.084073
0.164067
0.114390
0.063591
0.073758
0.085090
0.061422
0.104104
0.115179
0.142809
0.066067
0.067709
0.060854
0.067422
0.104668
0.128386
0.116233
0.100227
0.064568
0.075849
0.084831
0.060398
0.072218
0.238652
0.119720
0.112748
0.082141
0.098164
0.073972
0.108387
0.074755
0.083900
0.078705
0.089048
0.103370
0.074966
0.057669
0.102524
0.086669
0.097451
0.094841
0.084285
0.092198
0.086842
0.061951
0.094142
0.092889
0.111333
0.102751
0.095380
0.062509
0.064170
0.087783
0.103078
0.103721
0.090164
0.063327
0.106942
0.099284
0.064289
0.095192
0.074374
0.112207
0.164441
0.068027
0.097459
0.068937
0.091992
0.095136
0.072928
0.068182
0.082601
0.067030
0.069043

SCALARS adhesion_force_magnitude float 1
LOOKUP_TABLE default
0.00000000
0.00000000
0.00000000
0.00000000
0.00000000
0.00000000
0.00000000
0.00000000
0.00000000
0.00000000
0.00000000
0.00000000
0.00000000
0.00000000
0.00000000
0.00000000
0.00000000
0.00000000
0.00000000
0.00000000
0.00000000
0.00000000
0.00000000
0.00000000
0.00000000
0.00000000
0.00000000
0.00000000
0.00000000
0.00000000
0.00000000
0.00000000
0.00000000
0.00000000
0.00000000
0.00000000
0.00000000
0.00000000
0.00000000
0.00000000
0.00000000
0.00000000
0.00000000
0.00000000
0.00000000
0.00000000
0.00000000
0.00000000
0.00000000
0.00000000
0.00000000
0.00000000
0.00000000
0.00000000
0.00000000
0.00000000
0.00000000
0.00000000
0.00000000
0.00000000
0.00000000
0.00000000
0.00000000
0.00000000
0.00000000
0.00000000
0.00000000
0.00000000
0.00000000
0.00000000
0.00000000
0.00000000
0.00000000
0.00000000
0.00000000
0.00000000
0.00000000
0.00000000
0.00000000
0.00000000
0.00000000
0.00000000
0.00000000
0.00000000
0.00000000
0.00000000
0.00000000
0.00000000
0.00000000
0.00000000
0.00000000
0.00000000
0.00000000
0.00000000
0.00000000
0.00000000
0.00000000
0.00000000
0.00000000
0.00000000
0.00000000
0.00000000
0.00000000
0.00000000
0.00000000
0.00000000
0.00000000
0.00000000
0.00000000
0.00000000
0.00000000
0.00000000
0.00000000
0.00000000
0.00000000
0.00000000
0.00000000
0.00000000
0.00000000
0.00000000
0.00000000
0.00000000
0.00000000
0.00000000
0.00000000
0.00000000
0.00000000
0.00000000
0.00000000
0.00000000
0.00000000
0.00000000
0.00000000
0.00000000
0.00000000
0.00000000
0.00000000
0.00000000
0.00000000
0.00000000
0.00000000
0.00000000
0.00000000
0.00000000
0.00000000
0.00000000
0.00000000
0.00000000
0.00000000
0.00000000
0.00000000
0.00000000
0.00000000
0.00000000
0.00000000
0.00000000
0.00000000
0.00000000
0.00000000
0.00000000
0.00000000
0.00000000
0.00000000
0.00000000
0.00000000
0.00000000
0.00000000
0.00000000
0.00000000
0.00000000
0.00000000
0.00000000
0.00000000
0.00000000
0.00000000
0.00000000
0.00000000
0.00000000
0.00000000
0.00000000
0.00000000
0.00000000
0.00000000
0.00000000
0.00000000
0.00000000
0.00000000
0.00000000
0.00000000
0.00000000
0.00000000
0.00000000
0.00000000
0.00000000
0.00000000
0.00000000
0.00000000
0.00000000
0.00000000
0.00000000
0.00000000
0.00000000
0.00000000
0.00000000
0.00000000
0.00000000
0.00000000
0.00000000
0.00000000
0.00000000
0.00000000
0.00000000
0.00000000
0.00000000
0.00000000
0.00000000
0.00000000
0.00000000
0.00000000
0.00000000
0.00000000
0.00000000
0.00000000
0.00000000
0.00000000
0.00000000
0.00000000
0.00000000
0.00000000
0.00000000
0.00000000
0.00000000
0.00000000
0.00000000
0.00000000
0.00000000
0.00000000
0.00000000
0.00000000
0.00000000
0.00000000
0.00000000
0.00000000
0.00000000
0.00000000
0.00000000
0.00000000
0.00000000
0.00000000
0.00000000
0.00000000
0.00000000
0.00000000
0.00000000
0.00000000
0.00000000
0.00000000
0.00000000
0.00000000
0.00000000
0.00000000
0.00000000
0.00000000
0.00000000
0.00000000
0.00000000
0.00000000
0.00000000
0.00000000
0.00000000
0.00000000
0.00000000
0.00000000
0.00000000
0.00000000
0.00000000
0.00000000
0.00000000
0.00000000
0.00000000
0.00000000
0.00000000
0.00000000
0.00000000
0.00000000
0.00000000
0.00000000
0.00000000
0.00000000
0.00000000
0.00000000
0.00000000
0.00000000
0.00000000
0.00000000
0.00000000
0.00000000
0.00000000
0.00000000
0.00000000
0.00000000
0.00000000
0.00000000
0.00000000
0.00000000
0.00000000
0.00000000
0.00000000
0.00000000
0.00000000
0.00000000
0.00000000
0.00000000
0.00000000
0.00000000
0.00000000
0.00000000
0.00000000
0.00000000
0.00000000
0.00000000
0.00000000
0.00000000
0.00000000
0.00000000
0.00000000
0.00000000
0.00000000
0.00000000
0.00000000
0.00000000
0.00000000
0.00000000
0.00000000
0.00000000
0.00000000
0.00000000
0.00000000
0.00000000
0.00000000
0.00000000
0.00000000
0.00000000
0.00000000
0.00000000
0.00000000
0.00000000
0.00000000
0.00000000
0.00000000
0.00000000
0.00000000
0.00000000
0.00000000
0.00000000
0.00000000
0.00000000
0.00000000
0.00000000
0.00000000
0.00000000
0.00000000
0.00000000
0.00000000
0.00000000
0.00000000
0.00000000
0.00000000
0.00000000
0.00000000
0.00000000
0.00000000
0.00000000
0.00000000
0.00000000
0.00000000
0.00000000
0.00000000
0.00000000
0.00000000
0.00000000
0.00000000
0.00000000
0.00000000
0.00000000
0.00000000
0.00000000
0.00000000
0.00000000
0.00000000
0.00000000
0.00000000
0.00000000
0.00000000
0.00000000
0.00000000
0.00000000
0.00000000
0.00000000
0.00000000
0.00000000
0.00000000
0.00000000
0.00000000
0.00000000
0.00000000
0.00000000
0.00000000
0.00000000
0.00000000
0.00000000
0.00000000
0.00000000
0.00000000
0.00000000
0.00000000
0.00000000
0.00000000
0.00000000
0.00000000
0.00000000
0.00000000
0.00000000
0.00000000
0.00000000
0.00000000
0.00000000
0.00000000
0.00000000
0.00000000
0.00000000
0.00000000
0.00000000
0.00000000
0.00000000
0.00000000
0.00000000
0.00000000
0.00000000
0.00000000
0.00000000
0.00000000
0.00000000
0.00000000
0.00000000
0.00000000
0.00000000
0.00000000
0.00000000
0.00000000
0.00000000
0.00000000
0.00000000
0.00000000
0.00000000
0.00000000
0.00000000
0.00000000
0.00000000
0.00000000
0.00000000
0.00000000
0.00000000
0.00000000
0.00000000
0.00000000
0.00000000
0.00000000
0.00000000
0.00000000
0.00000000
0.00000000
0.00000000
0.00000000
0.00000000
0.00000000
0.00000000
0.00000000
0.00000000
0.00000000
0.00000000
0.00000000
0.00000000
0.00000000
0.00000000
0.00000000
0.00000000
0.00000000
0.00000000
0.00000000
0.00000000
0.00000000
0.00000000
0.00000000
0.00000000
0.00000000
0.00000000
0.00000000
0.00000000
0.00000000
0.00000000
0.00000000
0.00000000
0.00000000
0.00000000
0.00000000
0.00000000
0.00000000
0.00000000
0.00000000
0.00000000
0.00000000
0.00000000
0.00000000
0.00000000
0.00000000
0.00000000
0.00000000
0.00000000
0.00000000
0.00000000
0.00000000
0.00000000
0.00000000
0.00000000
0.00000000
0.00000000
0.00000000
0.00000000
0.00000000
0.00000000
0.00000000
0.00000000
0.00000000
0.00000000
0.00000000
0.00000000
0.00000000
0.00000000
0.00000000
0.00000000
0.00000000
0.00000000
0.00000000
0.00000000
0.00000000
0.00000000
0.00000000
0.00000000
0.00000000
0.00000000
0.00000000
0.00000000
0.00000000
0.00000000
0.00000000
0.00000000
0.00000000
0.00000000
0.00000000
0.00000000
0.00000000
0.00000000
0.00000000
0.00000000
0.00000000
0.00000000
0.00000000
0.00000000
0.00000000
0.00000000
0.00000000
0.00000000
0.00000000
0.00000000
0.00000000
0.00000000
0.00000000
0.00000000
0.00000000
0.00000000
0.00000000
0.00000000
0.00000000
0.00000000
0.00000000
0.00000000
0.00000000
0.00000000
0.00000000
0.00000000
0.00000000
0.00000000
0.00000000
0.00000000
0.00000000
0.00000000
0.00000000
0.00000000
0.00000000
0.00000000
0.00000000
0.00000000
0.00000000
0.00000000
0.00000000
0.00000000
0.00000000
0.00000000
0.00000000
0.00000000
0.00000000
0.00000000
0.00000000
0.00000000
0.00000000
0.00000000
0.00000000
0.00000000
0.00000000
0.00000000
0.00000000
0.00000000
0.00000000
0.00000000
0.00000000
0.00000000
0.00000000
0.00000000
0.00000000
0.00000000
0.00000000
0.00000000
0.00000000
0.00000000
0.00000000
0.00000000
0.00000000
0.00000000
0.00000000
0.00000000
0.00000000
0.00000000
0.00000000
0.00000000
0.00000000
0.00000000
0.00000000
0.00000000
0.00000000
0.00000000
0.00000000
0.00000000
0.00000000
0.00000000
0.00000000
0.00000000
0.00000000
0.00000000
0.00000000
0.00000000
0.00000000
0.00000000
0.00000000
0.00000000
0.00000000
0.00000000
0.00000000
0.00000000
0.00000000
0.00000000
0.00000000
0.00000000
0.00000000
0.00000000
0.00000000
0.00000000
0.00000000
0.00000000
0.00000000
0.00000000
0.00000000
0.00000000
0.00000000
0.00000000
0.00000000
0.00000000
0.00000000
0.00000000
0.00000000
0.00000000
0.00000000
0.00000000
0.00000000
0.00000000
0.00000000
0.00000000
0.00000000
0.00000000
0.00000000
0.00000000
0.00000000
0.00000000
0.00000000
0.00000000
0.00000000
0.00000000
0.00000000
0.00000000
0.00000000
0.00000000
0.00000000
0.00000000
0.00000000
0.00000000
0.00000000
0.00000000
0.00000000
0.00000000
0.00000000
0.00000000
0.00000000
0.00000000
0.00000000
0.00000000
0.00000000
0.00000000
0.00000000
0.00000000
0.00000000
0.00000000
0.00000000
0.00000000
0.00000000
0.00000000
0.00000000
0.00000000
0.00000000
0.00000000
0.00000000
0.00000000
0.00000000
0.00000000
0.00000000
0.00000000
0.00000000
0.00000000
0.00000000
0.00000000
0.00000000
0.00000000
0.00000000
0.00000000
0.00000000
0.00000000
0.00000000
0.00000000
0.00000000
0.00000000
0.00000000
0.00000000
0.00000000
0.00000000
0.00000000
0.00000000
0.00000000
0.00000000
0.00000000
0.00000000
0.00000000
0.00000000
0.00000000
0.00000000
0.00000000
0.00000000
0.00000000
0.00000000
0.00000000
0.00000000
0.00000000
0.00000000
0.00000000
0.00000000
0.00000000
0.00000000
0.00000000
0.00000000
0.00000000
0.00000000
0.00000000
0.00000000
0.00000000
0.00000000
0.00000000
0.00000000
0.00000000
0.00000000
0.00000000
0.00000000
0.00000000
0.00000000
0.00000000
0.00000000
0.00000000
0.00000000
0.00000000
0.00000000
0.00000000
0.00000000
0.00000000
0.00000000
0.00000000
0.00000000
0.00000000
0.00000000
0.00000000
0.00000000
0.00000000
0.00000000
0.00000000
0.00000000
0.00000000
0.00000000
0.00000000
0.00000000
0.00000000
0.00000000
0.00000000
0.00000000
0.00000000
0.00000000
0.00000000
0.00000000
0.00000000
0.00000000
0.00000000
0.00000000
0.00000000
0.00000000
0.00000000
0.00000000
0.00000000
0.00000000
0.00000000
0.00000000
0.00000000
0.00000000
0.00000000
0.00000000
0.00000000
0.00000000
0.00000000
0.00000000
0.00000000
0.00000000
0.00000000
0.00000000
0.00000000
0.00000000
0.00000000
0.00000000
0.00000000
0.00000000
0.00000000
0.00000000
0.00000000
0.00000000
0.00000000
0.00000000
0.00000000
0.00000000
0.00000000
0.00000000
0.00000000
0.00000000
0.00000000
0.00000000
0.00000000
0.00000000
0.00000000
0.00000000
0.00000000
0.00000000
0.00000000
0.00000000
0.00000000
0.00000000
0.00000000
0.00000000
0.00000000
0.00000000
0.00000000
0.00000000
0.00000000
0.00000000
0.00000000
0.00000000
0.00000000
0.00000000
0.00000000
0.00000000
0.00000000
0.00000000
0.00000000
0.00000000
0.00000000
0.00000000
0.00000000
0.00000000

VECTORS displacement float
-0.049143 0.054870 -0.022347
-0.046489 0.050735 -0.021528
-0.049175 0.052703 -0.021917
-0.051544 0.056712 -0.022718
-0.031795 0.038634 -0.018558
-0.033924 0.041510 -0.020200
-0.035444 0.041963 -0.020237
-0.038588 0.044229 -0.020622
-0.047079 0.050449 -0.021952
-0.050305 0.052317 -0.022018
-0.048524 0.049965 -0.022406
-0.055419 0.058225 -0.024078
-0.054789 0.058807 -0.023006
-0.033971 0.037532 -0.022763
-0.033069 0.037979 -0.019373
-0.042364 0.044429 -0.020913
-0.043893 0.046579 -0.021205
-0.044579 0.046953 -0.021475
-0.044224 0.044946 -0.021018
-0.045072 0.046509 -0.021232
-0.048130 0.048185 -0.022059
-0.052406 0.053074 -0.023779
-0.053498 0.057359 -0.022892
-0.030593 0.031713 -0.018285
-0.032308 0.035474 -0.019763
-0.040721 0.041235 -0.020523
-0.042495 0.043488 -0.021240
-0.047315 0.048253 -0.022013
-0.048982 0.048925 -0.021752
-0.049044 0.048113 -0.021250
-0.056335 0.056930 -0.022280
-0.056176 0.055393 -0.024597
-0.038520 0.039192 -0.020317
-0.042344 0.042050 -0.021180
-0.043832 0.042967 -0.021070
-0.047693 0.045292 -0.021499
-0.053908 0.048442 -0.021239
-0.056223 0.050863 -0.019989
-0.055581 0.053297 -0.024909
-0.056515 0.053797 -0.022664
-0.057335 0.053272 -0.022724
-0.061616 0.054610 -0.023514
-0.031250 0.032941 -0.020258
-0.046296 0.042729 -0.021360
-0.046295 0.042417 -0.021988
-0.049816 0.045423 -0.022060
-0.049815 0.047134 -0.021572
-0.055802 0.054026 -0.021650
-0.059993 0.056329 -0.021859
-0.030447 0.031191 -0.019570
-0.031375 0.031871 -0.020421
-0.045497 0.040634 -0.021624
-0.045671 0.040418 -0.021287
-0.052356 0.049507 -0.020158
-0.054366 0.052774 -0.020893
-0.058096 0.055203 -0.023782
-0.059854 0.056417 -0.022934
-0.059595 0.054153 -0.021618
-0.031042 0.030640 -0.020577
-0.034150 0.031053 -0.019546
-0.041973 0.036326 -0.020748
-0.044395 0.039006 -0.021080
-0.045045 0.038616 -0.021419
-0.046402 0.040021 -0.021877
-0.048255 0.042739 -0.021638
-0.059683 0.054149 -0.023005
-0.036986 0.032788 -0.019686
-0.045678 0.037458 -0.021406
-0.057743 0.051907 -0.023450
-0.059943 0.054317 -0.023788
-0.037485 0.031143 -0.019642
-0.046133 0.035490 -0.021483
-0.045474 0.035886 -0.021118
-0.055002 0.045438 -0.022778
-0.060923 0.055840 -0.023091
-0.062509 0.054758 -0.023798
-0.061012 0.056093 -0.023711
-0.039759 0.031650 -0.020104
-0.042899 0.033505 -0.020758
-0.045140 0.034596 -0.021014
-0.044123 0.033711 -0.021032
-0.047636 0.034874 -0.021619
-0.043661 0.032386 -0.020785
-0.042000 0.031987 -0.020530
-0.043261 0.032387 -0.020828
-0.045637 0.033819 -0.021127
-0.046594 0.033044 -0.021336
-0.051930 0.040013 -0.022294
-0.061808 0.053273 -0.023405
-0.063159 0.050991 -0.023788
-0.046774 0.031261 -0.021352
-0.047698 0.032940 -0.021492
-0.046772 0.032095 -0.021324
-0.055018 0.040334 -0.022782
-0.061220 0.048623 -0.023468
-0.063511 0.052839 -0.023811
-0.046321 0.031568 -0.021401
-0.063386 0.048119 -0.023921
-0.048260 0.033191 -0.021821
-0.053281 0.034381 -0.021467
-0.052368 0.035461 -0.022456
-0.065089 0.050129 -0.023806
-0.060487 0.043758 -0.023124
-0.060775 0.041712 -0.022969
-0.062717 0.044435 -0.023321
-0.065492 0.051610 -0.023864
-0.051177 0.030057 -0.021847
-0.051185 0.029896 -0.021577
-0.053300 0.031788 -0.022011
-0.063674 0.046237 -0.024008
-0.063967 0.047679 -0.024041
-0.066258 0.049185 -0.023982
-0.065928 0.049791 -0.024010
-0.050495 0.030013 -0.021870
-0.055086 0.036921 -0.019919
-0.064255 0.045569 -0.024093
-0.066449 0.048721 -0.023836
-0.052577 0.029263 -0.021768
-0.054747 0.030331 -0.022088
-0.055203 0.032404 -0.022285
-0.057685 0.032837 -0.022618
-0.053960 0.034294 -0.021070
-0.060937 0.038391 -0.023724
-0.066023 0.046935 -0.024179
-0.054940 0.030302 -0.022119
-0.053650 0.030421 -0.022053
-0.056267 0.031858 -0.022848
-0.054238 0.033136 -0.022165
-0.056035 0.033559 -0.022505
-0.059912 0.035980 -0.022777
-0.061509 0.037558 -0.023762
-0.057415 0.031114 -0.022410
-0.057006 0.031800 -0.022477
-0.056380 0.031203 -0.022568
-0.064696 0.041185 -0.024114
-0.065575 0.044814 -0.024199
-0.066062 0.045186 -0.023664
-0.058775 0.032488 -0.023083
-0.061176 0.035766 -0.022923
-0.064555 0.040080 -0.024044
-0.063441 0.036976 -0.023760
-0.064054 0.037342 -0.023664
-0.064096 0.038731 -0.023448
-0.064602 0.038508 -0.023703
-0.046799 0.051778 -0.021652
-0.047825 0.052798 -0.022044
-0.049751 0.054564 -0.022200
-0.048893 0.054262 -0.022299
-0.049945 0.054110 -0.022178
-0.049160 0.054673 -0.022270
-0.050416 0.056182 -0.022704
-0.051884 0.057182 -0.022745
-0.033385 0.041210 -0.019872
-0.032522 0.040946 -0.019671
-0.033662 0.040236 -0.019613
-0.037125 0.041428 -0.020413
-0.038177 0.043635 -0.020455
-0.039447 0.044451 -0.020624
-0.040493 0.044890 -0.020828
-0.044141 0.046932 -0.021349
-0.045076 0.048299 -0.021372
-0.046574 0.049761 -0.021448
-0.047040 0.049706 -0.021491
-0.047782 0.050139 -0.022192
-0.048838 0.051346 -0.022343
-0.051204 0.054331 -0.022835
-0.054302 0.056608 -0.024141
-0.055367 0.058915 -0.023755
-0.031135 0.035897 -0.018703
-0.032643 0.038453 -0.019161
-0.030924 0.036628 -0.018471
-0.035117 0.039664 -0.019980
-0.034984 0.041566 -0.020090
-0.042233 0.043651 -0.020838
-0.041514 0.044048 -0.021131
-0.042470 0.045099 -0.021007
-0.043071 0.045182 -0.021361
-0.044347 0.046384 -0.021136
-0.044459 0.045884 -0.021569
-0.045114 0.045430 -0.021628
-0.045998 0.048256 -0.021338
-0.046586 0.047524 -0.021397
-0.046185 0.046852 -0.021836
-0.048174 0.050184 -0.021678
-0.052087 0.053901 -0.022404
-0.050943 0.053146 -0.023047
-0.053758 0.055405 -0.023804
-0.059412 0.054387 -0.025258
-0.060977 0.056479 -0.024176
-0.058417 0.059371 -0.023724
-0.059082 0.058591 -0.023444
-0.060799 0.058318 -0.023221
-0.032705 0.033851 -0.018966
-0.032941 0.035184 -0.019483
-0.032234 0.037331 -0.022200
-0.033619 0.038558 -0.020304
-0.037074 0.041391 -0.020198
-0.043813 0.043890 -0.021073
-0.047246 0.047199 -0.021477
-0.047333 0.045793 -0.021924
-0.047768 0.048642 -0.021563
-0.048158 0.047322 -0.021728
-0.047730 0.047509 -0.022068
-0.048871 0.047067 -0.021755
-0.049233 0.049637 -0.022804
-0.054623 0.050717 -0.024366
-0.050732 0.051104 -0.023286
-0.053897 0.051774 -0.024406
-0.054542 0.055846 -0.022538
-0.054891 0.054206 -0.024554
-0.056418 0.058331 -0.022705
-0.057762 0.058017 -0.022290
-0.061912 0.055368 -0.023269
-0.062126 0.057304 -0.022706
-0.029566 0.033416 -0.018267
-0.030855 0.034660 -0.018605
-0.032115 0.035739 -0.022566
-0.031398 0.033152 -0.022932
-0.033300 0.036523 -0.020649
-0.035128 0.037507 -0.020258
-0.035430 0.037400 -0.019819
-0.043278 0.041339 -0.020910
-0.043823 0.044047 -0.021519
-0.045603 0.043872 -0.021260
-0.047000 0.045124 -0.021995
-0.047144 0.043291 -0.022196
-0.047709 0.046793 -0.021968
-0.047300 0.045158 -0.021963
-0.052100 0.050999 -0.022227
-0.053701 0.052237 -0.022360
-0.054588 0.054257 -0.022478
-0.057052 0.054640 -0.022523
-0.058234 0.054343 -0.022625
-0.030017 0.031770 -0.018609
-0.030868 0.030893 -0.019317
-0.031218 0.032625 -0.018461
-0.044321 0.041364 -0.021447
-0.045143 0.041263 -0.021586
-0.046337 0.042266 -0.021904
-0.046460 0.042838 -0.021902
-0.045427 0.042945 -0.021709
-0.050030 0.047524 -0.021867
-0.054367 0.052436 -0.020524
-0.056546 0.055293 -0.022477
-0.056948 0.054932 -0.023113
-0.057497 0.055423 -0.022560
-0.057282 0.055734 -0.024004
-0.058010 0.056186 -0.023909
-0.060606 0.054109 -0.023213
-0.029311 0.034126 -0.020061
-0.046501 0.041908 -0.022026
-0.045732 0.039716 -0.021646
-0.054845 0.050350 -0.022507
-0.055990 0.052192 -0.022551
-0.057656 0.052474 -0.022692
-0.057125 0.055509 -0.023839
-0.030097 0.031133 -0.020726
-0.034142 0.033657 -0.020093
-0.037040 0.033969 -0.019793
-0.038197 0.034990 -0.020086
-0.043295 0.036112 -0.020874
-0.044427 0.039677 -0.021359
-0.047275 0.039253 -0.021959
-0.049469 0.042890 -0.022418
-0.047404 0.041592 -0.022181
-0.051441 0.044494 -0.022085
-0.053340 0.047720 -0.021656
-0.057363 0.051034 -0.022673
-0.056341 0.050690 -0.023144
-0.057399 0.053784 -0.022539
-0.058936 0.054309 -0.022749
-0.060337 0.056153 -0.022891
-0.058778 0.055968 -0.023767
-0.034323 0.030524 -0.019348
-0.035321 0.031134 -0.019359
-0.038865 0.034075 -0.020066
-0.043814 0.037164 -0.021051
-0.044652 0.036546 -0.021180
-0.045491 0.038177 -0.021446
-0.046221 0.036563 -0.021613
-0.046428 0.039592 -0.021467
-0.048579 0.040369 -0.022224
-0.050946 0.040953 -0.022532
-0.052554 0.045151 -0.022249
-0.060284 0.056108 -0.023716
-0.059941 0.056438 -0.023712
-0.060420 0.055129 -0.023070
-0.036878 0.031623 -0.019600
-0.040246 0.032576 -0.020176
-0.041096 0.033842 -0.020339
-0.046542 0.035927 -0.021616
-0.050819 0.042212 -0.022038
-0.049449 0.039069 -0.022165
-0.053152 0.044945 -0.022578
-0.056331 0.049597 -0.022671
-0.055783 0.048572 -0.022759
-0.058061 0.050333 -0.023174
-0.059109 0.051662 -0.023408
-0.060308 0.053466 -0.023131
-0.058524 0.052642 -0.023586
-0.060481 0.052986 -0.023731
-0.060045 0.055363 -0.023449
-0.040715 0.031395 -0.020327
-0.036451 0.030851 -0.019494
-0.038984 0.032135 -0.020046
-0.040725 0.032451 -0.020200
-0.044481 0.034420 -0.020932
-0.045750 0.036422 -0.021422
-0.047980 0.038529 -0.021988
-0.048890 0.037724 -0.021915
-0.052606 0.042315 -0.022547
-0.054700 0.045679 -0.022519
-0.054418 0.044125 -0.022681
-0.060116 0.049875 -0.023247
-0.060026 0.048790 -0.023364
-0.062086 0.054572 -0.023485
-0.062098 0.054769 -0.023809
-0.061804 0.055562 -0.023703
-0.040904 0.031824 -0.020147
-0.043967 0.032194 -0.020942
-0.044575 0.033166 -0.020973
-0.044956 0.034448 -0.021194
-0.046232 0.034361 -0.021470
-0.046061 0.035864 -0.021405
-0.046027 0.034902 -0.021427
-0.053147 0.042039 -0.022409
-0.053504 0.042175 -0.022577
-0.060917 0.051308 -0.023343
-0.060007 0.051049 -0.023509
-0.061963 0.054293 -0.023505
-0.062857 0.054233 -0.023819
-0.062143 0.055422 -0.023751
-0.062998 0.054986 -0.023757
-0.042962 0.031772 -0.020699
-0.044446 0.032009 -0.021058
-0.045230 0.032282 -0.021298
-0.046972 0.032740 -0.021422
-0.046295 0.032791 -0.021387
-0.046397 0.033149 -0.021302
-0.049049 0.036499 -0.021966
-0.049387 0.035748 -0.021831
-0.052974 0.038937 -0.022431
-0.057378 0.044196 -0.023020
-0.062376 0.050167 -0.023663
-0.062776 0.052203 -0.023810
-0.063074 0.054933 -0.023740
-0.046664 0.031814 -0.021328
-0.046838 0.031944 -0.021464
-0.048438 0.034418 -0.021895
-0.050305 0.034938 -0.022156
-0.051187 0.036708 -0.022262
-0.056317 0.044905 -0.022907
-0.061579 0.048164 -0.023581
-0.064162 0.049238 -0.024081
-0.063251 0.053281 -0.023807
-0.064081 0.053971 -0.023822
-0.064187 0.053821 -0.023764
-0.049176 0.034031 -0.021641
-0.051908 0.035301 -0.021817
-0.060331 0.046504 -0.023439
-0.062554 0.048349 -0.023754
-0.061143 0.046849 -0.023393
-0.062097 0.046539 -0.023428
-0.063939 0.052676 -0.023951
-0.064628 0.052477 -0.023830
-0.048376 0.031021 -0.021432
-0.048353 0.030278 -0.021389
-0.055293 0.036504 -0.022329
-0.056415 0.038760 -0.022807
-0.058334 0.042866 -0.023235
-0.062737 0.048565 -0.023567
-0.064091 0.050638 -0.023776
-0.049663 0.029973 -0.021548
-0.048200 0.031140 -0.021637
-0.050999 0.032551 -0.022185
-0.051330 0.031740 -0.021678
-0.051659 0.033122 -0.021632
-0.055491 0.035212 -0.019307
-0.056537 0.038776 -0.023057
-0.057344 0.038360 -0.023192
-0.065650 0.050119 -0.024021
-0.064430 0.052129 -0.023963
-0.049875 0.029132 -0.021465
-0.049634 0.030267 -0.021654
-0.050266 0.030453 -0.021927
-0.051050 0.030103 -0.021774
-0.053404 0.032246 -0.022496
-0.053559 0.032443 -0.021895
-0.059648 0.040229 -0.022887
-0.064644 0.048865 -0.023731
-0.065670 0.049117 -0.023785
-0.051306 0.029835 -0.021744
-0.051348 0.030303 -0.022064
-0.055186 0.033200 -0.022805
-0.058335 0.037281 -0.023336
-0.056964 0.036960 -0.022718
-0.059183 0.039731 -0.023452
-0.060530 0.040419 -0.022900
-0.066021 0.047958 -0.023766
-0.065659 0.048361 -0.024139
-0.066146 0.049929 -0.023862
-0.066354 0.049395 -0.023912
-0.052600 0.030306 -0.021961
-0.052840 0.030146 -0.022182
-0.055021 0.030847 -0.022156
-0.057753 0.035476 -0.023207
-0.059543 0.036922 -0.022862
-0.059786 0.038477 -0.023557
-0.060941 0.038765 -0.022829
-0.064062 0.043549 -0.024083
-0.064434 0.044662 -0.023487
-0.065772 0.046651 -0.023674
-0.066387 0.046971 -0.023769
-0.066109 0.048152 -0.024099
-0.054408 0.030795 -0.022198
-0.054081 0.030971 -0.022488
-0.054942 0.030595 -0.022391
-0.055288 0.031978 -0.022283
-0.057335 0.033495 -0.023085
-0.057190 0.034014 -0.022729
-0.059044 0.033920 -0.022754
-0.059221 0.036203 -0.023448
-0.063004 0.041282 -0.023970
-0.064027 0.041872 -0.023295
-0.065176 0.044637 -0.024177
-0.064978 0.044079 -0.023492
-0.066473 0.045010 -0.024088
-0.066522 0.046212 -0.023780
-0.066615 0.046901 -0.023867
-0.066636 0.047797 -0.023934
-0.056915 0.031313 -0.022717
-0.056224 0.031152 -0.022719
-0.058106 0.031582 -0.022530
-0.057228 0.031939 -0.022593
-0.057978 0.033159 -0.023135
-0.058094 0.032564 -0.022537
-0.059692 0.034638 -0.022799
-0.060698 0.035344 -0.023551
-0.062569 0.039055 -0.023912
-0.064264 0.041057 -0.023319
-0.065215 0.043270 -0.024181
-0.065450 0.042298 -0.024172
-0.065482 0.042819 -0.023514
-0.065905 0.042803 -0.024145
-0.066285 0.044549 -0.023883
-0.057813 0.031729 -0.022868
-0.058268 0.032182 -0.022832
-0.059751 0.033794 -0.022744
-0.058990 0.032342 -0.022622
-0.059750 0.033458 -0.022947
-0.060243 0.033823 -0.022934
-0.058654 0.032780 -0.022726
-0.061152 0.034689 -0.023463
-0.061854 0.036407 -0.023700
-0.064647 0.039686 -0.023418
-0.065101 0.040508 -0.023618
-0.065057 0.040141 -0.023701
-0.065442 0.041368 -0.024107
-0.065749 0.041960 -0.024089
-0.066340 0.043574 -0.023951
-0.061142 0.034100 -0.023250
-0.061453 0.034877 -0.023168
-0.061836 0.035538 -0.023025
-0.062314 0.036058 -0.023246
-0.062869 0.035832 -0.023448
-0.062150 0.034993 -0.023462
-0.063728 0.037161 -0.023535
-0.064248 0.038543 -0.023900
-0.065080 0.039371 -0.023853
-0.050406 0.055513 -0.022457
-0.032563 0.040430 -0.019440
-0.036111 0.043049 -0.020392
-0.051436 0.055227 -0.022468
-0.031305 0.038041 -0.018231
-0.039262 0.043373 -0.020485
-0.042819 0.045575 -0.021179
-0.053217 0.055710 -0.022583
-0.037338 0.039859 -0.020173
-0.050378 0.049949 -0.023298
-0.031581 0.034071 -0.020225
-0.040214 0.037729 -0.020519
-0.059673 0.054336 -0.022650
-0.030059 0.032799 -0.018373
-0.046828 0.044632 -0.022082
-0.039277 0.036915 -0.020458
-0.051338 0.047484 -0.021498
-0.058462 0.054769 -0.023227
-0.058930 0.054744 -0.022827
-0.034427 0.031541 -0.019599
-0.034747 0.032887 -0.019341
-0.036620 0.036253 -0.020098
-0.060475 0.055767 -0.022937
-0.046001 0.038351 -0.021673
-0.058589 0.052638 -0.022815
-0.059759 0.054810 -0.022712
-0.059999 0.055300 -0.023372
-0.057128 0.048235 -0.022825
-0.056207 0.047933 -0.022820
-0.061461 0.055188 -0.023345
-0.058840 0.049584 -0.023018
-0.061248 0.052933 -0.023725
-0.063289 0.054523 -0.023813
-0.047241 0.033657 -0.021728
-0.057964 0.046765 -0.023088
-0.061064 0.052134 -0.023702
-0.063276 0.053556 -0.023749
-0.056342 0.043424 -0.022871
-0.063798 0.053469 -0.023773
-0.047044 0.031332 -0.021340
-0.051049 0.034113 -0.021583
-0.056675 0.040586 -0.022741
-0.064825 0.053011 -0.023815
-0.047737 0.031097 -0.021411
-0.054297 0.037639 -0.022706
-0.049321 0.030293 -0.021541
-0.051919 0.033780 -0.022360
-0.060018 0.042168 -0.022938
-0.052394 0.031903 -0.021888
-0.056190 0.035444 -0.022991
-0.050702 0.029314 -0.021519
-0.052979 0.033164 -0.021305
-0.057432 0.037164 -0.023204
-0.065236 0.048134 -0.023723
-0.059237 0.037839 -0.022804
-0.063392 0.044219 -0.024004
-0.066620 0.047651 -0.023842
-0.059202 0.034643 -0.023364
-0.060213 0.034572 -0.023447
-0.049565 0.054349 -0.022529
-0.033586 0.038666 -0.018516
-0.051879 0.057066 -0.022817
-0.054662 0.059070 -0.023477
-0.055857 0.059473 -0.023995
-0.050016 0.051407 -0.022886
-0.029862 0.034257 -0.018041
-0.030933 0.032866 -0.018386
-0.045465 0.045368 -0.021231
-0.055350 0.055236 -0.025417
-0.035441 0.035893 -0.019670
-0.036497 0.038549 -0.020062
-0.040265 0.038930 -0.020650
-0.056043 0.054052 -0.025558
-0.057074 0.055295 -0.024436
-0.056582 0.055905 -0.023885
-0.031110 0.033064 -0.018779
-0.042930 0.040016 -0.021158
-0.039614 0.035504 -0.020208
-0.042725 0.038608 -0.020797
-0.033148 0.034720 -0.020509
-0.054107 0.049063 -0.021326
-0.060133 0.055143 -0.023228
-0.039211 0.032150 -0.020000
-0.061011 0.055356 -0.023449
-0.040375 0.031763 -0.020229
-0.043391 0.035363 -0.020986
-0.044803 0.036549 -0.021196
-0.046226 0.035425 -0.021416
-0.062029 0.054927 -0.023382
-0.055921 0.044131 -0.022781
-0.057791 0.048759 -0.023058
-0.062272 0.055078 -0.023607
-0.044793 0.031888 -0.021058
-0.046124 0.033374 -0.021512
-0.058231 0.047631 -0.023046
-0.063708 0.053909 -0.023756
-0.062549 0.049831 -0.023627
-0.062683 0.053455 -0.023662
-0.062836 0.054039 -0.023667
-0.054135 0.037740 -0.022557
-0.057777 0.042519 -0.022874
-0.049243 0.029500 -0.021435
-0.056820 0.040263 -0.023069
-0.058843 0.040815 -0.023370
-0.061226 0.045193 -0.023605
-0.062527 0.046837 -0.023786
-0.063487 0.047934 -0.023604
-0.065258 0.051941 -0.023848
-0.061239 0.041933 -0.023718
-0.054274 0.029949 -0.022007
-0.055319 0.031103 -0.022323
-0.055335 0.031985 -0.022751
-0.066333 0.048005 -0.024035
-0.056437 0.031668 -0.022431
-0.065678 0.042188 -0.023683
-0.060361 0.033458 -0.022830
-0.061255 0.034853 -0.023065
-0.063885 0.038258 -0.023307
-0.037900 0.040127 -0.020424
-0.034026 0.037538 -0.019620
-0.030561 0.034900 -0.020529
-0.059477 0.055974 -0.022053
-0.033964 0.031981 -0.019410
-0.059100 0.055021 -0.023416
-0.047902 0.032785 -0.021762
-0.057771 0.041286 -0.022782
-0.049218 0.029492 -0.021416
-0.056343 0.038312 -0.022543
-0.062917 0.042940 -0.023228
-0.063064 0.041773 -0.023179
-0.065965 0.042281 -0.023827
-0.062000 0.034873 -0.023350
-0.047669 0.052975 -0.021791
-0.034389 0.042055 -0.020228
-0.037892 0.043862 -0.020499
-0.040003 0.043519 -0.020959
-0.039578 0.041933 -0.020406
-0.041740 0.044658 -0.021126
-0.043348 0.044798 -0.021040
-0.047133 0.048772 -0.022022
-0.041898 0.042831 -0.020670
-0.046612 0.045414 -0.021899
-0.051437 0.049425 -0.024295
-0.056800 0.056199 -0.022270
-0.044319 0.041040 -0.021083
-0.046223 0.043185 -0.021830
-0.052146 0.049269 -0.022172
-0.061399 0.053739 -0.022216
-0.057618 0.054215 -0.023601
-0.059642 0.055022 -0.021508
-0.042422 0.037448 -0.020875
-0.045904 0.039283 -0.021653
-0.051694 0.046468 -0.021898
-0.051690 0.044493 -0.022489
-0.053630 0.047636 -0.022365
-0.055108 0.049200 -0.022530
-0.059195 0.055422 -0.023693
-0.045956 0.037368 -0.021526
-0.046643 0.037108 -0.021541
-0.053573 0.046322 -0.022254
-0.061088 0.055604 -0.023143
-0.048629 0.038769 -0.022076
-0.046422 0.033140 -0.021409
-0.062184 0.053908 -0.023825
-0.045255 0.032335 -0.021111
-0.055980 0.042841 -0.022828
-0.059403 0.042550 -0.022988
-0.064288 0.051175 -0.024039
-0.065679 0.050301 -0.023817
-0.049784 0.030099 -0.021509
-0.055038 0.036304 -0.022826
-0.063666 0.049004 -0.023955
-0.065341 0.051169 -0.023975
-0.052977 0.033556 -0.020879
-0.058817 0.038826 -0.022734
-0.063652 0.044430 -0.023405
-0.051908 0.029199 -0.021650
-0.053020 0.029614 -0.021868
-0.056563 0.034824 -0.022366
-0.063870 0.041514 -0.024045
-0.066445 0.045599 -0.023978
-0.057403 0.031374 -0.022411
-0.065260 0.041061 -0.023535
-0.063126 0.036173 -0.023669
-0.064243 0.037764 -0.023788
-0.031196 0.032707 -0.020516
-0.060516 0.056146 -0.023670
-0.040581 0.033238 -0.020292
-0.047756 0.035129 -0.021818
-0.056395 0.042812 -0.022915
-0.060102 0.046813 -0.023330
-0.065467 0.049666 -0.024063
-0.066110 0.044159 -0.023661
-0.059568 0.032620 -0.022721
-0.037170 0.032666 -0.019985
-0.063664 0.053979 -0.023816
-0.048525 0.038171 -0.021851
-0.059205 0.051912 -0.022948
-0.057729 0.037590 -0.021464
-0.051001 0.028910 -0.021536
-0.050721 0.055857 -0.022768
-0.032422 0.039737 -0.020248
-0.055161 0.054175 -0.024926
-0.032496 0.035039 -0.019100
-0.030017 0.031825 -0.019048
-0.032728 0.033611 -0.019034
-0.045074 0.042860 -0.021213
-0.054362 0.043256 -0.022576
-0.055377 0.041207 -0.022805
-0.057703 0.039883 -0.022327
-0.059263 0.041416 -0.022965
-0.060505 0.034177 -0.022823
-0.066299 0.043119 -0.024000
-0.060793 0.034312 -0.023056
-0.064945 0.039394 -0.023929
-0.037624 0.043540 -0.020524
-0.045860 0.049031 -0.021650
-0.045631 0.047612 -0.021708
-0.050406 0.029198 -0.021523
-0.061318 0.040467 -0.023763
-0.064078 0.043237 -0.023352
-0.047080 0.052103 -0.021775
-0.066203 0.042733 -0.023942
-0.052460 0.052614 -0.022312
-0.047869 0.037052 -0.021785
-0.061847 0.040098 -0.023840
-0.066061 0.044492 -0.024169
-0.057812 0.032206 -0.023016
-0.047784 0.052265 -0.021730
-0.037227 0.042452 -0.020489
-0.051878 0.056995 -0.022752
-0.039620 0.042881 -0.020472
-0.040503 0.042899 -0.021009
-0.060041 0.059268 -0.023761
-0.051678 0.039086 -0.022394
-0.058798 0.044662 -0.023258
-0.047008 0.031838 -0.021355
-0.055178 0.030862 -0.022565
-0.062491 0.039897 -0.023919
-0.051711 0.029238 -0.021679
-0.054427 0.057175 -0.022744
-0.031381 0.030863 -0.020249
-0.054392 0.047553 -0.022244
-0.060899 0.054887 -0.023190
-0.059232 0.046110 -0.023224
-0.062952 0.054334 -0.023661
-0.053246 0.033222 -0.022547
-0.065314 0.046774 -0.024155
-0.060443 0.035664 -0.022802
-0.061989 0.035552 -0.023082
-0.040309 0.039783 -0.020748
-0.058298 0.054279 -0.022778
-0.055009 0.042102 -0.022716
-0.055489 0.037233 -0.019245
-0.063775 0.038496 -0.023266
-0.062445 0.042113 -0.023894
-0.055018 0.048834 -0.022198
-0.042505 0.045433 -0.021065
-0.042848 0.033589 -0.020637
-0.062346 0.037964 -0.023032
-0.047048 0.035108 -0.021595
-0.065028 0.049892 -0.024082
-0.048402 0.030616 -0.021449
-0.033432 0.035085 -0.023625
-0.058721 0.056236 -0.023774
-0.051930 0.041570 -0.022248
-0.048132 0.053765 -0.022058
-0.032556 0.041233 -0.020005
-0.062712 0.044960 -0.023879
-0.044948 0.048029 -0.021410
-0.047839 0.045946 -0.022129
-0.061937 0.038684 -0.022971
-0.058584 0.038355 -0.023380
-0.061382 0.056247 -0.022110
-0.045025 0.047732 -0.021283
-0.048335 0.048230 -0.022053
-0.065756 0.050966 -0.023895
-0.034734 0.040616 -0.019976
-0.047520 0.051106 -0.021625
-0.045194 0.033436 -0.021281
-0.063742 0.038082 -0.023444
-0.066343 0.046392 -0.024137
-0.049418 0.046660 -0.021795
-0.053665 0.039610 -0.022482
-0.057890 0.047131 -0.023108
-0.057255 0.049605 -0.022810
-0.057764 0.047690 -0.023109
-0.044672 0.038838 -0.021249
-0.055300 0.039290 -0.022541
-0.056423 0.046123 -0.022965
-0.049148 0.036369 -0.021805
-0.055906 0.043588 -0.022834
-0.052599 0.046782 -0.022473
-0.059244 0.039966 -0.023165
-0.059254 0.052028 -0.023517
-0.048693 0.043099 -0.021869
-0.057418 0.052255 -0.022644
-0.060926 0.050468 -0.023539
-0.050717 0.034347 -0.021834
-0.039679 0.036512 -0.020384
-0.053114 0.046379 -0.022499
-0.060470 0.045551 -0.023480
-0.051983 0.048621 -0.022235
-0.059885 0.047184 -0.023299
-0.054597 0.035176 -0.022532
-0.058641 0.042013 -0.022972
-0.057980 0.039874 -0.023238
-0.057702 0.053604 -0.022562
-0.061188 0.043692 -0.023337
-0.059340 0.052942 -0.023440
-0.062141 0.048395 -0.023620
-0.054273 0.050989 -0.022712
-0.053759 0.052781 -0.022639
-0.051437 0.041775 -0.022285
-0.045382 0.035539 -0.021246
-0.050195 0.037430 -0.022074
-0.061426 0.045638 -0.023354
-0.034567 0.037003 -0.019895
-0.056563 0.036674 -0.022687
-0.056981 0.037774 -0.022971
-0.049083 0.037327 -0.021806
-0.045223 0.042157 -0.021366
-0.058261 0.052976 -0.023561
-0.053003 0.035102 -0.022150
-0.061456 0.048836 -0.023650
-0.051505 0.041277 -0.022396
-0.055691 0.051691 -0.023387
-0.047953 0.040350 -0.021774
-0.056362 0.043857 -0.022878
-0.051218 0.031854 -0.021744
-0.059017 0.048766 -0.023443
-0.051263 0.042985 -0.022784
-0.056811 0.037559 -0.022541
-0.060223 0.051900 -0.023361
-0.050792 0.051624 -0.022223
-0.059539 0.039504 -0.023047
-0.055999 0.048384 -0.022632
-0.049902 0.038292 -0.022012
-0.056505 0.042099 -0.022800
-0.051006 0.033522 -0.021992
-0.056524 0.047836 -0.022948
-0.041728 0.041212 -0.020905
-0.059183 0.041727 -0.023334
-0.045977 0.037009 -0.021329
-0.052863 0.043255 -0.022428
-0.054145 0.048612 -0.022780
-0.056850 0.035278 -0.022537
-0.060565 0.043113 -0.023553
-0.051291 0.041182 -0.022191
-0.049907 0.044352 -0.022161
-0.054491 0.054223 -0.022868
-0.049396 0.034672 -0.021712
-0.062286 0.043182 -0.023625
-0.055248 0.043201 -0.022848
-0.046209 0.039710 -0.021426
-0.057840 0.055032 -0.022442
-0.054702 0.051299 -0.022513
-0.063229 0.046259 -0.023757
-0.042017 0.034865 -0.020674
-0.058570 0.043679 -0.023007
-0.035519 0.037431 -0.019929
-0.046890 0.044598 -0.021562
-0.049692 0.046923 -0.021986
-0.053238 0.046895 -0.022448
-0.058493 0.040392 -0.022828
-0.054885 0.046774 -0.022673
-0.058165 0.054277 -0.023199
-0.037166 0.034068 -0.019770
-0.063433 0.048746 -0.023645
-0.057511 0.051470 -0.022636
-0.059654 0.050156 -0.023163
-0.053415 0.038320 -0.022364
-0.053992 0.045155 -0.022482
-0.048440 0.033875 -0.021600
-0.042509 0.037478 -0.020811
-0.038717 0.039029 -0.020437
-0.056076 0.047414 -0.023077
-0.056655 0.049728 -0.023044
-0.050933 0.047685 -0.022414
-0.054472 0.038357 -0.022685
-0.045086 0.037733 -0.021353
-0.041142 0.039396 -0.020804
-0.062131 0.050999 -0.023662
-0.059995 0.039024 -0.022986
-0.050437 0.045029 -0.021988
-0.054835 0.043720 -0.022711
-0.060435 0.051914 -0.023700
-0.056762 0.051860 -0.023296
-0.054192 0.044998 -0.022617
-0.032734 0.034221 -0.018784
-0.063537 0.045552 -0.023572
-0.062301 0.051461 -0.023629
-0.051832 0.038185 -0.022238
-0.059413 0.054374 -0.023159
-0.055096 0.035021 -0.022730
-0.061829 0.042184 -0.023277
-0.053925 0.054445 -0.022912
-0.059973 0.053114 -0.023035
-0.046035 0.043791 -0.021599
-0.059626 0.049291 -0.023278
-0.059422 0.053939 -0.023462
-0.050571 0.039962 -0.022096
-0.054124 0.049945 -0.023118
-0.062318 0.042295 -0.023707
-0.058756 0.045200 -0.023178
-0.061924 0.049233 -0.023589
-0.057825 0.036783 -0.022671
-0.054928 0.055951 -0.023114
-0.048323 0.035362 -0.021749
-0.058424 0.035988 -0.023032
-0.054918 0.041654 -0.022721
-0.055703 0.035432 -0.022293
-0.053876 0.033902 -0.022264
-0.061747 0.051780 -0.023741
-0.062387 0.052171 -0.023712
-0.060181 0.037390 -0.023166
-0.051377 0.049693 -0.022473
-0.053705 0.046204 -0.022574
-0.052053 0.036651 -0.022189
-0.061505 0.043520 -0.023214
-0.046814 0.036058 -0.021509
-0.059026 0.050008 -0.023547
-0.053947 0.049821 -0.022563
-0.061882 0.040607 -0.023412
-0.061945 0.048726 -0.023691
-0.049171 0.047564 -0.022100
-0.062070 0.045248 -0.023718
-0.057543 0.051248 -0.022994
-0.046152 0.033487 -0.021314
-0.039295 0.036226 -0.020281
-0.057896 0.053599 -0.022618
-0.060898 0.053166 -0.023662
-0.057792 0.044852 -0.023086
-0.059044 0.044027 -0.023210
-0.054091 0.033243 -0.022182
-0.055879 0.041035 -0.022835
-0.052369 0.052321 -0.022357
-0.051626 0.034991 -0.022201
-0.056824 0.051866 -0.022573
-0.050573 0.043968 -0.022386

VECTORS velocity float
-0.026901 -0.003885 -0.064037
-0.007411 -0.022344 -0.073535
-0.002474 -0.010014 -0.075809
-0.026316 0.009188 -0.076388
-0.167625 -0.122677 -0.096384
-0.110887 -0.108885 -0.089095
-0.107709 -0.096793 -0.086701
-0.066280 -0.085428 -0.078156
-0.024334 -0.022356 -0.053275
0.002800 -0.010759 -0.073632
-0.026355 -0.025753 -0.042652
-0.065463 -0.002918 -0.055858
-0.050825 0.012456 -0.076167
-0.169226 -0.055742 -0.096334
-0.146752 -0.100442 -0.092024
-0.036115 -0.049839 -0.071471
-0.028431 -0.046681 -0.069413
-0.032157 -0.042675 -0.060114
-0.025790 -0.039900 -0.072389
-0.014715 -0.035780 -0.070610
-0.025190 -0.034090 -0.036046
-0.035281 -0.009111 -0.040311
-0.033000 0.009699 -0.076798
-0.266959 -0.061587 -0.105557
-0.195504 -0.034314 -0.101308
-0.067690 -0.048112 -0.073145
-0.051985 -0.049042 -0.068633
-0.027088 -0.030521 -0.042052
0.011951 -0.022560 -0.068059
-0.015299 -0.050024 -0.032190
-0.032008 0.004150 -0.073471
-0.050789 -0.005953 -0.033422
-0.099917 -0.056741 -0.077244
-0.063828 -0.046170 -0.073441
-0.036259 -0.037628 -0.066802
0.000439 -0.029816 -0.063039
-0.011587 -0.053590 -0.033891
-0.023586 -0.057556 -0.036208
-0.032487 -0.028218 -0.029198
-0.051050 0.006622 -0.038271
-0.044135 -0.000259 -0.039650
-0.053175 -0.025991 -0.046464
-0.228215 -0.042351 -0.102662
-0.022588 -0.030857 -0.061184
-0.035308 -0.049801 -0.040645
-0.013503 -0.052787 -0.030954
-0.014075 -0.050699 -0.031341
-0.049117 -0.020873 -0.028313
-0.040346 -0.011136 -0.063784
-0.245239 -0.081422 -0.106444
-0.232320 -0.098832 -0.108111
-0.055976 -0.035632 -0.055915
-0.040405 -0.026669 -0.057140
-0.020102 -0.040438 -0.029015
-0.037658 -0.027938 -0.027452
-0.056718 -0.020434 -0.031423
-0.055611 -0.016649 -0.061574
-0.032932 0.006024 -0.060043
-0.250078 -0.092526 -0.111732
-0.246532 -0.018347 -0.089289
-0.105475 -0.014708 -0.058805
-0.062986 -0.022449 -0.059452
-0.068881 -0.037644 -0.063810
-0.039387 -0.053544 -0.042159
-0.008167 -0.034293 -0.053982
-0.036705 -0.023663 -0.057393
-0.175966 -0.020183 -0.063797
-0.064802 -0.043462 -0.063117
-0.033290 -0.039893 -0.029017
-0.062125 -0.032859 -0.034230
-0.039061 0.168851 -0.371258
-0.061557 -0.051220 -0.051892
-0.076394 -0.038943 -0.071801
-0.001143 -0.061044 -0.033472
-0.089485 -0.002930 -0.063657
-0.089672 -0.036820 -0.041717
-0.097262 -0.012471 -0.039970
0.216940 1.077461 -1.575338
-0.102597 -0.009499 -0.066556
-0.088764 -0.036281 -0.069840
-0.116481 0.011239 -0.040407
-0.046629 -0.055013 -0.047602
-0.120587 -0.003940 -0.010318
-0.194458 -0.013491 0.147530
0.000057 0.015792 0.034598
-0.086409 -0.035378 -0.066205
-0.076354 -0.045362 -0.058686
-0.006443 -0.041908 -0.037757
-0.058361 -0.036313 -0.050921
-0.063192 -0.052732 -0.044075
-0.088543 -0.033237 -0.059956
-0.053158 -0.053079 -0.051176
-0.084867 -0.041229 -0.060915
-0.001103 -0.053074 -0.029076
-0.030015 -0.070073 -0.043890
-0.077430 -0.055432 -0.045581
-0.093193 -0.029832 -0.054530
-0.050779 -0.067518 -0.035442
-0.067822 -0.033227 -0.044470
-0.025082 -0.064353 -0.057702
-0.031127 -0.045562 -0.030398
-0.073363 -0.075677 -0.052591
-0.010354 -0.080588 -0.051498
-0.006801 -0.083599 -0.056394
-0.021987 -0.084953 -0.056477
-0.112715 -0.062988 -0.052183
-0.074865 -0.038155 -0.052425
-0.056371 -0.050215 -0.061375
-0.040479 -0.056729 -0.060554
-0.044921 -0.074911 -0.029838
-0.057156 -0.071350 -0.034559
-0.109166 -0.079317 -0.052517
-0.112065 -0.073487 -0.051822
-0.078757 -0.036137 -0.049603
-0.016178 -0.073191 -0.049655
-0.049691 -0.077912 -0.028809
-0.089961 -0.084503 -0.056479
-0.061904 -0.045706 -0.061732
-0.049906 -0.052089 -0.064758
-0.031167 -0.064179 -0.062607
-0.028330 -0.063876 -0.067765
-0.019585 -0.075611 -0.047121
-0.020289 -0.072161 -0.014126
-0.092078 -0.086357 -0.043719
-0.056781 -0.048576 -0.061521
-0.066576 -0.045689 -0.055153
-0.048981 -0.048095 -0.030377
-0.025737 -0.074013 -0.058503
-0.017332 -0.074511 -0.060892
-0.010082 -0.077204 -0.067157
-0.030718 -0.073945 -0.016340
-0.045616 -0.054710 -0.065179
-0.054899 -0.053882 -0.056734
-0.060068 -0.048635 -0.045189
-0.051885 -0.088582 -0.025944
-0.068412 -0.087621 -0.033829
-0.063359 -0.094388 -0.060537
-0.049596 -0.055775 -0.032751
-0.021763 -0.076533 -0.067876
-0.052985 -0.087432 -0.027629
-0.050328 -0.082505 -0.031573
-0.053584 -0.085898 -0.041619
-0.049842 -0.088465 -0.055022
-0.056469 -0.089919 -0.044517
-0.013262 -0.018181 -0.070971
-0.024980 -0.013544 -0.058860
-0.015071 -0.003222 -0.074240
-0.026220 -0.007531 -0.059126
-0.008990 -0.003774 -0.076106
-0.023416 -0.004488 -0.067737
-0.034762 0.003539 -0.064544
-0.032721 0.010202 -0.075791
-0.124741 -0.119430 -0.092464
-0.121910 -0.122693 -0.090715
-0.133255 -0.108336 -0.092936
-0.100510 -0.076593 -0.088515
-0.067905 -0.083712 -0.078833
-0.059055 -0.079756 -0.077493
-0.053114 -0.072871 -0.074291
-0.028241 -0.044682 -0.064201
-0.018538 -0.037848 -0.067693
-0.002924 -0.024811 -0.074720
0.001589 -0.023005 -0.074070
-0.025829 -0.023868 -0.047798
-0.027453 -0.019864 -0.047500
-0.034450 -0.010464 -0.047091
-0.060321 -0.004337 -0.047087
-0.061186 -0.000353 -0.063785
-0.192173 -0.111230 -0.099111
-0.154373 -0.108755 -0.092598
-0.191670 -0.116444 -0.099382
-0.118704 -0.082805 -0.089855
-0.098925 -0.097924 -0.085930
-0.039792 -0.047386 -0.071817
-0.052774 -0.054996 -0.068780
-0.032444 -0.052914 -0.069945
-0.045329 -0.049637 -0.062458
-0.025106 -0.040265 -0.073088
-0.039021 -0.042186 -0.056617
-0.037126 -0.038563 -0.055028
-0.004448 -0.030239 -0.073539
0.001008 -0.029700 -0.071283
-0.030158 -0.034971 -0.049801
0.006392 -0.019227 -0.073138
-0.002625 -0.002245 -0.073908
-0.031842 -0.009032 -0.043895
-0.053508 -0.008230 -0.043956
-0.046694 -0.037630 -0.042571
-0.061482 -0.032216 -0.048978
-0.068958 -0.007512 -0.065367
-0.059250 -0.007919 -0.063613
-0.065044 -0.017864 -0.056297
-0.229083 -0.042797 -0.104771
-0.216979 -0.049940 -0.103532
-0.166259 -0.105430 -0.096357
-0.134154 -0.107399 -0.091975
-0.088193 -0.078673 -0.081448
-0.029761 -0.041455 -0.067601
0.004982 -0.028960 -0.069020
-0.024182 -0.045591 -0.032548
0.007384 -0.024611 -0.070568
-0.020596 -0.042083 -0.034728
-0.026439 -0.034920 -0.038241
-0.017674 -0.046595 -0.033227
-0.025987 -0.030688 -0.036352
-0.018882 -0.046987 -0.033097
-0.026623 -0.026803 -0.034402
-0.024771 -0.032124 -0.030575
-0.018861 0.003744 -0.074731
-0.040162 -0.006203 -0.038752
-0.049049 0.007737 -0.073549
-0.048216 0.006742 -0.071377
-0.053252 -0.026414 -0.046514
-0.054274 -0.023579 -0.050802
-0.239580 -0.109408 -0.102954
-0.207653 -0.107382 -0.102872
-0.187168 -0.105213 -0.099938
-0.228762 -0.102157 -0.107830
-0.157372 -0.107368 -0.096445
-0.133845 -0.087675 -0.088133
-0.126101 -0.052598 -0.083592
-0.050384 -0.033314 -0.066427
-0.046089 -0.042914 -0.060338
-0.020209 -0.033239 -0.064562
-0.026992 -0.045199 -0.034689
-0.026148 -0.052047 -0.034246
-0.025024 -0.037621 -0.036601
-0.032158 -0.040129 -0.042395
0.009619 -0.015219 -0.066182
0.006125 -0.013659 -0.066171
-0.007587 -0.005035 -0.070785
-0.044685 -0.049951 -0.033710
-0.059663 0.009281 -0.049915
-0.257002 -0.082127 -0.105752
-0.266347 -0.051053 -0.103345
-0.234814 -0.073868 -0.105897
-0.060574 -0.037793 -0.062093
-0.052545 -0.035548 -0.059998
-0.041229 -0.045147 -0.045284
-0.039941 -0.043863 -0.046137
-0.047342 -0.037581 -0.053269
0.015952 -0.026898 -0.061746
-0.035496 -0.034962 -0.029868
-0.021043 -0.005084 -0.068862
-0.050719 -0.019828 -0.030614
-0.026824 -0.007530 -0.066772
-0.061984 -0.003178 -0.030070
-0.074723 -0.000822 -0.035154
-0.047056 -0.011245 -0.047984
-0.183737 -0.105036 -0.103325
-0.033018 -0.052668 -0.038670
-0.057358 -0.040300 -0.054761
0.009780 -0.025276 -0.057273
-0.000076 -0.020653 -0.060615
-0.009828 -0.025503 -0.056750
-0.057735 -0.006162 -0.029329
-0.243530 -0.097981 -0.113835
-0.179285 -0.079697 -0.086650
-0.185911 -0.049180 -0.084377
-0.131699 -0.034463 -0.062521
-0.095185 -0.035624 -0.080648
-0.066562 -0.035274 -0.067146
-0.035249 -0.056468 -0.041155
-0.017277 -0.056370 -0.032997
-0.028635 -0.054075 -0.036810
0.011060 -0.037316 -0.051104
-0.007161 -0.048239 -0.028081
-0.001580 -0.031424 -0.052846
-0.020446 -0.041525 -0.026607
-0.014970 -0.017138 -0.061845
-0.028228 -0.019239 -0.058802
-0.073992 -0.002511 -0.064689
-0.074440 -0.008998 -0.032602
-0.204856 -0.057921 -0.091800
-0.225585 -0.022761 -0.078534
-0.134905 -0.019198 -0.057526
-0.079766 -0.012959 -0.056593
-0.083644 -0.035651 -0.069536
-0.061286 -0.024780 -0.043554
-0.053101 -0.053198 -0.047501
-0.040192 -0.027267 -0.053759
-0.025764 -0.057987 -0.037406
-0.013570 -0.061506 -0.037843
0.014540 -0.038352 -0.048635
-0.089448 -0.011221 -0.037314
-0.094046 -0.004474 -0.038200
-0.087200 0.002281 -0.059038
-0.181899 0.036746 -0.008451
-0.175834 0.002239 -0.054069
-0.127546 -0.039779 -0.072871
-0.051763 -0.053707 -0.046582
0.001449 -0.039550 -0.047454
-0.024910 -0.059402 -0.041459
-0.000282 -0.058432 -0.031822
0.005979 -0.033357 -0.051486
-0.009152 -0.050204 -0.028075
-0.024237 -0.050433 -0.031191
-0.036853 -0.046427 -0.033108
-0.039087 -0.029752 -0.054200
-0.042077 -0.037944 -0.030509
-0.053528 -0.043741 -0.035564
-0.092537 -0.001554 -0.045139
-0.227583 -0.526927 -0.654340
-0.195933 -0.389146 -0.046418
-0.174955 0.042272 0.049079
-0.172666 -0.058516 -0.013562
-0.097987 -0.032207 -0.078273
-0.069790 -0.019553 -0.043301
-0.033624 -0.057736 -0.041577
-0.031421 -0.034389 -0.041153
-0.004607 -0.063566 -0.037166
0.011906 -0.042341 -0.043697
0.000873 -0.063511 -0.034700
-0.021767 -0.047162 -0.042848
-0.024736 -0.064872 -0.039834
-0.085119 -0.021772 -0.057960
-0.085046 -0.035778 -0.040574
-0.109081 -0.014870 -0.045633
-0.015223 -0.362767 0.095570
-0.086693 -0.035532 -0.019400
-0.103519 -0.037758 -0.067994
-0.104537 -0.001127 -0.044203
-0.060239 -0.053000 -0.049445
-0.071164 -0.041532 -0.058835
-0.084742 -0.016906 -0.037771
0.004215 -0.046017 -0.038901
-0.001931 -0.065300 -0.038410
-0.035712 -0.043437 -0.046228
-0.037541 -0.053247 -0.036197
-0.075993 -0.027022 -0.056122
-0.086127 -0.042733 -0.042686
-0.100712 -0.024714 -0.042695
-0.111821 -0.028208 -0.046671
-0.124570 0.030195 -0.067081
-0.093443 -0.015884 -0.030904
-0.089441 -0.019402 -0.048448
-0.058108 -0.053055 -0.051177
-0.067845 -0.051600 -0.051929
-0.083293 -0.039801 -0.061744
-0.039400 -0.034190 -0.039514
-0.034477 -0.058358 -0.048002
-0.010713 -0.065965 -0.048001
0.000573 -0.057182 -0.034788
-0.048775 -0.053755 -0.041597
-0.064400 -0.057794 -0.043681
-0.116413 -0.027588 -0.048490
-0.065403 -0.050497 -0.053362
-0.089046 -0.028706 -0.055551
-0.058201 -0.033834 -0.041492
-0.044044 -0.038604 -0.036619
-0.027797 -0.040318 -0.035300
-0.002376 -0.066695 -0.037403
-0.032588 -0.059317 -0.036610
-0.071059 -0.065894 -0.039368
-0.097831 -0.037714 -0.054262
-0.102736 -0.046357 -0.047139
-0.113514 -0.042354 -0.049486
-0.042474 -0.056052 -0.051603
-0.027867 -0.061328 -0.051723
-0.017887 -0.061356 -0.033801
-0.042619 -0.062838 -0.036529
-0.021751 -0.076369 -0.046421
-0.025683 -0.079549 -0.049812
-0.109872 -0.043676 -0.052085
-0.088098 -0.060373 -0.049376
-0.059424 -0.050609 -0.055163
-0.064501 -0.049137 -0.056782
-0.013482 -0.065159 -0.061796
-0.003291 -0.073242 -0.053983
-0.004246 -0.060743 -0.026959
-0.039266 -0.074777 -0.048556
-0.064417 -0.070464 -0.049369
-0.076718 -0.041737 -0.057791
-0.085744 -0.035193 -0.053101
-0.057520 -0.039935 -0.037679
-0.046852 -0.055076 -0.058297
-0.037911 -0.056931 -0.055722
-0.033338 -0.067207 -0.065885
-0.006483 -0.060150 -0.022537
-0.007721 -0.062077 -0.019780
-0.111357 -0.070426 -0.051062
-0.114119 -0.051310 -0.051932
-0.067604 -0.046534 -0.059924
-0.080252 -0.039091 -0.054189
-0.077271 -0.036305 -0.047662
-0.074535 -0.041347 -0.055125
-0.049235 -0.044160 -0.032750
-0.032806 -0.060774 -0.059129
-0.002441 -0.080334 -0.058967
-0.058758 -0.079937 -0.053432
-0.075918 -0.080808 -0.055636
-0.072001 -0.041557 -0.056791
-0.074117 -0.037499 -0.045238
-0.039575 -0.049022 -0.026808
-0.014009 -0.063953 -0.017496
-0.000905 -0.076101 -0.056483
-0.006591 -0.067346 -0.017621
-0.005433 -0.082387 -0.059265
-0.074466 -0.086548 -0.057547
-0.097034 -0.077441 -0.045716
-0.098219 -0.077912 -0.054256
-0.104741 -0.080003 -0.054469
-0.070482 -0.042372 -0.054058
-0.071271 -0.039487 -0.045549
-0.045501 -0.054453 -0.065111
-0.026787 -0.059568 -0.020655
-0.005572 -0.078467 -0.065515
-0.012727 -0.069369 -0.015090
-0.009649 -0.082252 -0.063243
-0.043531 -0.079548 -0.024223
-0.039205 -0.091100 -0.059410
-0.064272 -0.090193 -0.059145
-0.076199 -0.090313 -0.058974
-0.102507 -0.082938 -0.048645
-0.065490 -0.046053 -0.053003
-0.061489 -0.043427 -0.037034
-0.063013 -0.043490 -0.045644
-0.036890 -0.057958 -0.064251
-0.038707 -0.054675 -0.024111
-0.007765 -0.074130 -0.060576
-0.020405 -0.069876 -0.068351
-0.026143 -0.063516 -0.017206
-0.029099 -0.077979 -0.017637
-0.030313 -0.091059 -0.063145
-0.060273 -0.084984 -0.030837
-0.044370 -0.093663 -0.061170
-0.087587 -0.094586 -0.047128
-0.079551 -0.092479 -0.058742
-0.093403 -0.091642 -0.056008
-0.100828 -0.088533 -0.054491
-0.056108 -0.049719 -0.040470
-0.057111 -0.047703 -0.036708
-0.045893 -0.055955 -0.062936
-0.056336 -0.052724 -0.050816
-0.042266 -0.054020 -0.025155
-0.032832 -0.061773 -0.066906
-0.017650 -0.072753 -0.068570
-0.037558 -0.067682 -0.021316
-0.033191 -0.078377 -0.016945
-0.035120 -0.091349 -0.064325
-0.058993 -0.087973 -0.029364
-0.063358 -0.091173 -0.030824
-0.050606 -0.095780 -0.062887
-0.074674 -0.093644 -0.037213
-0.079422 -0.096721 -0.053135
-0.053768 -0.052427 -0.037982
-0.055490 -0.055869 -0.043852
-0.027656 -0.068290 -0.068703
-0.038151 -0.060528 -0.066601
-0.050628 -0.063891 -0.049307
-0.048991 -0.065955 -0.054638
-0.051590 -0.059551 -0.054814
-0.047355 -0.069431 -0.029609
-0.037484 -0.073534 -0.021764
-0.046482 -0.091568 -0.060852
-0.058860 -0.093469 -0.054339
-0.061154 -0.093527 -0.049733
-0.064257 -0.091876 -0.033163
-0.071062 -0.094076 -0.037667
-0.078767 -0.098339 -0.049835
-0.048434 -0.069569 -0.041087
-0.046911 -0.070578 -0.048863
-0.031822 -0.075620 -0.065288
-0.047896 -0.076790 -0.052254
-0.049792 -0.077985 -0.043559
-0.049860 -0.073624 -0.036760
-0.051161 -0.084158 -0.046120
-0.054902 -0.086533 -0.031719
-0.060480 -0.092569 -0.040634
-0.023736 0.001843 -0.071804
-0.138741 -0.125209 -0.092431
-0.092484 -0.100652 -0.084153
-0.013374 0.002341 -0.076809
-0.178500 -0.124638 -0.097229
-0.060730 -0.072025 -0.076487
-0.034294 -0.050348 -0.068030
-0.016933 0.004319 -0.076392
-0.101703 -0.072162 -0.082309
-0.020167 -0.034474 -0.033610
-0.219327 -0.036096 -0.101287
-0.113246 -0.038847 -0.103023
-0.052489 0.005861 -0.054700
-0.236803 -0.102685 -0.104388
-0.026796 -0.047419 -0.033132
-0.114141 -0.034888 -0.069357
-0.011831 -0.048490 -0.029459
-0.071339 0.002546 -0.041544
-0.068781 0.010865 -0.054773
-0.206860 -0.048800 -0.089542
-0.189003 -0.056462 -0.098391
-0.134549 -0.060071 -0.076132
-0.076416 0.001328 -0.063626
-0.049440 -0.052466 -0.048335
-0.017113 -0.028356 -0.055294
-0.072599 0.006644 -0.057812
-0.092584 0.001502 -0.048432
0.003136 -0.042235 -0.044731
-0.008005 -0.054609 -0.030421
-0.101894 -0.008225 -0.059142
-0.009202 -0.043226 -0.044403
-0.058844 -0.047192 -0.038298
-0.096774 -0.040298 -0.044304
-0.076231 -0.032903 -0.042102
-0.010223 -0.066088 -0.038069
-0.050663 -0.051953 -0.038369
-0.111133 -0.030594 -0.054349
0.000416 -0.069860 -0.041658
-0.118927 -0.037470 -0.052672
-0.069616 -0.049891 -0.055293
-0.035737 -0.057737 -0.052632
-0.001427 -0.073334 -0.048310
-0.101549 -0.055653 -0.049792
-0.081066 -0.042926 -0.057728
-0.013077 -0.051908 -0.027929
-0.080958 -0.040597 -0.057121
-0.043691 -0.042856 -0.032984
-0.004327 -0.081623 -0.054293
-0.041167 -0.057043 -0.058586
-0.025317 -0.055344 -0.022921
-0.061151 -0.048103 -0.061317
-0.023147 -0.074666 -0.049290
-0.013979 -0.061816 -0.019121
-0.063047 -0.083720 -0.055938
-0.003249 -0.078227 -0.063548
-0.036630 -0.076413 -0.023763
-0.086869 -0.088985 -0.057105
-0.034823 -0.060574 -0.020969
-0.040752 -0.064168 -0.023558
-0.029909 -0.007751 -0.055115
-0.156137 -0.077447 -0.092194
-0.038991 0.007436 -0.070801
-0.056037 0.007276 -0.071740
-0.069425 -0.002292 -0.060975
-0.026144 -0.019485 -0.039573
-0.232055 -0.106801 -0.102791
-0.257145 -0.064223 -0.106081
-0.014596 -0.035006 -0.068839
-0.049321 -0.003541 -0.035268
-0.155450 -0.033687 -0.021981
-0.113100 -0.054416 -0.092873
-0.104602 -0.047913 -0.092569
-0.036011 -0.011225 -0.028852
-0.052190 -0.008185 -0.031374
-0.059267 -0.001863 -0.032279
-0.217555 -0.092492 -0.102562
-0.076975 -0.037037 -0.074041
-0.129015 -0.043451 -0.087032
-0.076098 -0.025600 -0.063436
-0.175198 -0.102328 -0.097839
-0.013323 -0.044411 -0.026719
-0.089106 0.005195 -0.054398
-0.161161 0.025346 -0.044874
-0.105232 -0.001748 -0.055733
-0.083684 -0.147925 -0.113721
-0.102555 -0.005630 -0.047308
-0.076908 -0.013640 -0.049728
-0.068990 -0.045815 -0.056845
-0.098691 -0.016001 -0.058892
0.006675 -0.052338 -0.037923
-0.016412 -0.056711 -0.033142
-0.115956 -0.018843 -0.051772
-0.097926 -0.010891 -0.038504
-0.091544 -0.023627 -0.047166
-0.002433 -0.048703 -0.040470
-0.119195 -0.036683 -0.051278
-0.045603 -0.068993 -0.045656
-0.082135 -0.034216 -0.053835
-0.101323 -0.027467 -0.055973
-0.010627 -0.066821 -0.052500
-0.000751 -0.075503 -0.047298
-0.069994 -0.046793 -0.058832
-0.002125 -0.060138 -0.024337
-0.005017 -0.065870 -0.020857
-0.021997 -0.067811 -0.029835
-0.035244 -0.069356 -0.032418
-0.042220 -0.079799 -0.051682
-0.116212 -0.058787 -0.052142
-0.016746 -0.071835 -0.018871
-0.054920 -0.049492 -0.063786
-0.061488 -0.047107 -0.052396
-0.048811 -0.047283 -0.030281
-0.104752 -0.084334 -0.051260
-0.058298 -0.051585 -0.054984
-0.064526 -0.095215 -0.056290
-0.038707 -0.066035 -0.064343
-0.046729 -0.071265 -0.054991
-0.040435 -0.087620 -0.061169
-0.105558 -0.062067 -0.089467
-0.136560 -0.083981 -0.090601
-0.179682 -0.067604 -0.101402
-0.038985 -0.015749 -0.062648
-0.205683 -0.063997 -0.092356
-0.078899 0.001855 -0.043806
-0.074041 -0.032771 -0.046058
-0.001631 -0.076952 -0.049270
-0.065149 -0.048182 -0.058555
-0.001970 -0.076410 -0.058512
-0.019712 -0.087761 -0.059161
-0.021203 -0.087990 -0.061524
-0.070255 -0.098101 -0.051718
-0.048397 -0.073299 -0.041956
-0.012613 -0.012236 -0.072911
-0.106967 -0.109617 -0.088795
-0.070534 -0.088363 -0.079657
-0.068454 -0.066441 -0.072836
-0.068846 -0.060435 -0.075986
-0.047031 -0.054694 -0.068805
-0.028589 -0.046807 -0.069569
-0.025411 -0.028651 -0.045791
-0.046894 -0.046258 -0.073298
-0.033360 -0.036778 -0.047123
-0.018411 -0.044208 -0.034342
-0.027808 -0.000982 -0.071362
-0.045935 -0.029284 -0.066000
-0.042885 -0.038157 -0.050153
0.012685 -0.023202 -0.060692
-0.036287 -0.014054 -0.044855
-0.047451 -0.023608 -0.029697
-0.041846 0.004233 -0.063806
-0.096414 -0.035212 -0.080728
-0.056009 -0.044994 -0.053284
-0.007186 -0.051961 -0.029757
-0.006006 -0.057273 -0.032239
0.013055 -0.033117 -0.052404
0.009540 -0.031233 -0.052852
-0.068043 -0.020267 -0.032538
-0.062892 -0.045056 -0.055336
-0.055853 -0.025134 -0.047943
-0.002214 -0.053930 -0.030928
-0.079851 -0.008022 -0.062429
-0.029638 -0.058879 -0.041328
-0.060511 -0.052872 -0.050580
-0.075493 -0.043769 -0.040280
-0.100852 -0.041908 -0.074131
0.002326 -0.069977 -0.043061
-0.003028 -0.079827 -0.051146
-0.098249 -0.054117 -0.048764
-0.086822 -0.075504 -0.054027
-0.058452 -0.050504 -0.058093
-0.019783 -0.052839 -0.025213
-0.059453 -0.064313 -0.037706
-0.115321 -0.063173 -0.052322
-0.024225 -0.072843 -0.048879
-0.002586 -0.077813 -0.061075
-0.030419 -0.088960 -0.057946
-0.061008 -0.047109 -0.062440
-0.063161 -0.045020 -0.059986
-0.004214 -0.074318 -0.055819
-0.041130 -0.082512 -0.022049
-0.089272 -0.093899 -0.051291
-0.042095 -0.056375 -0.066097
-0.053295 -0.094923 -0.059330
-0.051068 -0.079423 -0.033589
-0.055497 -0.087180 -0.036737
-0.221837 -0.049572 -0.102090
-0.099484 -0.005690 -0.041629
-0.136209 0.019615 -0.050094
-0.059179 -0.032724 -0.040861
0.002782 -0.055687 -0.032452
-0.017374 -0.073403 -0.044035
-0.107493 -0.070920 -0.049326
-0.065935 -0.096396 -0.060749
-0.040482 -0.062103 -0.064032
-0.153684 -0.025353 -0.057706
-0.092974 -0.046923 -0.045272
-0.031103 -0.034064 -0.042775
-0.019425 -0.034231 -0.051236
-0.009593 -0.071720 -0.068370
-0.065240 -0.045830 -0.062266
-0.036245 -0.000360 -0.058911
-0.129806 -0.118859 -0.093161
-0.038362 -0.008995 -0.031401
-0.181849 -0.089461 -0.101732
-0.245405 -0.093449 -0.106331
-0.196925 -0.087782 -0.097298
-0.029303 -0.032268 -0.063416
0.007516 -0.047967 -0.038318
0.001997 -0.053777 -0.030180
-0.004182 -0.076727 -0.055799
-0.001641 -0.080405 -0.054137
-0.030025 -0.069968 -0.067929
-0.077480 -0.098455 -0.046828
-0.048309 -0.067802 -0.051012
-0.061444 -0.090215 -0.036114
-0.080163 -0.087711 -0.082250
-0.025800 -0.032660 -0.059868
-0.030006 -0.036792 -0.054776
-0.069965 -0.044423 -0.060354
-0.017249 -0.073274 -0.015417
-0.032261 -0.091161 -0.061486
-0.017815 -0.018223 -0.067119
-0.075166 -0.099196 -0.048177
0.005675 -0.009326 -0.069464
-0.044435 -0.032067 -0.041482
-0.020641 -0.074504 -0.014609
-0.081713 -0.092476 -0.039371
-0.049490 -0.052893 -0.030343
-0.005445 -0.014594 -0.075165
-0.094778 -0.086005 -0.084680
-0.034987 0.008320 -0.072903
-0.061286 -0.065050 -0.075696
-0.068601 -0.060391 -0.074025
-0.077004 -0.016686 -0.059366
-0.014709 -0.064098 -0.044431
-0.007554 -0.060085 -0.031372
-0.078845 -0.044722 -0.057599
-0.060551 -0.045333 -0.038667
-0.027208 -0.077421 -0.015426
-0.066675 -0.044527 -0.060976
-0.031418 0.008036 -0.075723
-0.249209 -0.051197 -0.099057
-0.005111 -0.050301 -0.027957
-0.056382 -0.023980 -0.057972
-0.012037 -0.072472 -0.043045
-0.117144 -0.025795 -0.053625
-0.043221 -0.045704 -0.029993
-0.072665 -0.080631 -0.037218
-0.014834 -0.075723 -0.068471
-0.036664 -0.075149 -0.061899
-0.096913 -0.050328 -0.089577
-0.063997 0.005640 -0.044829
0.000823 -0.068455 -0.040875
-0.021316 -0.072275 -0.055428
-0.037537 -0.087187 -0.062907
-0.024301 -0.075204 -0.018520
-0.010565 -0.046638 -0.026771
-0.034487 -0.052672 -0.069821
-0.116358 -0.021254 -0.074296
-0.022897 -0.083330 -0.065523
-0.050101 -0.054809 -0.046697
-0.099281 -0.066212 -0.047728
-0.080771 -0.041377 -0.057801
-0.208778 -0.055995 -0.101465
-0.079080 -0.003261 -0.034018
0.001600 -0.043324 -0.040815
-0.022521 -0.009948 -0.065086
-0.107408 -0.116023 -0.089733
-0.031892 -0.073012 -0.026224
-0.024307 -0.038993 -0.065028
-0.019876 -0.052240 -0.031659
-0.016279 -0.083741 -0.064096
-0.009451 -0.065753 -0.017091
-0.040386 -0.014751 -0.052116
-0.015407 -0.036138 -0.070448
-0.024167 -0.035739 -0.034516
-0.113282 -0.067891 -0.052897
-0.120373 -0.095049 -0.088686
0.000205 -0.019021 -0.075506
-0.106004 -0.012823 -0.051859
-0.050423 -0.086359 -0.052156
-0.092737 -0.089819 -0.046223
0.014069 -0.028969 -0.060712
-0.044158 -0.045886 -0.045539
-0.048812 -0.053843 -0.043512
-0.034351 -0.037511 -0.047374
-0.041612 -0.055666 -0.040966
-0.070763 -0.019218 -0.065377
-0.036328 -0.060705 -0.049888
-0.023710 -0.060487 -0.037617
-0.068404 -0.029807 -0.054746
-0.020477 -0.049360 -0.038796
-0.027158 -0.036669 -0.047256
-0.043714 -0.068175 -0.041047
-0.069340 -0.033350 -0.047602
-0.031472 -0.032831 -0.054567
-0.027835 -0.021293 -0.056060
-0.063060 -0.056190 -0.041886
-0.064073 -0.043334 -0.056841
-0.110931 -0.028801 -0.086998
-0.026748 -0.043294 -0.040812
-0.052203 -0.066825 -0.039796
-0.011534 -0.026286 -0.056238
-0.036536 -0.058633 -0.040158
-0.054850 -0.047894 -0.043172
-0.021885 -0.076537 -0.048055
-0.021178 -0.062346 -0.025173
-0.050087 -0.014648 -0.054319
-0.053561 -0.078736 -0.047338
-0.079403 -0.028778 -0.043770
-0.075483 -0.067537 -0.046430
-0.033341 -0.020852 -0.049916
-0.026212 -0.010081 -0.061107
-0.038858 -0.043998 -0.048079
-0.090262 -0.019011 -0.072012
-0.047784 -0.034039 -0.043801
-0.045561 -0.078447 -0.047516
-0.147920 -0.080139 -0.091255
-0.049648 -0.058957 -0.048246
-0.039308 -0.056663 -0.034422
-0.063360 -0.036300 -0.057182
-0.047411 -0.030662 -0.063093
-0.059734 -0.029847 -0.036531
-0.045988 -0.054747 -0.055238
-0.074888 -0.060726 -0.045090
-0.029840 -0.053451 -0.043984
-0.050510 -0.022973 -0.043206
-0.054995 -0.029828 -0.056690
-0.034582 -0.054826 -0.042213
-0.060990 -0.048339 -0.058596
-0.034718 -0.061409 -0.038309
-0.021138 -0.053115 -0.036413
-0.025202 -0.069430 -0.055790
-0.068992 -0.036750 -0.050422
-0.020913 -0.015354 -0.058844
-0.042938 -0.074236 -0.048181
-0.011121 -0.035821 -0.048553
-0.046359 -0.048625 -0.051200
-0.038166 -0.061475 -0.045286
-0.071185 -0.038876 -0.051274
-0.038669 -0.043416 -0.045008
-0.070951 -0.038815 -0.073801
-0.038440 -0.068122 -0.032795
-0.074586 -0.021025 -0.061058
-0.029701 -0.041852 -0.046191
-0.033886 -0.034329 -0.042739
-0.040817 -0.060831 -0.057048
-0.031650 -0.069180 -0.027893
-0.023108 -0.036219 -0.045918
-0.033402 -0.036120 -0.049643
-0.027017 -0.002762 -0.067853
-0.053924 -0.051213 -0.052663
-0.058847 -0.081967 -0.040884
-0.010722 -0.064770 -0.040567
-0.055861 -0.024603 -0.059506
-0.047260 -0.004694 -0.061240
-0.008109 -0.019720 -0.060492
-0.075944 -0.080401 -0.045856
-0.123504 0.018278 -0.051197
-0.036400 -0.070180 -0.045951
-0.139895 -0.070182 -0.092660
-0.022228 -0.035674 -0.061233
-0.016570 -0.031504 -0.055124
-0.014932 -0.049311 -0.034346
-0.014835 -0.076952 -0.052185
-0.022494 -0.038818 -0.046839
-0.064006 -0.016721 -0.051885
-0.146038 -0.030447 -0.068292
-0.070887 -0.074691 -0.049811
-0.015553 -0.028021 -0.054925
-0.037924 -0.042506 -0.046853
-0.048255 -0.049219 -0.049893
-0.004078 -0.041691 -0.044920
-0.078484 -0.034691 -0.058945
-0.089593 -0.019707 -0.069648
-0.105866 -0.049603 -0.082015
-0.014148 -0.055491 -0.032946
-0.032890 -0.047399 -0.035442
-0.026884 -0.033430 -0.043162
-0.031313 -0.049134 -0.033927
-0.076388 -0.024760 -0.067137
-0.088320 -0.038688 -0.084769
-0.092664 -0.051286 -0.047888
-0.033511 -0.076784 -0.055016
-0.009985 -0.033062 -0.054555
-0.028162 -0.056442 -0.042121
-0.057273 -0.049831 -0.037854
-0.035409 -0.037238 -0.031742
-0.031986 -0.046482 -0.045076
-0.200954 -0.077542 -0.102760
-0.066697 -0.084731 -0.052009
-0.088821 -0.051736 -0.046327
-0.032665 -0.057299 -0.048959
-0.078322 -0.012761 -0.057784
-0.044882 -0.048445 -0.033325
-0.044725 -0.083338 -0.052937
-0.044945 -0.004219 -0.059586
-0.057717 -0.027507 -0.054327
-0.037216 -0.036883 -0.058729
-0.059174 -0.049119 -0.044892
-0.089083 -0.015368 -0.050135
-0.044428 -0.034106 -0.049829
-0.030138 -0.032809 -0.036620
-0.052521 -0.080898 -0.034758
-0.020250 -0.072640 -0.042719
-0.051515 -0.069461 -0.044922
-0.012036 -0.072743 -0.059652
-0.049583 0.002366 -0.068116
-0.071068 -0.027254 -0.052030
-0.047411 -0.061738 -0.038500
-0.011487 -0.050011 -0.034711
-0.024499 -0.066677 -0.061779
-0.060469 -0.048164 -0.051498
-0.090538 -0.041918 -0.049404
-0.076059 -0.053564 -0.043632
-0.046895 -0.070807 -0.043412
-0.028272 -0.024325 -0.050163
-0.008534 -0.053853 -0.033835
-0.059407 -0.041120 -0.049857
-0.026440 -0.084391 -0.052954
-0.077283 -0.028901 -0.062850
-0.064529 -0.044687 -0.044369
-0.022714 -0.025354 -0.053400
-0.052567 -0.081399 -0.045250
-0.066673 -0.060257 -0.042203
-0.024400 -0.032145 -0.050044
-0.049748 -0.073320 -0.034798
-0.047555 -0.030554 -0.048337
-0.092207 -0.021199 -0.060324
-0.131226 -0.033605 -0.093227
-0.027621 -0.015701 -0.060152
-0.079905 -0.037493 -0.041324
-0.017760 -0.055602 -0.036678
-0.046403 -0.067422 -0.041994
-0.056977 -0.051547 -0.056102
-0.033758 -0.052165 -0.038180
-0.010642 -0.010936 -0.066452
-0.058508 -0.038626 -0.043677
-0.034105 -0.021849 -0.053409
-0.029493 -0.045913 -0.042297
