$MeshFormat
4.1 0 8
$EndMeshFormat
$Entities
0 0 1 1
1 -0.047508 -0.010353 -0.023042 0.030685 0.07841500000000001 0.05355100000000001 0 0 
1 -0.047508 -0.010353 -0.023042 0.030685 0.07841500000000001 0.05355100000000001 0 1 1 
$EndEntities
$Nodes
2 3004 1 3004
2 1 0 2502
1
2
3
4
5
6
7
8
9
10
11
12
13
14
15
16
17
18
19
20
21
22
23
24
25
26
27
28
29
30
31
32
33
34
35
36
37
38
39
40
41
42
43
44
45
46
47
48
49
50
51
52
53
54
55
56
57
58
59
60
61
62
63
64
65
66
67
68
69
70
71
72
73
74
75
76
77
78
79
80
81
82
83
84
85
86
87
88
89
90
91
92
93
94
95
96
97
98
99
100
101
102
103
104
105
106
107
108
109
110
111
112
113
114
115
116
117
118
119
120
121
122
123
124
125
126
127
128
129
130
131
132
133
134
135
136
137
138
139
140
141
142
143
144
145
146
147
148
149
150
151
152
153
154
155
156
157
158
159
160
161
162
163
164
165
166
167
168
169
170
171
172
173
174
175
176
177
178
179
180
181
182
183
184
185
186
187
188
189
190
191
192
193
194
195
196
197
198
199
200
201
202
203
204
205
206
207
208
209
210
211
212
213
214
215
216
217
218
219
220
221
222
223
224
225
226
227
228
229
230
231
232
233
234
235
236
237
238
239
240
241
242
243
244
245
246
247
248
249
250
251
252
253
254
255
256
257
258
259
260
261
262
263
264
265
266
267
268
269
270
271
272
273
274
275
276
277
278
279
280
281
282
283
284
285
286
287
288
289
290
291
292
293
294
295
296
297
298
299
300
301
302
303
304
305
306
307
308
309
310
311
312
313
314
315
316
317
318
319
320
321
322
323
324
325
326
327
328
329
330
331
332
333
334
335
336
337
338
339
340
341
342
343
344
345
346
347
348
349
350
351
352
353
354
355
356
357
358
359
360
361
362
363
364
365
366
367
368
369
370
371
372
373
374
375
376
377
378
379
380
381
382
383
384
385
386
387
388
389
390
391
392
393
394
395
396
397
398
399
400
401
402
403
404
405
406
407
408
409
410
411
412
413
414
415
416
417
418
419
420
421
422
423
424
425
426
427
428
429
430
431
432
433
434
435
436
437
438
439
440
441
442
443
444
445
446
447
448
449
450
451
452
453
454
455
456
457
458
459
460
461
462
463
464
465
466
467
468
469
470
471
472
473
474
475
476
477
478
479
480
481
482
483
484
485
486
487
488
489
490
491
492
493
494
495
496
497
498
499
500
501
502
503
504
505
506
507
508
509
510
511
512
513
514
515
516
517
518
519
520
521
522
523
524
525
526
527
528
529
530
531
532
533
534
535
536
537
538
539
540
541
542
543
544
545
546
547
548
549
550
551
552
553
554
555
556
557
558
559
560
561
562
563
564
565
566
567
568
569
570
571
572
573
574
575
576
577
578
579
580
581
582
583
584
585
586
587
588
589
590
591
592
593
594
595
596
597
598
599
600
601
602
603
604
605
606
607
608
609
610
611
612
613
614
615
616
617
618
619
620
621
622
623
624
625
626
627
628
629
630
631
632
633
634
635
636
637
638
639
640
641
642
643
644
645
646
647
648
649
650
651
652
653
654
655
656
657
658
659
660
661
662
663
664
665
666
667
668
669
670
671
672
673
674
675
676
677
678
679
680
681
682
683
684
685
686
687
688
689
690
691
692
693
694
695
696
697
698
699
700
701
702
703
704
705
706
707
708
709
710
711
712
713
714
715
716
717
718
719
720
721
722
723
724
725
726
727
728
729
730
731
732
733
734
735
736
737
738
739
740
741
742
743
744
745
746
747
748
749
750
751
752
753
754
755
756
757
758
759
760
761
762
763
764
765
766
767
768
769
770
771
772
773
774
775
776
777
778
779
780
781
782
783
784
785
786
787
788
789
790
791
792
793
794
795
796
797
798
799
800
801
802
803
804
805
806
807
808
809
810
811
812
813
814
815
816
817
818
819
820
821
822
823
824
825
826
827
828
829
830
831
832
833
834
835
836
837
838
839
840
841
842
843
844
845
846
847
848
849
850
851
852
853
854
855
856
857
858
859
860
861
862
863
864
865
866
867
868
869
870
871
872
873
874
875
876
877
878
879
880
881
882
883
884
885
886
887
888
889
890
891
892
893
894
895
896
897
898
899
900
901
902
903
904
905
906
907
908
909
910
911
912
913
914
915
916
917
918
919
920
921
922
923
924
925
926
927
928
929
930
931
932
933
934
935
936
937
938
939
940
941
942
943
944
945
946
947
948
949
950
951
952
953
954
955
956
957
958
959
960
961
962
963
964
965
966
967
968
969
970
971
972
973
974
975
976
977
978
979
980
981
982
983
984
985
986
987
988
989
990
991
992
993
994
995
996
997
998
999
1000
1001
1002
1003
1004
1005
1006
1007
1008
1009
1010
1011
1012
1013
1014
1015
1016
1017
1018
1019
1020
1021
1022
1023
1024
1025
1026
1027
1028
1029
1030
1031
1032
1033
1034
1035
1036
1037
1038
1039
1040
1041
1042
1043
1044
1045
1046
1047
1048
1049
1050
1051
1052
1053
1054
1055
1056
1057
1058
1059
1060
1061
1062
1063
1064
1065
1066
1067
1068
1069
1070
1071
1072
1073
1074
1075
1076
1077
1078
1079
1080
1081
1082
1083
1084
1085
1086
1087
1088
1089
1090
1091
1092
1093
1094
1095
1096
1097
1098
1099
1100
1101
1102
1103
1104
1105
1106
1107
1108
1109
1110
1111
1112
1113
1114
1115
1116
1117
1118
1119
1120
1121
1122
1123
1124
1125
1126
1127
1128
1129
1130
1131
1132
1133
1134
1135
1136
1137
1138
1139
1140
1141
1142
1143
1144
1145
1146
1147
1148
1149
1150
1151
1152
1153
1154
1155
1156
1157
1158
1159
1160
1161
1162
1163
1164
1165
1166
1167
1168
1169
1170
1171
1172
1173
1174
1175
1176
1177
1178
1179
1180
1181
1182
1183
1184
1185
1186
1187
1188
1189
1190
1191
1192
1193
1194
1195
1196
1197
1198
1199
1200
1201
1202
1203
1204
1205
1206
1207
1208
1209
1210
1211
1212
1213
1214
1215
1216
1217
1218
1219
1220
1221
1222
1223
1224
1225
1226
1227
1228
1229
1230
1231
1232
1233
1234
1235
1236
1237
1238
1239
1240
1241
1242
1243
1244
1245
1246
1247
1248
1249
1250
1251
1252
1253
1254
1255
1256
1257
1258
1259
1260
1261
1262
1263
1264
1265
1266
1267
1268
1269
1270
1271
1272
1273
1274
1275
1276
1277
1278
1279
1280
1281
1282
1283
1284
1285
1286
1287
1288
1289
1290
1291
1292
1293
1294
1295
1296
1297
1298
1299
1300
1301
1302
1303
1304
1305
1306
1307
1308
1309
1310
1311
1312
1313
1314
1315
1316
1317
1318
1319
1320
1321
1322
1323
1324
1325
1326
1327
1328
1329
1330
1331
1332
1333
1334
1335
1336
1337
1338
1339
1340
1341
1342
1343
1344
1345
1346
1347
1348
1349
1350
1351
1352
1353
1354
1355
1356
1357
1358
1359
1360
1361
1362
1363
1364
1365
1366
1367
1368
1369
1370
1371
1372
1373
1374
1375
1376
1377
1378
1379
1380
1381
1382
1383
1384
1385
1386
1387
1388
1389
1390
1391
1392
1393
1394
1395
1396
1397
1398
1399
1400
1401
1402
1403
1404
1405
1406
1407
1408
1409
1410
1411
1412
1413
1414
1415
1416
1417
1418
1419
1420
1421
1422
1423
1424
1425
1426
1427
1428
1429
1430
1431
1432
1433
1434
1435
1436
1437
1438
1439
1440
1441
1442
1443
1444
1445
1446
1447
1448
1449
1450
1451
1452
1453
1454
1455
1456
1457
1458
1459
1460
1461
1462
1463
1464
1465
1466
1467
1468
1469
1470
1471
1472
1473
1474
1475
1476
1477
1478
1479
1480
1481
1482
1483
1484
1485
1486
1487
1488
1489
1490
1491
1492
1493
1494
1495
1496
1497
1498
1499
1500
1501
1502
1503
1504
1505
1506
1507
1508
1509
1510
1511
1512
1513
1514
1515
1516
1517
1518
1519
1520
1521
1522
1523
1524
1525
1526
1527
1528
1529
1530
1531
1532
1533
1534
1535
1536
1537
1538
1539
1540
1541
1542
1543
1544
1545
1546
1547
1548
1549
1550
1551
1552
1553
1554
1555
1556
1557
1558
1559
1560
1561
1562
1563
1564
1565
1566
1567
1568
1569
1570
1571
1572
1573
1574
1575
1576
1577
1578
1579
1580
1581
1582
1583
1584
1585
1586
1587
1588
1589
1590
1591
1592
1593
1594
1595
1596
1597
1598
1599
1600
1601
1602
1603
1604
1605
1606
1607
1608
1609
1610
1611
1612
1613
1614
1615
1616
1617
1618
1619
1620
1621
1622
1623
1624
1625
1626
1627
1628
1629
1630
1631
1632
1633
1634
1635
1636
1637
1638
1639
1640
1641
1642
1643
1644
1645
1646
1647
1648
1649
1650
1651
1652
1653
1654
1655
1656
1657
1658
1659
1660
1661
1662
1663
1664
1665
1666
1667
1668
1669
1670
1671
1672
1673
1674
1675
1676
1677
1678
1679
1680
1681
1682
1683
1684
1685
1686
1687
1688
1689
1690
1691
1692
1693
1694
1695
1696
1697
1698
1699
1700
1701
1702
1703
1704
1705
1706
1707
1708
1709
1710
1711
1712
1713
1714
1715
1716
1717
1718
1719
1720
1721
1722
1723
1724
1725
1726
1727
1728
1729
1730
1731
1732
1733
1734
1735
1736
1737
1738
1739
1740
1741
1742
1743
1744
1745
1746
1747
1748
1749
1750
1751
1752
1753
1754
1755
1756
1757
1758
1759
1760
1761
1762
1763
1764
1765
1766
1767
1768
1769
1770
1771
1772
1773
1774
1775
1776
1777
1778
1779
1780
1781
1782
1783
1784
1785
1786
1787
1788
1789
1790
1791
1792
1793
1794
1795
1796
1797
1798
1799
1800
1801
1802
1803
1804
1805
1806
1807
1808
1809
1810
1811
1812
1813
1814
1815
1816
1817
1818
1819
1820
1821
1822
1823
1824
1825
1826
1827
1828
1829
1830
1831
1832
1833
1834
1835
1836
1837
1838
1839
1840
1841
1842
1843
1844
1845
1846
1847
1848
1849
1850
1851
1852
1853
1854
1855
1856
1857
1858
1859
1860
1861
1862
1863
1864
1865
1866
1867
1868
1869
1870
1871
1872
1873
1874
1875
1876
1877
1878
1879
1880
1881
1882
1883
1884
1885
1886
1887
1888
1889
1890
1891
1892
1893
1894
1895
1896
1897
1898
1899
1900
1901
1902
1903
1904
1905
1906
1907
1908
1909
1910
1911
1912
1913
1914
1915
1916
1917
1918
1919
1920
1921
1922
1923
1924
1925
1926
1927
1928
1929
1930
1931
1932
1933
1934
1935
1936
1937
1938
1939
1940
1941
1942
1943
1944
1945
1946
1947
1948
1949
1950
1951
1952
1953
1954
1955
1956
1957
1958
1959
1960
1961
1962
1963
1964
1965
1966
1967
1968
1969
1970
1971
1972
1973
1974
1975
1976
1977
1978
1979
1980
1981
1982
1983
1984
1985
1986
1987
1988
1989
1990
1991
1992
1993
1994
1995
1996
1997
1998
1999
2000
2001
2002
2003
2004
2005
2006
2007
2008
2009
2010
2011
2012
2013
2014
2015
2016
2017
2018
2019
2020
2021
2022
2023
2024
2025
2026
2027
2028
2029
2030
2031
2032
2033
2034
2035
2036
2037
2038
2039
2040
2041
2042
2043
2044
2045
2046
2047
2048
2049
2050
2051
2052
2053
2054
2055
2056
2057
2058
2059
2060
2061
2062
2063
2064
2065
2066
2067
2068
2069
2070
2071
2072
2073
2074
2075
2076
2077
2078
2079
2080
2081
2082
2083
2084
2085
2086
2087
2088
2089
2090
2091
2092
2093
2094
2095
2096
2097
2098
2099
2100
2101
2102
2103
2104
2105
2106
2107
2108
2109
2110
2111
2112
2113
2114
2115
2116
2117
2118
2119
2120
2121
2122
2123
2124
2125
2126
2127
2128
2129
2130
2131
2132
2133
2134
2135
2136
2137
2138
2139
2140
2141
2142
2143
2144
2145
2146
2147
2148
2149
2150
2151
2152
2153
2154
2155
2156
2157
2158
2159
2160
2161
2162
2163
2164
2165
2166
2167
2168
2169
2170
2171
2172
2173
2174
2175
2176
2177
2178
2179
2180
2181
2182
2183
2184
2185
2186
2187
2188
2189
2190
2191
2192
2193
2194
2195
2196
2197
2198
2199
2200
2201
2202
2203
2204
2205
2206
2207
2208
2209
2210
2211
2212
2213
2214
2215
2216
2217
2218
2219
2220
2221
2222
2223
2224
2225
2226
2227
2228
2229
2230
2231
2232
2233
2234
2235
2236
2237
2238
2239
2240
2241
2242
2243
2244
2245
2246
2247
2248
2249
2250
2251
2252
2253
2254
2255
2256
2257
2258
2259
2260
2261
2262
2263
2264
2265
2266
2267
2268
2269
2270
2271
2272
2273
2274
2275
2276
2277
2278
2279
2280
2281
2282
2283
2284
2285
2286
2287
2288
2289
2290
2291
2292
2293
2294
2295
2296
2297
2298
2299
2300
2301
2302
2303
2304
2305
2306
2307
2308
2309
2310
2311
2312
2313
2314
2315
2316
2317
2318
2319
2320
2321
2322
2323
2324
2325
2326
2327
2328
2329
2330
2331
2332
2333
2334
2335
2336
2337
2338
2339
2340
2341
2342
2343
2344
2345
2346
2347
2348
2349
2350
2351
2352
2353
2354
2355
2356
2357
2358
2359
2360
2361
2362
2363
2364
2365
2366
2367
2368
2369
2370
2371
2372
2373
2374
2375
2376
2377
2378
2379
2380
2381
2382
2383
2384
2385
2386
2387
2388
2389
2390
2391
2392
2393
2394
2395
2396
2397
2398
2399
2400
2401
2402
2403
2404
2405
2406
2407
2408
2409
2410
2411
2412
2413
2414
2415
2416
2417
2418
2419
2420
2421
2422
2423
2424
2425
2426
2427
2428
2429
2430
2431
2432
2433
2434
2435
2436
2437
2438
2439
2440
2441
2442
2443
2444
2445
2446
2447
2448
2449
2450
2451
2452
2453
2454
2455
2456
2457
2458
2459
2460
2461
2462
2463
2464
2465
2466
2467
2468
2469
2470
2471
2472
2473
2474
2475
2476
2477
2478
2479
2480
2481
2482
2483
2484
2485
2486
2487
2488
2489
2490
2491
2492
2493
2494
2495
2496
2497
2498
2499
2500
2501
2502
0.014418 0.0563 -0.019482
0.020821 -0.000813 -0.022321
-0.021385 0.017142 -0.010175
-0.027761 0.015966 -0.008409999999999999
-0.02877 0.017973 -0.0009460000000000001
-0.002588 0.013684 0.002433
-0.0154 0.000709 0.010534
-0.025815 0.014463 0.010932
0.017199 -0.006712 0.005022
-0.011138 -0.002644 0.045821
0.023004 0.056875 0.044736
0.029551 -0.002955 0.043424
0.018152 0.07410800000000001 0.029018
-0.032681 0.018345 0.001372
-0.016129 0.017877 0.011791
-0.04287000000000001 0.06684899999999999 0.032798
0.02135100000000001 0.062014 0.046316
-0.035372 0.020375 0.050566
-0.042747 0.021923 0.039702
0.014916 0.06371300000000001 -0.016754
-0.011615 0.002119 0.048626
-0.036814 0.07006200000000001 0.049084
0.021507 0.01565 -0.021458
-0.03131800000000001 0.018496 -0.013092
-0.038762 0.023728 -0.013448
-0.015822 0.017175 -0.012589
-0.00389 0.07389200000000001 -0.012577
-0.003041 0.014258 -0.003063
0.023363 0.009988 -0.008466
-0.007547 -0.002114 0.004585000000000001
-0.031134 0.07443300000000001 0.00017
0.010862 -0.006641 -0.001442
-0.02912 0.015513 0.008730999999999999
-0.026372 0.011186 0.013133
-0.004949 0.010546 0.01222
0.02698500000000001 -0.007384 0.020236
0.030067 -0.004551 0.03996
0.023054 0.052969 0.045999
-0.018777 0.005706 0.047156
0.007061 -0.006673999999999999 0.046367
0.026659 -0.005803000000000001 0.044028
-0.04492699999999999 0.033869 0.05251600000000001
-0.030419 0.017267 0.00481
-0.014675 0.021285 0.00622
0.023027 0.048882 0.046415
-0.042789 0.033756 -0.011656
-0.04062900000000001 0.030798 -0.014136
0.0008520000000000001 0.07173500000000002 -0.015377
-0.008677000000000001 0.001631 0.010585
0.024684 0.04536399999999999 0.04513200000000001
0.027819 0.021478 0.04386200000000001
-0.03471 0.06699200000000001 0.05256
0.007978000000000001 -0.006606 -0.016094
0.000727 -0.007057 -0.001649
0.029916 0.008914999999999999 0.041963
-0.028099 0.07230200000000001 0.05173800000000001
0.012045 0.063787 -0.018273
-0.033789 0.016486 0.024906
-0.002948000000000001 0.00365 -0.014717
0.023855 0.001276 0.005324
0.0217 -0.001257 0.003979000000000001
-0.007143000000000001 -0.003513 0.04703300000000001
-0.046702 0.03424 0.05081300000000001
-0.031345 0.05863200000000001 -0.015292
-0.021652 0.018181 -0.014118
-0.018366 0.027023 -0.017006
0.016894 0.043767 -0.020122
0.023431 0.002799 -0.021606
-0.003518 -0.00297 -0.002508
-0.004269 -0.001381 0.000212
-0.019246 0.07737000000000001 -0.001167
-0.005166 0.0008990000000000001 0.007489000000000001
-0.041703 0.022677 0.020472
-0.031515 0.07557600000000002 0.042483
-0.045433 0.024464 0.038828
0.009370000000000002 -0.008227 0.044717
0.026627 0.014424 0.046
-0.041456 0.02797 0.05300100000000001
0.022935 0.017148 -0.018616
0.020159 0.006338 -0.022759
0.023346 0.019175 -0.013929
-0.026776 0.011779 0.04139300000000001
0.021499 0.000401 -0.022775
0.021742 0.025391 -0.018449
0.002122 -0.004273999999999999 -0.016642
0.018295 0.012323 -0.022372
0.013558 -0.002358 -0.021125
-0.030783 0.061721 -0.014022
-0.041744 0.045628 -0.013303
-0.005629 0.07022400000000002 -0.01624
0.016579 0.06584899999999999 -0.010278
-0.037893 0.063046 -0.006299
-0.044503 0.05385900000000001 -0.0006210000000000001
-0.014234 -0.001913 0.010392
-0.010201 -0.00371 0.007890000000000001
0.025698 -0.005512 0.011206
-0.04283000000000001 0.0228 0.027598
-0.041716 0.022623 0.050757
-0.037993 0.06674600000000001 0.05130100000000001
0.021413 0.056202 0.047101
0.010214 0.075447 0.046996
0.015542 -0.003621 -0.020034
-0.008177 0.016348 -0.009016000000000001
0.018299 0.050243 -0.016693
0.016984 0.058481 -0.017221
0.023884 0.00709 -0.018825
-0.031788 0.06667100000000001 -0.008776000000000001
-0.030531 0.017666 -0.001379
0.023908 0.015848 -0.007144
-0.004347 -0.007203 0.007943
-0.042694 0.067972 0.014064
0.023637 -0.008979000000000001 0.018407
-0.043481 0.023771 0.025818
-0.024866 0.008707999999999999 0.031447
0.00078 -0.009754000000000001 0.02711
0.029569 -0.000775 0.031536
0.02599 0.03355300000000001 0.04498699999999999
0.028861 0.012467 0.044603
-0.033367 0.032363 -0.016318
-0.00664 0.00108 0.009138
-0.04538499999999999 0.029009 0.020578
0.014485 -0.004331 -0.015667
-0.006595 0.070899 -0.015488
-0.011414 0.01836800000000001 -0.008635
-0.029781 0.07686500000000002 0.003405
-0.024256 0.016313 0.051069
-0.023164 0.046539 -0.017454
0.004953 -0.007549 -0.006213
-0.009046000000000002 0.014222 -0.015655
0.002702 -0.006137 -0.014578
0.024547 0.034644 0.04631300000000001
0.0009270000000000001 0.07394400000000001 -0.013123
0.024417 0.04851200000000001 0.04381300000000001
-0.010464 0.06791899999999999 -0.016797
-0.002073 -0.003284 -0.009091
0.018832 0.07069700000000001 0.023729
0.024971 -0.009142000000000001 0.037919
-0.002514 0.07579000000000002 0.04869800000000001
0.001232 -0.006909999999999999 0.04656
-0.038238 0.02309 0.05203000000000001
0.028575 -0.00255 0.044659
-0.024974 0.008017 0.018866
-0.016595 0.07426300000000002 0.050588
-0.043645 0.040008 -0.009957000000000001
-0.010226 0.07252700000000001 0.050911
0.012116 0.009282000000000002 -0.021674
-0.001983 -0.008926 0.036575
0.020204 0.058464 0.011693
0.003909 0.030361 -0.020293
0.016879 0.048932 -0.019303
-0.042784 0.05064300000000001 0.05313400000000001
0.010018 0.07772800000000002 0.007814
0.030561 -0.000174 0.038275
-0.027748 0.056447 -0.016569
0.014497 0.03821 -0.021125
0.025929 -0.007738 0.01644
-0.04438399999999999 0.06335399999999999 0.013402
-0.028859 0.016006 -0.010914
0.023786 0.012228 -0.012631
-0.009008 0.07506500000000002 0.04953300000000001
-0.046179 0.031396 0.025238
0.009404000000000001 -0.008062 0.002026
0.030561 0.0009620000000000002 0.042525
-0.001453 0.002967 -0.007428000000000001
0.017972 0.03863100000000001 -0.020281
0.022777 0.000365 -0.022501
0.021068 0.026085 -0.01990400000000001
0.021649 0.022987 -0.019857
0.00302 0.07496100000000001 -0.010105
0.011851 0.07060100000000001 -0.012167
0.013004 0.070118 -0.011773
0.021784 0.005416 -0.010277
-0.001877 0.008542000000000001 -0.007038
-0.001662 0.011746 -0.003099
0.013674 -0.004605 -0.001113
-0.027571 0.018329 0.005453
-0.018464 0.004518 0.01236
-0.01574 0.002865 0.011664
-0.042689 0.025282 0.011471
-0.005763000000000001 0.009737000000000001 0.012805
0.026462 -0.006143000000000001 0.014119
0.025871 -0.006963 0.014124
0.015807 0.07662600000000003 0.030878
0.018069 0.07342600000000002 0.024402
0.01688 0.07506900000000001 0.044073
0.015536 0.07523100000000002 0.045256
-0.04268 0.025312 0.05239200000000001
-0.045129 0.031502 0.052421
-0.046032 0.03411400000000001 0.05177900000000001
0.016626 0.073479 0.046792
0.015413 0.07229000000000002 0.04784
-0.014983 0.000487 0.04520399999999999
0.008984000000000001 -0.007388 -0.00183
0.008218 -0.007834000000000001 -0.000243
-0.03709 0.044523 -0.015655
0.014473 -0.003247 -0.020653
-0.035209 0.019322 -0.008801
-0.03353900000000001 0.018145 -0.009951
0.025304 0.009420999999999999 0.006436
-0.028597 0.014017 0.01076
-0.004333 0.010999 0.01131
-0.015928 -0.001327 0.011791
-0.019335 0.000833 0.016788
-0.00501 0.07412300000000002 0.050194
-0.009686000000000002 0.074117 0.050282
0.022896 -0.007169000000000001 0.009467999999999999
0.022785 -0.005989 0.007803000000000001
-0.003773 -0.005992 0.003006
-0.000253 -0.007321 0.001939
-0.046148 0.049557 0.016185
0.018869 0.07227500000000002 0.045774
0.017704 0.07290600000000001 0.046594
-0.020309 0.008096000000000001 0.04811600000000001
0.023243 0.01735 -0.016646
0.009214000000000002 -0.000509 -0.020631
0.009695 0.07158500000000001 -0.012455
-0.002436 0.07802200000000002 0.002175
0.029392 -0.003442 0.031147
0.016506 0.07589100000000001 0.024418
0.024223 0.015795 -0.002342
0.006384 -0.010051 0.039644
-0.046525 0.026641 0.05001000000000001
-0.038357 0.02412 -0.014072
-0.017795 0.02168 -0.001543
-0.015773 0.021341 -0.003659
0.01958500000000001 0.003096 -0.006952
0.02124 0.005367 -0.006715
0.009454000000000001 -0.005768000000000001 -0.01825
-0.012296 0.015869 -0.014492
-0.015657 0.017371 -0.014722
-0.038352 0.07489200000000001 0.014633
-0.002384 0.006547000000000001 -0.009063
-0.03923 0.029517 -0.015061
-0.040355 0.04522 -0.01445
0.01518 0.05822 -0.018908
0.01299 0.06004 -0.019277
0.013389 0.06304899999999999 -0.01816
0.020959 -0.001374 -0.021795
-0.001977 0.071427 -0.015716
-0.041782 0.050468 -0.011816
0.002599 0.07311500000000001 -0.013688
-0.017926 0.017414 -0.011428
0.014467 -0.003364 -0.011417
-0.006258 0.018014 -0.003733
-0.005582 -0.0026 0.00129
-0.0009260000000000002 0.010829 0.0005110000000000001
-0.002726 0.014298 -0.000225
-0.029309 0.01785 0.003792
0.009407 -0.007013999999999999 -0.003264
-0.009072000000000002 -0.002592 0.005637
-0.006048 0.012667 -0.017096
-0.002702 0.012547 0.005859
-0.039383 0.0238 0.003679
-0.012516 0.020897 0.006233999999999999
0.02372 0.00396 0.004158
-0.023736 0.010284 0.012404
-0.016857 0.008345 0.014028
-0.024103 0.012957 0.011862
-0.023139 0.014729 0.011524
-0.011878 0.01948800000000001 0.008846000000000001
-0.013299 0.019727 0.009105
-0.03443 0.07625500000000002 0.008609
-0.025267 0.011159 0.012341
-0.007104 0.002384 0.010799
0.025264 0.006292 0.006831
-0.009373000000000001 0.004267 0.012313
-0.011781 0.017966 0.011368
0.025796 0.007199000000000001 0.008617999999999999
0.025927 0.009017000000000001 0.009344000000000002
-0.017805 0.011186 0.014168
0.027227 -0.006478 0.017854
0.017188 0.075589 0.028554
0.027777 -0.008085 0.035307
0.02786 -0.007698 0.040207
-0.04362100000000001 0.022776 0.048799
-0.008815 -0.003575 0.046321
0.028818 -0.006745 0.040501
0.028394 -0.006518 0.04195
-0.02487 0.012838 0.04853900000000001
0.022799 -0.007604 0.04363200000000001
0.017677 -0.008578000000000001 0.04389300000000001
0.021999 -0.008560999999999999 0.042383
0.026873 0.028077 0.044642
0.023889 0.045251 0.046281
0.024508 0.04337300000000001 0.046041
0.004161000000000001 -0.007646 0.045877
0.006837 -0.007718 0.04563200000000001
-0.01004 -0.001956 0.047164
0.030033 -0.0007260000000000001 0.043546
0.029312 -0.001416 0.044249
0.026536 0.026998 0.04563
-0.014746 0.07546800000000001 0.049272
0.015605 0.049523 -0.01995400000000001
-0.009489000000000001 -0.00177 0.006772
-0.013853 0.005494 0.013332
-0.011173 0.014164 0.013954
0.02643 -0.007995 0.021101
-0.029385 0.017367 0.005559
0.027598 -0.006384 0.042895
0.015682 0.05338 -0.019396
0.011454 0.076407 -0.002486
-0.014231 0.018923 0.010568
0.029498 -0.005436 0.04123
0.019547 -0.002534 -0.019559
-0.002384 0.000635 -0.01465
-0.010433 -0.002527 0.007125
-0.012002 0.016954 -0.011081
0.021458 0.006386 -0.022537
0.020318 0.012507 -0.022202
-0.029062 0.016433 -0.012025
0.020395 0.021036 -0.021335
0.017683 0.020517 -0.021844
-0.00596 0.062352 -0.018559
-0.002121 0.066952 -0.017945
-0.023115 0.067107 -0.013688
-0.027045 0.06313500000000001 -0.014921
0.017712 0.045055 -0.019393
0.017569 0.050062 -0.01838800000000001
-0.043406 0.036915 -0.010622
-0.04311100000000001 0.039195 -0.011969
-0.039989 0.023652 -0.008842000000000001
-0.030695 0.017041 -0.011715
0.01959 -0.001913 -0.016963
0.01839500000000001 -0.002823 -0.017577
0.020605 -0.0009280000000000001 -0.016826
0.01586 0.07126300000000002 -0.004474
-0.040345 0.024648 -0.003175
-0.031496 0.017898 0.0009440000000000001
-0.011005 0.021322 0.001057
-0.008546000000000002 -0.005277 0.008626
-0.007723000000000001 -0.003708 0.004646
0.016464 -0.007536999999999999 0.005812
0.014324 -0.007364 0.004124
0.015585 -0.006518 0.003728
0.024727 0.007611 0.004891
-0.029195 0.01278 0.015939
-0.011159 -0.004402000000000001 0.011134
-0.026821 0.010434 0.015568
-0.021364 0.005318 0.012788
-0.022603 0.005375 0.015035
-0.044269 0.06541699999999999 0.020627
0.02635100000000001 -0.008335 0.040431
-0.04693 0.028504 0.05009300000000001
0.021469 0.064748 0.044773
-0.037206 0.01992500000000001 0.048263
0.019861 0.071052 0.045122
-0.043595 0.023711 0.050674
-0.018158 0.011392 0.050526
-0.014513 0.004985 0.04930200000000001
-0.04385800000000001 0.05066300000000001 0.05265700000000001
0.020354 0.06656500000000001 0.046305
0.018473 0.07439300000000001 0.042263
0.014779 0.07666900000000001 0.008732999999999999
-0.036279 0.018137 0.029293
-0.047364 0.03215800000000001 0.04883300000000001
-0.04343200000000001 0.029156 0.003209
0.023878 0.020772 -0.005229
-0.036602 0.062337 -0.00868
0.017781 0.06379300000000002 -0.006732
-0.012774 0.07692200000000002 -0.004454
0.023773 0.017619 -0.009812000000000001
0.001786 0.06367300000000001 -0.018711
-0.028454 0.011971 0.024967
-0.029406 0.013152 0.031089
0.025611 -0.00703 0.043251
-0.038952 0.03328399999999999 -0.015481
-0.039928 0.036571 -0.015257
0.006696 -0.007572 -0.006098
-0.024983 0.008233000000000001 0.015522
0.02224599999999999 0.006957 -0.007991
-0.029202 0.07647000000000001 0.04048399999999999
-0.045236 0.059915 0.040605
-0.008334000000000001 -0.001718 0.04776
-0.025139 0.015785 -0.011159
-0.007811 0.003806 0.049223
-0.02043 0.017043 0.011036
-0.001147 0.073813 -0.013389
-7.1e-05 0.004743000000000001 -0.000647
-0.026878 0.014587 0.048797
-0.045742 0.03964 0.05255700000000001
0.0232 0.041218 0.046936
-0.045616 0.047708 0.05173000000000001
-0.039741 0.07208400000000001 0.011438
-0.03933 0.049909 -0.014449
0.017083 -0.001103 -0.011464
-0.033076 0.07356900000000001 0.0009760000000000001
-0.002201 0.0004550000000000001 -0.001643
0.021217 -0.006016 0.006633999999999999
-0.002054 -0.007079 0.003876
-0.002219 -0.008136000000000001 0.009808000000000001
-0.011464 -0.000105 0.009107000000000001
-0.009478 0.016738 0.011352
-0.043595 0.025448 0.018017
-0.024204 0.007246 0.022823
0.022964 -0.009636000000000002 0.03605
0.023227 -0.009573000000000002 0.031772
0.028121 0.017283 0.044615
0.027389 0.017521 0.04540499999999999
-0.022017 0.013608 0.05053800000000001
-0.027832 0.018076 0.05135300000000001
-0.03463500000000001 0.027726 -0.01584
0.023295 0.004286 -0.021926
0.023373 0.005887000000000001 -0.021247
-0.019613 0.016891 0.05132300000000001
-0.04168 0.03346399999999999 -0.013538
-0.042155 0.03286 -0.012712
-0.028061 0.03540699999999999 -0.016787
0.019064 0.067054 0.016082
0.026882 0.002493 0.012562
0.020966 0.067315 0.039068
-0.044651 0.06273600000000001 0.03417900000000001
-0.043926 0.06312200000000001 0.04081000000000001
-0.027179 0.06979600000000002 -0.008782999999999999
0.007721 -0.010084 0.01897500000000001
-0.042578 0.057272 0.05233400000000001
0.025495 0.039053 0.044998
-0.04365800000000001 0.05314100000000001 -0.004749000000000001
-0.03933300000000001 0.052701 -0.013599
0.014212 0.06523900000000001 -0.016151
0.023148 0.000513 -0.02168
0.023479 0.001717 -0.02132
0.022352 -0.000267 -0.019657
-0.011427 0.019888 -0.005853000000000001
-0.040666 0.025208 0.002174
0.001646 -0.008239000000000002 0.004601
-0.00116 -0.008842000000000001 0.014023
-0.045433 0.0602 0.016748
-0.034075 0.07725600000000002 0.021381
-0.031708 0.07743900000000001 0.025857
0.014167 0.07705400000000001 0.023044
-0.03662 0.018727 0.042667
-0.045822 0.024789 0.04225300000000001
0.028846 0.016805 0.041883
0.001188 -0.009133 0.04195
-0.046668 0.039498 0.05133200000000001
-0.029136 0.016884 0.049848
-0.04296 0.029791 0.052965
0.011526 0.07244400000000001 0.048555
0.01731 0.07567600000000002 0.032068
0.0009880000000000002 -0.00548 0.047336
-0.036154 0.06250500000000001 0.05323900000000001
0.019164 0.036197 -0.019871
0.013615 0.07603100000000002 0.044572
-0.027412 0.05853800000000001 -0.016338
-0.01879 0.062195 -0.017259
0.00253 0.005439 -0.018921
0.000131 0.002643 -0.017394
0.017667 -0.001147 -0.022124
0.020937 0.003963 -0.022949
-0.020247 0.021579 -0.015801
0.019019 0.03013 -0.021043
-0.039069 0.03872 -0.015543
-0.039855 0.027163 -0.014073
0.008044000000000001 0.07532800000000001 -0.007282
-0.010355 0.020401 -0.003962
-0.024684 0.07714500000000002 0.000114
-0.027006 0.07777300000000002 0.004284
-0.031615 0.07676000000000002 0.005144
-0.029792 0.07577000000000002 0.001063
-0.031669 0.07719700000000002 0.007106
0.02276 0.007547 -0.002204
-0.004673999999999999 0.004457 0.010271
-0.033412 0.07702800000000001 0.010364
-0.015014 0.008720999999999998 0.014385
-0.004855 0.007273999999999999 0.01173
0.024777 -0.008322 0.016023
-0.007715 -0.007003000000000001 0.017802
-0.03568399999999999 0.07682700000000001 0.019764
0.01846 0.07038899999999999 0.01778
0.024226 -0.009230000000000002 0.027671
0.018767 0.07415100000000001 0.035115
0.029808 -0.00531 0.03778499999999999
0.02944 -0.006265 0.038479
-0.046147 0.047861 0.05060300000000001
0.028939 0.010528 0.04472399999999999
0.002028 -0.0043 0.04763700000000001
-0.012209 0.000827 0.04793
-0.018944 0.008927999999999998 0.049728
0.02541 0.028219 0.046351
-0.012667 0.07361000000000001 0.050772
-0.031399 0.023878 0.05268
-0.010936 0.015724 0.013435
0.019633 -0.002125 -0.02109
-0.035873 0.07365100000000001 0.03960900000000001
-0.039165 0.055314 0.05345300000000001
0.024347 -0.001054 0.0461
0.014327 0.05096 -0.020192
0.019287 0.04310900000000001 -0.017692
0.00387 -0.006445 -0.015442
-0.046247 0.042574 0.017672
-0.000874 0.001798 0.04874
-0.004418 0.007904000000000001 0.049558
-0.0004730000000000001 0.069439 0.050567
0.010021 -0.010303 0.026108
-0.009311 0.07819800000000002 0.002588
0.013224 -0.008304000000000001 0.044657
-0.016291 0.022538 0.051526
-0.006543000000000001 0.07549700000000001 -0.008525
0.00476 -0.008460999999999998 0.003087
0.000221 -0.009540000000000002 0.03529599999999999
-0.020941 0.016777 -0.01213
0.025545 0.00263 0.007837999999999999
0.024765 -0.001511 0.007299
-0.027209 0.07652000000000002 0.000282
0.024846 -0.004603 0.008710999999999998
0.007711 -0.007273999999999999 -0.008962999999999999
-0.023342 0.07806900000000001 0.003952000000000001
-0.041571 0.023023 0.017013
0.024916 0.044096 0.03683
0.026277 0.019706 0.046137
0.01949 0.016677 -0.022054
0.02134 -0.009309000000000001 0.016586
0.017241 0.07387600000000001 0.011721
-0.038318 0.06526800000000001 0.051955
0.011584 0.04185300000000001 -0.020865
0.010678 0.033764 -0.021028
-0.021477 0.05661300000000001 -0.017426
-0.044174 0.04711000000000001 -0.005683000000000001
-0.044876 0.042096 -0.000704
0.023126 0.05481900000000001 0.03569
-0.008133 0.017456 0.05051200000000001
-0.015448 0.06785899999999999 0.05193200000000001
-0.004351 0.06959000000000001 -0.016801
-0.013157 0.07711400000000002 0.043263
-0.030838 0.01409 0.021044
-0.002468000000000001 0.07463300000000002 0.049668
0.029332 0.002767 0.030588
0.022223 0.03640499999999999 -0.003884
-0.036048 0.030686 0.053166
0.020848 0.032301 -0.018628
-0.010721 0.068854 -0.016124
-0.008152 0.019919 -0.0009870000000000002
-0.045015 0.05954 0.010935
-0.040369 0.020486 0.039735
-0.042687 0.02195100000000001 0.036256
-0.003907 -0.008116 0.03985200000000001
0.016116 0.013424 0.04792
-0.042252 0.035534 0.05327100000000001
0.018571 0.052685 0.048149
-0.036834 0.065362 0.05251700000000001
0.016055 0.06417500000000001 0.04851200000000001
-0.04407 0.050475 -0.004798
-0.022821 0.07836400000000002 0.009672000000000002
-0.043736 0.033978 -0.006785
0.019979 0.06419400000000001 0.020464
0.005293 0.077988 0.014404
0.00383 0.002219 0.048463
0.022426 0.024443 -0.015884
-0.032086 0.07742100000000002 0.010424
0.016583 0.03846699999999999 0.04843
0.014909 0.030614 0.04854
0.000444 0.020691 -0.019539
0.008980999999999999 0.016076 -0.021041
-0.008704999999999999 0.019144 -0.017575
-0.008522999999999999 0.07761700000000001 0.036276
-0.031851 0.07626200000000002 0.03617
0.024861 0.019539 0.006147000000000001
0.021047 0.06553300000000001 0.045511
0.009809000000000002 -0.007111 0.045776
-0.004942 0.016952 -0.002693
0.022937 0.00271 -0.022326
-0.04646599999999999 0.05370900000000001 0.04355900000000001
-0.012364 -0.001739 0.008557
0.018619 0.06967100000000001 0.047258
-0.007406 0.029328 -0.018682
-0.035614 0.04060200000000001 0.05339200000000001
-0.040568 0.06402100000000001 -3.900000000000001e-05
-0.03193 0.015429 0.03661300000000001
-0.01289 -0.00381 0.03387300000000001
0.02677 0.016846 0.021155
-0.033283 0.051234 0.053421
-0.011657 0.07807500000000002 0.0251
-0.010059 0.05413300000000001 0.051597
0.026731 -0.003329 0.012261
-0.009348 0.020515 -0.001902
0.012466 0.052914 0.049146
-0.022982 0.03381300000000001 0.052482
-0.03142 0.016847 0.006693999999999999
0.023135 0.001267 -0.022467
0.020415 0.027725 -0.020422
0.018031 -0.008435 0.00874
-0.009137000000000001 0.014309 -0.012952
-0.000515 -0.006483000000000001 -0.001925
-0.004718 -0.003948 2.3e-05
-0.002795 0.003074 -0.011273
-0.001611 0.001064 -0.004053
-0.005344 -0.00329 0.0006960000000000001
-0.004509000000000001 0.007572 -0.0127
0.021558 0.02068 -0.020585
-0.000253 -0.00398 -0.014188
-0.040708 0.025904 -0.011994
0.0109 0.068967 -0.01473
0.006662 0.07345 -0.011469
-0.00282 0.010928 -0.006888000000000001
-0.001659 0.010429 -0.004894
-0.026322 0.018444 0.006454
-0.017897 0.003034 0.011798
-0.007392 0.010652 0.013338
-0.005773 0.01123 0.012633
0.01565 0.07669100000000002 0.032736
0.014271 0.07706100000000002 0.031709
0.017229 0.074327 0.045202
-0.045057 0.025503 0.051201
-0.04577999999999999 0.032124 0.05202900000000001
0.024638 0.038682 0.046314
-0.012914 -0.001368 0.045621
-0.033066 0.018167 -0.011536
0.010363 -0.007582 0.001259
0.01666 0.04616 -0.02001
0.015389 0.04360900000000001 -0.02066
-0.033847 0.050979 -0.015899
-0.03206 0.049586 -0.01632
0.012886 -0.003531 -0.020435
-0.036689 0.020565 -0.00781
-0.03355 0.018216 -0.007573999999999999
0.020128 0.003064 -0.009917
-0.00545 0.077487 -0.00331
0.014269 -0.004971 0.000382
-0.002685 0.008759999999999999 0.008522999999999999
-0.019738 0.006164 0.012703
-0.02097 0.005854 0.012649
0.025131 0.011481 0.005293999999999999
-0.028794 0.013551 0.011749
-0.005123000000000001 0.012811 0.010881
-0.019059 0.0006850000000000001 0.015055
-0.04061300000000001 0.072389 0.023682
-0.009811 -0.004921 0.042506
-0.039273 0.022404 0.05130200000000001
-0.045827 0.04959 0.008830000000000001
-0.000308 -0.004765 -0.011766
-0.019261 0.002087 0.030974
0.023711 0.011748 -0.017716
0.010571 0.000734 -0.021121
0.013882 0.000102 -0.021924
0.006185 0.07156600000000002 -0.014129
0.01777 0.07151 0.009775000000000001
0.024195 0.013295 -0.001704
0.009995 -0.009627 0.042028
-0.045927 0.024998 0.04901100000000001
0.004328 0.07646500000000002 0.046649
-0.013901 0.01648 -0.01368
-0.015596 0.01707 -0.014183
-0.001101 0.006737 -0.006397
0.022572 0.008754 -0.021692
-0.034496 0.022561 -0.014883
-0.040057 0.033425 -0.014946
0.01457 0.061194 -0.018611
-0.033202 0.019729 -0.013648
-0.04259 0.050834 -0.009875000000000002
-0.0401 0.024168 -0.011163
0.022951 0.002355 -0.017141
-0.028998 0.015991 -0.009364000000000001
0.014575 -0.003863 -0.013534
-0.006406 0.016597 -0.006448000000000001
-0.001724 0.012611 0.00027
-0.001133 0.011281 -0.001296
0.01783 0.05965700000000001 -0.012375
-0.019772 0.021329 0.001615
-0.042418 0.027614 -0.001269
-0.035135 0.020078 -0.000798
0.009886000000000002 -0.006580000000000001 -0.005102000000000001
-0.003339 0.007978000000000001 -0.016898
-0.005215999999999999 0.009365 -0.016159
-0.002077 0.011036 0.006048
0.006903 -0.008240000000000001 0.001218
0.015943 0.07536200000000001 0.005549999999999999
0.016226 0.073977 0.002856
0.016926 0.07352300000000002 0.006668
-0.020816 0.007718 0.012817
-0.022235 0.00869 0.01264
-0.021866 0.009871000000000001 0.012725
-0.027235 0.013614 0.01116
-0.036737 0.075089 0.01038
-0.023873 0.008728999999999999 0.01278
-0.015214 -0.001006 0.010606
0.024628 -0.005559 0.009289000000000002
-0.011782 0.005271 0.013137
-0.008097999999999999 0.014424 0.012266
-0.01223 0.011284 0.014496
-0.015222 0.011904 0.014545
0.015917 0.07613400000000002 0.017948
0.028688 -0.007415 0.038048
-0.007723000000000001 -0.005221 0.04501
-0.007819 -0.005907 0.04300900000000001
-0.005818 -0.00502 0.046503
-0.009822000000000001 0.07636000000000001 0.047314
-0.046127 0.027498 0.05119100000000001
0.01948500000000001 -0.008928999999999999 0.042847
0.026145 0.031206 0.045427
0.028214 0.002866 0.045317
0.026135 0.028807 0.045795
0.018322 0.059781 0.048188
-0.028377 0.073508 0.050747
0.015165 0.047542 -0.020371
0.014198 0.07639200000000002 0.001959
-0.010196 0.011141 0.014124
0.010019 0.07679400000000003 -0.002126
-0.007621 -0.001401 0.005778
0.018731 -0.002518 0.002223
-0.025813 0.016844 -0.01305
0.017934 0.029313 -0.021354
-0.011236 0.063373 -0.018035
-0.018242 0.065429 -0.016505
0.002384 0.06642000000000001 -0.017988
-0.040759 0.05377100000000001 -0.011432
-0.026734 0.065071 -0.013669
0.001887 0.07068200000000001 -0.016001
0.008624 0.067611 -0.016689
-0.043063 0.037811 -0.012061
-0.021243 0.068854 -0.01284
-0.03865200000000001 0.022126 -0.010732
0.023491 0.009399000000000001 -0.02016
0.017032 -0.002947 -0.015548
-0.027599 0.015592 -0.010216
0.020779 0.001041 -0.014396
0.01931500000000001 0.000458 -0.012869
0.014858 -0.002302 -0.007884
0.014658 0.07412100000000002 -0.003292
0.015229 0.07287300000000001 -0.003926
-0.030353 0.017777 0.0002630000000000001
-0.029138 0.017653 -0.001821
-0.038271 0.022754 -0.001529
-0.04503 0.051928 0.001297
0.019863 0.002951 -0.002747
-0.02338 0.019133 0.006986
-0.006501000000000001 -0.005527 0.005913999999999999
-0.007629 -0.004766 0.006026
0.012645 0.07746800000000001 0.010902
0.011541 0.07747000000000001 0.00457
-0.028771 0.012648 0.014254
-0.00502 -0.007622 0.012099
-0.014553 -0.002424 0.011633
-0.020132 0.012982 0.013151
-0.029006 0.012463 0.017642
-0.013472 0.013453 0.014353
-0.04155 0.069078 0.032389
-0.04696699999999999 0.026689 0.048022
0.022389 0.06085 0.04319900000000001
-0.032936 0.07246400000000001 0.049741
0.026741 -0.003337 0.045289
-0.043549 0.05294 0.05251500000000001
0.022483 0.00406 0.001945
-0.042826 0.028459 -0.003155
0.015888 0.07574800000000001 0.008872000000000001
0.030561 0.003364 0.042272
-0.047202 0.030994 0.049849
0.010681 -0.00606 -0.014586
-0.043324 0.029439 0.000385
0.023646 0.024712 -0.004268
0.030598 -0.002378 0.040546
0.030685 -0.000345 0.040356
-0.03694699999999999 0.05939900000000001 -0.011287
-0.009679000000000002 0.017518 -0.008847000000000001
0.019108 0.05873200000000001 -0.002897
-0.046997 0.029061 0.038209
-0.010995 0.07742300000000002 -0.003317
-0.004916999999999999 0.06403600000000001 -0.018398
0.010813 -0.005923 -0.011345
-0.03302 0.018508 -0.001338
0.014153 -0.00301 -0.005361
0.015828 0.07381799999999999 0.000271
-0.026218 0.009767999999999999 0.026144
-0.039506 0.020169 0.029737
-0.029694 0.013641 0.035017
0.016958 0.06614200000000001 -0.008022
-0.029715 0.07718200000000001 0.032997
-0.04552 0.05988 0.035182
-0.019088 0.006973 0.048356
-0.044417 0.03367800000000001 0.0009850000000000002
0.00534 -0.004733999999999999 -0.018553
-0.04633900000000001 0.056295 0.03541399999999999
-0.010183 0.003229 0.049067
-0.013678 0.007978000000000001 0.049973
-0.013222 0.005453 0.04949
-0.017475 0.005235999999999999 0.048098
-0.02473 0.07324400000000002 0.05130700000000001
-0.001325 -0.004507000000000001 -0.008407
0.000741 -0.005509999999999999 -0.011957
-0.0008600000000000001 -0.005265 -0.006814
-0.040441 0.056972 -0.009232000000000002
-0.034043 0.019242 0.001765
-0.036063 0.020877 0.003186
-0.022319 0.017508 0.009942000000000001
-0.02525 0.016179 0.010027
-0.027077 0.013849 0.047503
-0.029268 0.01591 0.04831800000000001
-0.045746 0.035673 0.052285
-0.028061 0.0176 -0.013322
-0.029605 0.019432 -0.014114
-0.026709 0.018522 -0.014057
-0.029759 0.07417200000000002 -0.001479
-0.00322 -0.000262 4.2e-05
0.011444 0.07728100000000002 0.002086
-0.034768 0.07492100000000002 0.005508
-0.020951 0.019329 0.008307
-0.0009630000000000001 0.004901 0.00368
0.024088 0.018456 -0.003595
0.024262 0.021096 0.000536
0.024579 0.016629 0.001398
-0.000159 -0.007802000000000001 0.004455
-0.042841 0.024466 0.017135
0.01674 0.07447200000000001 0.009225000000000001
-0.044367 0.06494899999999999 0.025249
-0.039341 0.07403100000000001 0.023788
-0.027055 0.07674000000000002 0.041387
0.018547 0.07466600000000002 0.03961800000000001
0.020109 -0.009999000000000001 0.03538599999999999
0.015551 0.07627500000000002 0.040855
0.016988 0.07602300000000002 0.03881300000000001
0.022646 -0.009090000000000001 0.040674
-0.030464 0.020343 0.051949
-0.029502 0.07021300000000001 0.05242
-0.038032 0.027141 -0.015196
-0.007878 0.0004550000000000001 0.00899
0.019512 0.0005 0.04685
0.023634 0.011217 -0.005297
0.023941 0.013409 -0.005011
0.015462 -0.002515 -0.00199
-0.02005 0.011387 0.050243
-0.0198 0.01352 0.05085700000000001
-0.023345 0.017938 0.051549
-0.04253300000000001 0.03590699999999999 -0.012821
-0.043896 0.05603 -0.001342
-0.023967 0.031406 -0.016883
-0.023023 0.07584400000000001 0.048063
0.022874 0.02698 -0.01019
0.02041 0.07001600000000001 0.041329
0.028049 -0.007303 0.027869
-0.036541 0.034588 -0.016156
0.013545 -0.009658 0.041908
0.008285000000000001 -0.009775000000000001 0.012869
-0.0432 0.055099 -0.004649
-0.04261500000000001 0.05456900000000001 -0.006848000000000001
0.016684 0.040685 -0.020664
-0.040272 0.049727 -0.013878
0.022855 0.015073 -0.019844
0.015682 0.06537799999999999 -0.013743
-0.039664 0.06047399999999999 -0.006673
-0.0137 0.019183 -0.008120999999999998
0.015453 0.06859600000000002 -0.009971000000000001
-0.03805 0.063749 -0.005229999999999999
-0.034342 0.071007 -0.001089
-0.035503 0.071117 0.0006520000000000001
-0.044793 0.05508 0.002425
-0.00048 0.004435 0.001718
-0.000229 0.006817 0.001844
-0.008128999999999999 -0.00286 0.004624
0.020995 -0.000269 0.002821
-0.038216 0.07437400000000001 0.012308
-0.022904 0.006723000000000001 0.01341
0.014605 0.07704400000000002 0.012044
-0.031276 0.07773300000000002 0.021804
0.015152 0.076848 0.028417
-0.047416 0.038449 0.04380000000000001
-0.047323 0.042125 0.044125
-0.03485100000000001 0.017912 0.04360300000000001
-0.03413500000000001 0.01725 0.041342
-0.032321 0.07466300000000002 0.045275
-0.045594 0.024189 0.045902
-0.042584 0.06268699999999999 0.048455
-0.035116 0.019084 0.048363
0.003966 -0.008572000000000001 0.04445999999999999
0.002643 -0.008976000000000001 0.04325900000000001
-0.046271 0.038947 0.05210100000000001
-0.020266 0.07492200000000002 0.049977
-0.018912 0.07547100000000001 0.049154
-0.030906 0.016845 0.048274
-0.046314 0.029394 0.05150200000000001
0.024794 -0.00441 0.045439
-0.04444399999999999 0.029119 0.05259300000000001
-0.044834 0.04755 0.05257200000000001
0.022059 0.05802300000000001 0.04648699999999999
0.021326 0.05969100000000001 0.046948
0.010934 0.07353300000000002 0.04828399999999999
0.0232 0.007277 0.000287
0.017039 0.07602600000000002 0.03425
-0.042496 0.047329 -0.011709
-0.04265100000000001 0.056708 -0.004743000000000001
-0.041405 0.058562 -0.00569
-0.039213 0.07316300000000002 0.027934
-0.002899 -0.004581000000000001 0.047401
-0.041154 0.021525 0.048935
0.022055 0.05311700000000001 0.047005
-0.03525499999999999 0.021156 0.051395
0.027504 0.01093 0.04566
-0.041849 0.028214 -0.010913
-0.042431 0.029907 -0.010345
-0.04024 0.024176 -0.005728
0.009157999999999999 0.07620400000000002 0.045851
0.007895000000000001 0.07646200000000002 0.045503
-0.027142 0.060109 -0.016057
-0.01976 0.06324600000000001 -0.016876
-0.009393 0.015354 0.012727
0.006984 -0.00148 -0.019819
0.010694 -0.001653 -0.02086
0.001463 0.003684 -0.018249
-0.001478 0.005049000000000001 -0.017027
-0.001438 0.007920999999999999 -0.017802
0.015777 -0.0009400000000000001 -0.022117
0.018113 0.002552 -0.022885
0.019746 0.002525 -0.023042
-0.023111 0.023475 -0.015947
-0.02389 0.021292 -0.015304
-0.028633 0.022275 -0.015237
-0.035623 0.022054 -0.014432
-0.037638 0.024772 -0.01474
0.016677 0.033549 -0.02126
0.016865 0.03578099999999999 -0.02102
-0.039563 0.040724 -0.015206
0.007293999999999999 0.061499 -0.019313
-0.039289 0.05460400000000001 -0.012757
-0.030778 0.060691 -0.014679
-0.0225 0.064068 -0.016009
-0.002246 -0.001216 -0.013518
-0.01837100000000001 0.068898 -0.0139
-0.029754 0.06430899999999999 -0.01254
-0.008847000000000001 0.072218 -0.013244
0.023615 0.007277 -0.015423
-0.015046 0.072367 -0.010967
0.008954 -0.006766 -0.012129
-0.002443 -0.003693 -0.005763000000000001
-0.002145 -0.004540000000000001 -0.004909999999999999
0.005451 0.07644200000000001 -0.005457
0.019956 0.04604399999999999 -0.012181
0.019321 0.04674399999999999 -0.01504
0.023755 0.012509 -0.008397999999999999
0.012326 0.07308400000000001 -0.008381
-0.008553 0.01949 -0.004311
-0.015455 0.07705300000000001 -0.003256
0.018032 0.00113 -0.007578
-0.019104 0.021315 0.003957
-0.04361200000000001 0.05966100000000001 0.002428
0.006572000000000001 0.07770100000000002 0.003067
0.005724 0.07796300000000002 0.008588
-0.035562 0.07508400000000001 0.007325
-0.034941 0.075809 0.008076000000000002
-0.031836 0.07609900000000001 0.003645
0.01722 -0.001605 -0.000468
0.021731 0.005724 -0.002856
-0.004424 0.001984000000000001 0.007860000000000001
0.01946700000000001 -0.00445 0.004215999999999999
-0.03534 0.07651500000000001 0.012539
-0.035399 0.07672200000000003 0.014231
-0.013555 0.009837000000000002 0.014562
-0.04061000000000001 0.07245500000000001 0.017139
-0.04038 0.07227900000000001 0.014494
-0.018858 0.000838 0.013639
-0.041944 0.07034799999999999 0.018655
-0.006474 -0.007424 0.015703
0.019654 -0.009873000000000002 0.0275
-0.042498 0.065362 0.042145
0.030178 -0.003857 0.037594
0.030531 -0.00203 0.038554
-0.04364700000000001 0.062392 0.044685
-0.018398 0.004075 0.044969
0.024021 0.05218300000000001 0.04259
0.017764 0.07497500000000001 0.04260200000000001
0.021162 -0.009646000000000002 0.039273
-0.044783 0.055922 0.049723
-0.042091 0.062461 0.050067
-0.043562 0.059726 0.04958
-0.042354 0.060918 0.05096
-0.041016 0.06419400000000001 0.050165
-0.01537 0.073547 0.051055
0.023977 0.006205 0.003476
-0.04578399999999999 0.053024 0.010099
0.025176 -0.008654999999999999 0.02072
-0.024109 0.020147 0.051922
0.020041 0.035753 -0.019073
0.01263 -0.009584000000000002 0.011468
0.023727 0.006503000000000001 -0.020287
0.023841 0.008454 -0.019215
0.030048 0.00546 0.043584
0.029908 0.008427999999999998 0.04285800000000001
-0.04164300000000001 0.04142 -0.013968
-0.009877000000000002 0.019115 -0.006379
-0.044511 0.025868 0.02305
-0.045025 0.027367 0.022101
-0.034391 0.07472500000000003 0.039147
-0.033327 0.07502800000000001 0.040891
-0.020635 0.020825 -0.001674
-0.035212 0.05368800000000001 -0.015249
-0.040767 0.056321 0.05320200000000001
-0.044191 0.028174 0.011641
0.024435 0.011474 0.001507
0.024345 0.009667 0.002375
0.027041 2.8e-05 0.045697
0.01491 0.011207 -0.022099
0.01775 0.00911 -0.022523
0.010013 0.05962200000000001 -0.01956
0.012419 0.062142 -0.018855
0.01996300000000001 0.041476 -0.016213
0.020528 0.03981100000000001 -0.014752
0.000327 -0.009333000000000001 0.016956
0.02559 0.037219 0.045415
0.025208 0.039093 0.045591
-0.043895 0.022831 0.03947
-0.041768 0.036793 -0.013874
0.015729 0.003954 -0.022464
-0.046298 0.04597999999999999 0.018224
-0.04599499999999999 0.05437000000000001 0.04661800000000001
-0.04513200000000001 0.05753300000000001 0.046809
-0.004524 0.07629300000000003 0.047722
1.3e-05 0.07663100000000002 0.04644499999999999
-0.003972000000000001 0.002288000000000001 0.048931
-0.006839 0.06397600000000001 0.05133500000000001
-0.000183 -0.009147000000000001 0.03978
0.008042000000000001 -0.004866000000000001 0.047016
0.008374000000000001 -0.00317 0.047413
0.005424 -0.0055 0.047046
-0.042897 0.02195800000000001 0.04606499999999999
0.018047 -0.010121 0.036893
0.015339 -0.004053 -0.018879
-0.046655 0.026333 0.04180200000000001
-0.028848 0.017539 0.050742
-0.03901900000000001 0.026796 -0.014634
-0.025831 0.070589 -0.008669
-0.024584 0.07386000000000001 -0.005384
-0.036149 0.019669 0.010329
-0.031411 0.07119600000000002 0.05185900000000001
-0.011036 0.050884 -0.018706
-0.011964 0.055735 -0.018502
-0.045491 0.04935 0.003903
0.016946 -0.009915 0.020027
0.013067 -0.009950000000000001 0.015896
0.017202 -0.009690000000000001 0.015554
-0.032628 0.015748 0.018334
-0.032642 0.016014 0.014788
-0.002591 -0.009012000000000001 0.028852
-0.045173 0.051415 0.051021
-0.015953 0.022035 0.0003130000000000001
-0.017454 0.021826 0.001811
-0.044797 0.060073 0.04386200000000001
-0.023481 0.017067 -0.0132
-0.020989 0.017244 -0.013251
0.019653 0.07161400000000001 0.035577
-0.04361000000000001 0.065513 0.013148
-0.04284200000000001 0.065567 0.009715
-0.036662 0.07632700000000001 0.017562
-0.020154 0.020329 -0.00433
-0.004154 0.015569 0.002984000000000001
-0.018008 -0.000637 0.017403
0.027485 -0.007335 0.023217
-0.035008 0.070552 0.050527
0.016891 -0.005652 0.003635
0.015374 -0.005155 0.00188
0.017397 -0.004423000000000001 0.002808
-0.01829 0.002113 0.011689
-0.015977 0.020197 -0.006547000000000001
-0.013099 0.020597 -0.005117
-0.013534 0.00118 0.010408
-0.026924 0.07811200000000001 0.021869
-0.022153 0.07821300000000002 0.004913999999999999
-0.01855 0.07805000000000001 0.002187
0.023218 -0.008136000000000001 0.012038
0.025003 0.040591 0.032437
0.02442 0.022493 0.046879
0.023413 0.018111 0.04702
0.025115 0.016859 0.046543
0.01926 0.020817 -0.02167
0.017618 0.07330600000000001 0.017611
-0.01226 -0.003091 0.043008
0.026882 -0.001766 0.012445
0.005095 0.039867 -0.020418
-0.02006 0.054081 -0.017707
-0.014257 0.021934 -0.0005910000000000001
-0.0453 0.040531 0.004882000000000001
-0.045615 0.046292 0.005523999999999999
0.018967 0.06276400000000001 0.003713
-0.012277 0.013654 0.050583
-0.007473 0.070677 0.051066
-0.001676 0.07543500000000002 -0.009607000000000001
-0.017894 0.019202 -0.015331
-0.015143 0.020614 -0.016455
-0.014825 0.01834 -0.015678
-0.027457 0.039843 -0.016946
-0.020819 0.04207300000000001 -0.017625
-0.020703 0.03690399999999999 -0.017462
-0.010459 0.07690100000000001 0.04492599999999999
0.021369 0.059888 0.026529
0.023465 0.05105700000000001 0.03283700000000001
-0.039885 0.06969600000000002 0.039794
-0.041999 0.067083 0.03838399999999999
0.003656 0.007807000000000001 -0.019528
0.006976 0.006888000000000001 -0.020407
-0.031018 0.014306 0.025286
0.0005769999999999999 0.07375500000000001 0.04984
-0.008280000000000001 0.07800600000000002 0.000121
-0.017723 -0.000256 0.024755
-0.016656 -0.001384 0.023628
0.009692000000000001 0.07499500000000002 -0.007122000000000001
0.029168 -0.0006550000000000001 0.02854
0.028688 -0.002162 0.024681
0.027244 0.025799 0.044631
-0.045124 0.033769 0.009878000000000001
-0.020599 0.060028 -0.017254
-0.000995 0.010128 0.002908
-0.00045 0.008912999999999999 0.001591
-0.041235 0.024584 0.007914000000000001
-0.040663 0.022777 0.013159
-0.030175 0.014747 0.042282
-0.017771 0.001062 0.03564
-0.016623 0.000506 0.039498
-0.01896400000000001 0.000396 0.018746
-0.01345 -0.002667 0.04028
0.00978 0.04989 -0.020448
0.023028 0.030319 -0.003774
-0.044855 0.03596199999999999 0.003285
0.026577 0.029858 0.033768
-0.029372 0.07532300000000001 0.04691
-0.045616 0.025754 0.033432
0.002512 -0.00667 -0.009920999999999999
-0.01019 -0.005361 0.012779
0.02716 0.02836 0.04310600000000001
-0.04706 0.042283 0.049861
-0.041509 0.060362 0.052065
0.008666999999999999 -0.010298 0.03702
-0.0004130000000000001 0.00088 -0.01663
0.001646 -0.002271 -0.017185
-0.012118 0.06581899999999999 -0.017451
0.021948 0.004562000000000001 -0.012385
-0.026987 0.07722900000000002 0.002034
-0.004403000000000001 -0.000808 0.001758
-0.03820399999999999 0.07271000000000001 0.008494999999999999
-0.03936 0.06921100000000001 0.005325
0.017181 0.07199600000000002 0.004796
-0.04547399999999999 0.056423 0.010261
-0.007007 0.007209999999999999 0.012905
-0.005203 0.008609 0.012364
-0.006 0.006378 0.012197
-0.010113 -0.005909999999999999 0.021525
-0.013311 -0.004089000000000001 0.018389
-0.010971 -0.005349 0.016184
0.02369 0.035016 0.013975
0.018089 0.07208100000000001 0.018895
-0.04701300000000001 0.047436 0.030424
0.022206 0.061754 0.041074
0.021647 0.06352500000000001 0.037161
-0.024508 0.009848000000000001 0.042544
-0.002948000000000001 -0.008106 0.04216200000000001
-0.021597 0.007986000000000002 0.045922
-0.044692 0.036239 0.05289100000000001
-0.043104 0.034002 0.05307600000000001
0.019191 0.046482 0.048069
0.021181 0.040467 0.047626
-0.04087200000000001 0.053345 0.053381
-0.038968 0.06293600000000001 0.05275900000000001
0.012359 0.060643 0.04917800000000001
-0.044541 0.039718 0.05310600000000001
-0.032097 0.067327 0.052783
-0.025911 0.07825500000000002 0.01572
-0.023021 0.07834100000000001 0.016542
-0.007653 -0.007086 0.024198
-0.047082 0.05050300000000001 0.035868
0.028312 0.0141 0.030633
0.02647800000000001 0.032169 0.036523
0.026466 0.033589 0.039971
0.027129 0.028903 0.040691
0.007985000000000001 0.07299500000000002 0.049005
0.011915 0.003173 -0.021601
0.020556 0.030383 -0.019837
-0.04329 0.031257 -0.007321
-0.043929 0.037807 -0.007927
-0.04615900000000001 0.05323700000000001 0.018847
-0.026856 0.010769 0.03127
0.008702 0.07781200000000001 0.014402
0.024879 -0.008972000000000001 0.023738
0.026317 -0.008482999999999999 0.023795
0.025746 -0.008807000000000001 0.027957
-0.021812 0.077307 0.039846
0.011619 -0.010337 0.033385
0.007402000000000001 -0.010353 0.032675
0.029374 0.012113 0.038311
0.028006 0.022356 0.039598
-0.021417 0.07688600000000001 0.04363200000000001
-0.021929 0.070413 0.05211000000000001
-0.020995 0.06801400000000001 0.052324
0.021259 0.033262 -0.016157
-0.027253 0.07812900000000002 0.009634000000000002
0.006579000000000001 0.027059 0.049401
0.012423 0.07669300000000003 0.040956
0.007119 0.07700100000000001 0.042242
-0.01583 0.018725 0.05126
0.005347 0.017715 -0.020369
0.003581 0.013691 -0.019876
-0.007618 0.013316 -0.016369
-0.009509000000000002 0.016304 -0.016673
-0.007575999999999999 0.015456 -0.017228
-0.01836500000000001 0.07841500000000001 0.009283000000000001
-0.007247 0.07730400000000001 0.041324
-0.014184 -0.003424 0.022164
-0.012624 -0.004348 0.02559
0.026216 0.029306 0.029491
0.026025 0.024694 0.02294
0.00719 0.07689800000000001 -0.003067
0.027201 0.004722000000000001 0.01516
-0.046448 0.03656 0.023922
0.023724 0.032748 0.046897
0.024102 0.025529 0.004476
-0.04367200000000001 0.031179 -0.002977
-0.003759 0.008062999999999999 0.010524
-0.004157 0.009452 0.011379
-0.003186 0.010016 0.009557000000000001
-0.007402000000000001 -0.006339 0.009977000000000001
0.020197 0.04961200000000001 0.047762
-0.003371 0.002026 0.006180000000000001
-0.002378 0.001558 0.003274
-0.039269 0.068809 0.045972
0.028546 0.015198 0.044533
0.021468 0.06380899999999999 0.045629
0.015308 -0.006845 0.045818
0.014504 -0.005477 0.04640499999999999
-0.004559000000000001 0.016642 -0.001492
-0.004235999999999999 0.016124 0.000759
0.019493 0.07021500000000001 0.029546
-0.002906 -0.008940999999999999 0.024833
-0.030206 0.066077 -0.010566
-0.027739 0.066939 -0.011372
-0.04598099999999999 0.034506 0.018803
-0.04692 0.050361 0.04244
-0.044605 0.057969 0.004883000000000001
-0.01109 0.07834000000000001 0.011376
0.005017 -0.010179 0.025447
-0.03676699999999999 0.07534200000000001 0.028456
-0.034154 0.07593000000000001 0.032375
-0.032377 0.062294 -0.012546
0.018148 0.0009210000000000002 -0.003287
0.017473 0.0005650000000000001 -0.005615999999999999
-0.046435 0.049968 0.048222
-0.029766 0.015376 0.046298
0.016608 -0.009722 0.041208
0.009681 -0.006353 -0.015529
-0.013633 0.03863900000000001 -0.0183
-0.007572 0.03453300000000001 -0.018886
-0.013067 0.03344399999999999 -0.018148
0.012938 0.021523 0.048572
0.020521 0.020297 0.04761700000000001
-0.022132 0.07768000000000001 0.034446
-0.042185 0.05966900000000001 -0.002438
-0.038207 0.019268 0.037779
-0.03921 0.038007 0.05341700000000001
0.019324 0.039123 -0.019151
0.019077 0.041854 -0.018863
0.011019 0.07739200000000002 0.03197999999999999
0.013523 0.07697000000000001 0.036694
-0.008355 0.04466 -0.019005
0.001339 0.038162 -0.020027
-0.031888 0.015116 0.030698
0.010867 0.001418 0.04778
-0.046844 0.050262 0.028362
0.023303 0.041756 0.01911
0.011888 0.025869 -0.021346
0.01466 0.025837 -0.021596
0.010976 0.017906 -0.021364
0.013434 0.017316 -0.021722
-0.00911 0.020083 0.002974000000000001
0.0031 -0.010034 0.02545
-0.046437 0.05592399999999999 0.031115
0.023485 0.05488000000000001 0.040182
0.025451 0.012632 0.046382
-0.006119 -0.007592 0.032016
-0.009965 -0.005233999999999999 0.039874
-0.032521 0.037073 0.05320300000000001
0.003531 0.05751200000000001 -0.019613
-0.001664 0.05715800000000001 -0.01930800000000001
-0.028844 0.056688 0.05319100000000001
-0.01309 0.07823400000000003 0.019932
-0.014658 0.06381899999999999 0.05201500000000001
-0.016036 0.05793 0.05217700000000001
-0.003026 0.025109 -0.019136
-0.004235999999999999 0.020184 -0.018621
-0.008110999999999998 0.024247 -0.01824
-0.008399999999999999 0.07587400000000001 0.04848
0.019819 0.04913100000000001 -0.009862000000000001
0.020321 0.048182 -0.006707
0.025945 -0.004126 0.010449
-0.037349 0.018748 0.033266
-0.04185700000000001 0.026875 -0.008717999999999998
-0.000769 0.07658600000000002 -0.006331
-0.01115 -0.001368 0.008017999999999999
-0.044429 0.026593 0.019437
0.022716 0.006977 -0.011247
-0.02619 0.019211 0.001148
0.02698800000000001 -0.005302 0.014765
0.003686 -0.010153 0.032453
0.016967 0.070581 0.047805
-0.03911000000000001 0.06710600000000001 0.049715
-0.042383 0.06943100000000001 0.024077
-0.013212 -0.0004550000000000001 0.009288000000000001
0.022816 0.024703 0.047303
0.008278000000000001 0.053966 0.04968
0.030506 0.002777 0.039102
-0.041724 0.06496300000000001 0.004678
0.025814 0.03879 0.043479
0.025256 0.042555 0.044812
-0.009031000000000001 -0.006068 0.035391
-0.006332 -0.007282 0.037476
-8.000000000000001e-05 0.07720100000000002 0.04283200000000001
-0.03158 0.015485 0.011991
-0.036197 0.025086 0.05282900000000001
0.007216999999999999 -0.009249000000000002 0.007949000000000001
0.004598000000000001 -0.009484000000000001 0.01177
0.007619 -0.007097 -0.012516
-0.002624 0.051096 0.050826
0.026861 0.012646 0.017934
0.027204 0.008870000000000001 0.017641
0.006107 0.06950000000000001 0.049761
-0.037671 0.07338699999999999 0.033249
-0.0378 0.071979 0.03965
-0.001469 0.039714 0.050514
-0.012563 0.041582 0.05164800000000001
-0.008689000000000001 0.03203300000000001 0.051074
0.003992000000000001 -0.005756 -0.017194
0.010621 -0.009010000000000001 0.006901
0.012713 0.064567 -0.01765
0.013765 0.07707500000000002 0.018678
-0.022302 0.07677300000000002 -0.001769
-0.030366 0.014882 0.010682
-0.04262900000000001 0.044162 0.053405
-0.0434 0.04595999999999999 0.05321900000000001
0.027793 -0.002442 0.017627
-0.014152 -0.002693 0.034909
-0.000303 0.07798600000000001 0.022887
-0.004302 0.07780100000000001 0.031092
0.003517 -0.002819 -0.018181
0.005188000000000001 -0.002719 -0.01901
-0.013825 0.022036 0.002296
0.001056 -0.007483000000000001 0.045931
-0.02137 0.073617 0.05119100000000001
-0.047074 0.030407 0.037382
0.023766 0.003509 -0.019232
-0.038582 0.056894 -0.011806
-0.04210800000000001 0.026162 0.006063000000000001
0.028198 -0.007673 0.032925
-0.04621 0.029591 0.028928
0.023343 0.008700999999999999 -0.011973
0.024997 0.01613 0.004863000000000001
0.019142 0.061007 0.04789300000000001
-0.003622 0.012677 0.049846
0.0006200000000000001 0.014977 0.049596
-0.02616 0.010121 0.014265
0.021071 0.028176 -0.01938100000000001
-0.043934 0.065842 0.016552
-0.026642 0.012412 0.04470499999999999
0.02283899999999999 0.008307999999999999 -0.005231
0.005953999999999999 0.07778300000000002 0.025688
-0.031675 0.015637 0.040768
0.017864 0.056702 -0.015067
0.01437 0.07517400000000002 0.046183
0.02153 -0.008381 0.010944
0.020009 -0.009000000000000001 0.012244
0.019236 0.032121 -0.02082
0.019888 0.03183200000000001 -0.020369
0.017222 0.06723100000000001 -0.00457
0.020389 0.026574 -0.020764
0.024527 0.048453 0.04183600000000001
-0.040912 0.024549 0.052401
0.022392 0.03264 -0.007904000000000001
-0.047185 0.036743 0.035694
-0.012053 0.015977 -0.013053
-0.010665 0.015005 -0.0139
0.002096 -0.006976 -0.005849000000000001
-0.002077 -0.00564 -0.001521
-0.002156 -0.006255999999999999 0.000907
-0.003505 -0.004036 -0.002104
-0.002669 0.00048 -0.011515
-0.002223 -0.000266 -0.007324
-0.002422 -0.001615 -0.009132000000000001
-0.019891 0.017072 -0.01137
-0.002291 -0.000349 -0.005033
-0.002672 -0.001731 -0.005289
-0.002934 -0.001216 -0.003247
-0.0006290000000000001 0.002991 -0.003178
-0.000304 0.004583000000000001 -0.00392
-0.004263 0.006689000000000001 -0.015117
-0.003944 0.005708 -0.013926
-0.005079 0.008019999999999999 -0.01452
-0.006767 0.012352 -0.011988
-0.007725 0.013783 -0.011697
-0.008059 0.013031 -0.013368
-0.005226 0.014429 -0.007417
-0.004119 0.012925 -0.007268
0.01816 0.03588599999999999 -0.02056
0.01745500000000001 0.041203 -0.020313
-0.000206 -0.003068 -0.015323
0.002272 -0.005404 -0.015751
0.001044 -0.005428000000000001 -0.013387
0.013006 0.068089 -0.014268
0.012719 0.06702200000000001 -0.015604
-0.04129 0.025524 -0.007128000000000001
0.007201 0.07256700000000001 -0.012456
0.014103 0.069539 -0.011221
0.02285 0.005753 -0.013544
-0.024778 0.015981 -0.010238
-0.002994 0.01303 -0.004977
-0.003886 0.008130999999999999 -0.010905
-0.0008640000000000001 0.008542000000000001 -0.004577
-0.0008420000000000001 0.009868 -0.002916
0.012227 -0.005576999999999999 -0.001812
-0.026571 0.017806 0.007653999999999999
-0.027694 0.017908 0.006468000000000001
-0.01935300000000001 0.003675 0.012232
-0.017163 0.000576 0.01152
-0.017002 0.00137 0.011187
-0.018578 0.0009450000000000001 0.012839
-0.007945000000000001 0.008831 0.013511
-0.008596000000000001 0.013554 0.013044
0.015364 0.07666400000000002 0.036499
0.017147 0.074337 0.016727
0.016961 0.07534100000000001 0.022315
0.016547 0.07561300000000001 0.042969
0.016314 0.07428700000000001 0.046161
-0.043707 0.024842 0.05183500000000001
-0.045596 0.028253 0.05201800000000001
-0.040439 0.025856 0.05281000000000001
-0.04371100000000001 0.027122 0.052582
0.025564 0.03425 0.045529
0.014546 0.07371600000000002 0.047496
-0.011699 -0.002793 0.044861
-0.012846 -0.0009120000000000002 0.046348
-0.013726 -0.001319 0.044166
-0.033705 0.019269 -0.012994
0.015313 -0.002004 -0.004181000000000001
0.014548 0.04267000000000001 -0.020844
0.013693 0.046348 -0.02064
-0.03268 0.045413 -0.01638
-0.038398 0.047437 -0.015057
0.013026 -0.004179 -0.019821
0.009917 -0.004805 -0.019621
-0.03883 0.022453 -0.007704
0.020833 0.002971000000000001 -0.011938
0.011847 -0.006782000000000001 0.0006120000000000001
-0.0009670000000000001 0.006854 0.004475
-0.002388 0.006314999999999999 0.007316
-0.002578 0.010461 0.007931000000000001
-0.022388 0.007395 0.012714
-0.029821 0.014963 0.009771
-0.027477 0.012664 0.012217
-0.027731 0.011872 0.013909
-0.004024 0.012496 0.009397000000000001
-0.005702 0.012327 0.012051
-0.005107 0.013856 0.009272000000000002
-0.016891 -0.001222 0.013386
-0.017887 -0.0006850000000000001 0.015258
-0.040707 0.072438 0.021205
-0.04307900000000001 0.06819800000000001 0.02199
-0.040794 0.07135899999999999 0.027509
-0.009812000000000001 -0.00446 0.04416
-0.04133900000000001 0.023477 0.05179
-0.00662 0.07480400000000001 0.049849
-0.02815 0.014827 0.009872000000000002
0.024637 -0.006678 0.010879
-0.04599399999999999 0.045738 0.012576
-0.011083 0.021083 -0.002328
-0.012949 0.02135800000000001 -0.002996
-0.001865 -0.0027 -0.012324
-0.001208 -0.003748 -0.012249
-0.01732 -0.00016 0.030015
-0.019522 0.001765 0.025625
-0.022398 0.010691 0.04867800000000001
-0.022609 0.009694000000000001 0.047149
0.023802 0.014167 -0.012171
-0.00313 0.07765600000000002 -0.002017
-0.003573 0.07820500000000002 0.007153000000000001
0.003495 0.077489 -0.001017
0.019627 0.062986 0.013744
0.029257 -0.005216999999999999 0.032327
0.028773 -0.006318 0.030083
0.028778 -0.005422000000000001 0.028036
0.028199 -0.004308 0.021594
0.015267 0.07666000000000002 0.020451
0.015714 0.07641100000000001 0.023715
-0.034228 0.066303 -0.006913999999999999
-0.036192 0.06563500000000001 -0.005431
0.023948 0.01103 -0.001346
-0.031032 0.07273900000000001 0.05060300000000001
0.006001 -0.009124 0.04343900000000001
0.009420999999999999 -0.009148 0.043269
0.005209 -0.009726 0.041366
0.01177 -0.010151 0.038898
0.01055 -0.009937000000000001 0.040655
-0.045101 0.024603 0.050438
-0.014402 0.000775 0.046591
-0.016409 0.003116 0.04695999999999999
-0.017329 0.002358 0.04357
0.006415 0.07591000000000001 0.047321
0.001411 0.07612600000000003 0.047739
-0.015378 0.021882 -0.00147
-0.01935000000000001 0.021457 -4.3e-05
0.020138 0.003708 -0.004528000000000001
0.01165 -0.005137 -0.018669
-0.010774 0.015026 -0.015075
-0.012444 0.016197 -0.015159
-0.017502 0.017178 -0.013386
-0.018747 0.017542 -0.013957
-0.018752 0.018037 -0.014491
-0.037935 0.07556700000000001 0.017642
-0.03965200000000001 0.07384600000000001 0.017224
0.010014 0.07288600000000001 -0.010486
-0.039481 0.07350000000000001 0.014229
-0.001643 0.004881000000000001 -0.008073
-0.000637 0.005092 -0.005508
-0.000209 0.007141000000000001 -0.003329
0.021379 0.012086 -0.021914
-0.032928 0.020259 -0.014061
-0.04096 0.035992 -0.014612
-0.04081600000000001 0.040747 -0.014578
-0.041022 0.05037700000000001 -0.012993
0.017013 -0.002777 -0.02104
0.022102 0.015922 -0.020937
0.022301 0.013579 -0.021038
-0.036358 0.021522 -0.013785
0.010395 0.06560200000000001 -0.017615
-0.036517 0.02042 -0.011472
-0.035835 0.020393 -0.012781
-0.038193 0.022017 -0.012058
-0.003796 0.072481 -0.014572
0.010943 0.06719000000000001 -0.016402
0.004288 0.071302 -0.015007
-0.019104 0.018186 -0.009518
-0.016047 0.017704 -0.011038
-0.01775 0.019618 -0.007453
-0.030918 0.016666 -0.010108
-0.03099 0.016829 -0.007093
-0.029811 0.016519 -0.006538
0.017112 -0.002177 -0.013858
0.012651 -0.004815 -0.011808
0.012594 -0.005125 -0.014312
-0.026154 0.015937 -0.009097000000000001
-0.025554 0.018478 -0.003247
-0.00494 0.016179 -0.004512
-0.008079000000000001 0.018272 -0.006055
-0.003811 -0.001853 -0.001467
-0.006711 -0.002403 0.00303
-0.005869000000000001 -0.00176 0.002678
-0.000232 0.008714 -0.000732
-0.002458000000000001 0.013824 -0.001625
0.017229 0.06312300000000001 -0.011212
0.016658 0.063486 -0.013393
0.017059 0.06063900000000001 -0.015293
-0.027776 0.0172 -0.004339
-0.022674 0.016461 -0.011108
-0.023821 0.016861 -0.008607
-0.02404 0.019827 0.003287
-0.030541 0.017644 0.002637
0.010966 -0.006026 -0.00379
0.012485 -0.004827000000000001 -0.003809
-0.029337 0.018051 0.001425
-0.026532 0.018939 0.004405
-0.03640399999999999 0.021211 0.00042
-0.034911 0.019721 -0.002791
-0.042396 0.02739 0.002197
-0.006886000000000001 0.011396 -0.015779
-0.004242 0.012042 -0.017693
-0.003218 0.005683000000000001 -0.015823
-0.019884 0.020569 0.00608
-0.018056 0.021097 0.00568
0.003293 -0.007930000000000001 0.000275
0.005723000000000001 -0.007952000000000001 -0.001744
-0.001285 0.008784999999999999 0.005109000000000001
-0.003304 0.011595 0.009010000000000001
-0.001626 0.011878 0.002786
-0.006249 0.000195 0.007539
-0.013998 0.021869 0.003669
0.016451 0.07259500000000002 0.00072
0.015292 0.07490400000000001 0.0006620000000000002
-0.017366 0.0194 0.009656000000000001
-0.016607 0.020505 0.007878
-0.015106 0.019796 0.009338000000000001
-0.019158 0.020112 0.007788000000000001
-0.022896 0.011484 0.012394
-0.018359 0.010095 0.013923
-0.02644 0.012344 0.012147
-0.037253 0.07552100000000002 0.013231
-0.0242 0.008064999999999999 0.013526
-0.025544 0.013085 0.011667
0.024702 0.005201 0.005576999999999999
-0.009619000000000001 0.006444 0.013337
-0.011273 0.008154999999999999 0.014225
-0.007038 0.004561000000000001 0.011954
-0.008329 0.016531 0.010142
-0.01027 0.018146 0.010036
-0.010637 0.016741 0.012413
0.025436 0.013396 0.007243
-0.016203 0.013505 0.014241
0.015576 0.076387 0.014837
0.016477 0.07539900000000001 0.01628
0.015093 0.07663800000000001 0.018059
0.026586 -0.007491 0.017362
-0.03651 0.07612600000000003 0.024881
-0.035711 0.07660900000000001 0.023778
0.017457 0.07474600000000002 0.024626
0.02696400000000001 -0.008555 0.037776
-0.039932 0.06739500000000001 0.047394
-0.041083 0.066556 0.045493
-0.04117700000000001 0.06527200000000001 0.048156
-0.043941 0.022696 0.047545
-0.003692 -0.006932 0.045028
-0.004735 -0.007131 0.04373
-0.003267 -0.006521000000000001 0.045893
-0.006362 -0.005141000000000001 0.046147
0.030162 -0.003919000000000001 0.041345
0.030284 -0.002253 0.042549
0.023541 0.05270300000000001 0.045097
0.024101 0.048939 0.044843
0.023649 0.05331800000000001 0.044291
-0.014774 0.07612100000000002 0.047885
-0.025244 0.012276 0.04731900000000001
0.026929 -0.00766 0.041707
0.02069 -0.007919000000000001 0.044236
0.025752 0.032686 0.04571
0.023305 0.045053 0.046844
0.005457 -0.007116 0.046379
0.028395 -0.004885 0.04363000000000001
0.026981 -0.004633999999999999 0.044761
-0.011274 -0.001754 0.046799
0.029265 0.001554 0.044743
0.027722 -0.0009690000000000001 0.04538
0.029059 0.005905 0.044783
0.028496 0.007248 0.045157
0.026649 0.006528000000000001 0.045922
0.027409 0.021909 0.04483
0.026765 0.023349 0.04561900000000001
0.025245 0.03131300000000001 0.046233
0.026142 0.025413 0.046033
0.019824 0.06323500000000001 0.047441
0.020171 0.05512 0.047683
0.020506 0.060218 0.04740399999999999
-0.02592 0.07372500000000003 0.050947
-0.025655 0.07469300000000002 0.049918
-0.016902 0.07583300000000001 0.048447
-0.0139 0.07487300000000001 0.050028
0.013745 0.07616500000000002 -0.000197
0.013117 0.076557 0.000257
-0.012454 0.007467000000000001 0.014201
-0.011447 0.003284 0.011946
-0.015644 0.006871 0.013795
-0.012248 0.015581 0.013752
0.023645 0.049304 0.04572
0.023489 0.05110100000000001 0.04578499999999999
0.022798 0.05632300000000001 0.04578599999999999
0.02199 0.06061900000000001 0.045699
0.029284 -0.004666 0.04262300000000001
0.015635 0.05141 -0.019806
0.016896 0.051555 -0.018915
0.015726 0.05499800000000001 -0.019249
0.016692 0.05504 -0.018557
0.007984000000000002 0.07625500000000002 -0.005094
0.020915 -0.001544 -0.01917
0.022071 -0.000888 -0.020473
-0.006281 -0.001152 0.004673999999999999
5.7e-05 -0.002351 -0.015977
-0.002031 0.001243 -0.015358
-0.009131 -0.003304 0.006019
0.012814 -0.008084000000000001 0.00459
-0.013919 0.017126 -0.011684
-0.010228 0.015643 -0.011847
0.020913 -0.002569 0.004028
0.02151 0.009138 -0.022414
0.019552 0.009983000000000001 -0.022594
-0.025672 0.016116 -0.012175
-0.024154 0.017872 -0.013823
0.021124 0.020584 -0.021009
0.020599 0.018073 -0.02169
0.019834 0.025297 -0.021296
0.015593 0.018326 -0.021904
0.013977 0.03265100000000001 -0.021287
0.015989 0.027094 -0.021598
0.017902 0.025588 -0.02161
-0.005933999999999999 0.06673600000000002 -0.017808
-0.010933 0.061607 -0.018274
-0.014983 0.06441899999999999 -0.017386
-0.0007260000000000001 0.06877500000000002 -0.017311
0.008531 0.06499300000000001 -0.018166
0.018272 0.040936 -0.019847
0.01857 0.04374 -0.018839
0.017872 0.048404 -0.018571
0.006138 0.06716400000000002 -0.017372
-0.000238 0.06989600000000001 -0.016724
0.005984 -0.006395 -0.016907
0.014789 0.06578600000000001 -0.014873
0.023461 0.012823 -0.018798
-0.031921 0.017121 -0.008594000000000001
-0.0006230000000000001 0.07471000000000001 -0.011682
0.01830500000000001 -0.0008900000000000001 -0.013374
0.021696 0.000688 -0.016423
-0.028792 0.06950300000000001 -0.008004000000000001
-0.031327 0.07056100000000001 -0.004731
-0.028498 0.07241 -0.004778
0.013724 0.07325600000000002 -0.006465
0.013247 0.07470500000000002 -0.004725
0.014446 0.071912 -0.007254999999999999
0.014235 -0.003194 -0.009676000000000002
0.016898 -0.000505 -0.009406000000000001
0.011509 -0.005366 -0.008826000000000001
-0.045563 0.052247 0.006115
-0.045048 0.047834 0.000205
0.016538 0.06924200000000001 -0.004933999999999999
0.021769 0.004981 -0.0008550000000000001
0.020211 0.002551 -0.0009060000000000001
-0.031742 0.017887 -0.001206
-0.011763 0.021408 0.003317
-0.01035 0.02094 0.002288000000000001
-0.023664 0.018072 0.00873
-0.024327 0.019338 0.005543999999999999
-0.004664 -0.005189000000000001 0.002458000000000001
-0.00556 -0.004274999999999999 0.002159
-0.006163000000000001 -0.006207 0.007211
-0.009970000000000001 -0.004428000000000001 0.008959
-0.008937 -0.003909 0.006462000000000001
-0.011204 0.019982 0.007221
0.013589 0.07724200000000002 0.015516
0.013413 0.07722000000000002 0.008293
0.013809 -0.006723000000000001 0.00258
0.0247 0.013221 0.002316
0.015761 -0.008142 0.006632
-0.008285000000000001 -0.006563000000000001 0.014484
-0.007155 -0.006794 0.011871
-0.015631 -0.002407 0.014014
-0.01163 -0.002975 0.008624
-0.011527 -0.003628 0.00961
-0.017233 0.014748 0.0136
-0.026405 0.009753 0.017098
-0.01955400000000001 0.003167 0.01229
-0.019912 0.002864 0.012819
-0.021423 0.003724 0.015611
-0.014868 0.015104 0.013907
-0.04321100000000001 0.067758 0.018037
-0.04483 0.06362200000000001 0.019727
-0.04572 0.02988 0.022284
-0.040071 0.070968 0.032665
-0.047439 0.029309 0.047656
0.021381 0.06577100000000001 0.04281500000000001
-0.033845 0.073118 0.047443
-0.03068 0.07413500000000002 0.048787
-0.035471 0.07171500000000001 0.048089
-0.04033800000000001 0.021765 0.05013100000000001
-0.038254 0.019923 0.046428
-0.036313 0.020014 0.04937200000000001
0.02048 0.06941600000000001 0.0442
-0.004834 0.07536600000000002 0.049494
-0.005180000000000001 0.07574600000000002 0.048991
-0.017484 0.007657 0.04969100000000001
-0.023787 0.013177 0.04971300000000001
-0.022016 0.012234 0.049936
-0.042705 0.052288 0.05313400000000001
-0.042026 0.055507 0.05291200000000001
0.019805 0.06547500000000001 0.047188
0.02078 0.06419300000000001 0.046577
0.019711 0.068868 0.046687
0.023824 0.007072 0.002511
0.022376 0.005175 0.0005620000000000001
0.019057 0.07312800000000001 0.043904
0.018119 0.07392300000000002 0.04468
0.019502 0.07272300000000002 0.042227
-0.04167700000000001 0.02645400000000001 -0.001304
-0.014195 0.016682 0.012976
0.015293 0.07621600000000002 0.005521
0.0146 0.07670600000000002 0.005514999999999999
0.015534 0.07644400000000001 0.010841
-0.034228 0.016831 0.033246
0.027888 -0.006029000000000001 0.021462
0.028062 -0.006047 0.023027
0.012461 0.07562900000000002 -0.003822
0.030243 0.006357 0.04073
-0.04671 0.031775 0.051088
-0.044168 0.031253 0.004319
-0.038862 0.05837900000000001 -0.010141
-0.039927 0.055742 -0.011113
-0.034684 0.061844 -0.011102
-0.036035 0.058298 -0.01307
0.018651 0.058401 -0.007967
0.018553 0.062711 -0.001656
-0.047271 0.031409 0.039191
-0.04726499999999999 0.027765 0.044408
-0.047341 0.029618 0.04241300000000001
-0.047508 0.02999 0.046751
0.024499 0.04117900000000001 0.046216
-0.006232 0.07681600000000001 -0.005529
0.023599 0.018531 -0.011668
0.023334 0.025994 -0.006676
0.02387 0.016833 -0.008202000000000001
0.007174 0.058685 -0.019693
0.005086 -0.007205 -0.011472
0.005238 -0.006727 -0.015477
0.006562000000000001 -0.006948 -0.014557
0.008038 0.07717400000000002 -0.00127
0.002031 0.07711000000000001 -0.003777
0.009246000000000002 -0.006759 -0.007645
0.011951 -0.005 -0.006812
-0.03539 0.018133 0.016934
-0.034895 0.017472 0.020585
-0.026669 0.009965 0.019805
0.028952 0.007793 0.030436
-0.029117 0.013595 0.039776
-0.027513 0.011888 0.03696199999999999
-0.031562 0.07768000000000001 0.01488
-0.028745 0.07805100000000001 0.016501
-0.03813300000000001 0.034783 -0.015846
0.00741 -0.007679 -0.003067
0.006766 -0.007406 -0.009724999999999999
-0.023443 0.006633 0.014385
-0.022025 0.004348 0.017687
-0.024541 0.007529 0.016919
0.016134 0.06749100000000001 -0.009513000000000001
0.022979 0.008559000000000001 -0.008549000000000001
0.021905 0.006402000000000001 -0.004909
-0.028093 0.07744200000000001 0.03304
-0.029449 0.07779800000000002 0.025521
-0.030623 0.07679900000000002 0.034806
-0.044956 0.06273000000000001 0.027966
-0.046009 0.057386 0.039189
-0.00396 -0.002669 0.048016
-0.001264 -0.002673 0.048095
-0.008073 0.000306 0.048483
-0.0063 -0.002171 0.047917
0.013157 0.07705000000000001 0.003079
0.0004110000000000001 -0.006241 -0.005968
0.001305 -0.00613 -0.009882000000000002
0.003705 -0.007298 -0.007106
-0.018407 0.0076 0.04937100000000001
-0.019906 0.009169 0.04938
0.008102999999999999 -0.005158 -0.018845
0.005069000000000001 -0.006039 -0.0174
-0.026299 0.016862 0.009035000000000001
-0.045751 0.059666 0.027975
-0.046843 0.052961 0.03532
-0.046766 0.05294 0.039718
-0.044125 0.05381700000000001 0.05166900000000001
-0.043055 0.05753100000000001 0.051895
-0.04371900000000001 0.057459 0.05103300000000001
0.021609 0.017665 -0.021232
0.004737 0.07421000000000001 0.049175
-0.005734 0.000235 0.048605
-0.008157999999999999 0.00712 0.049689
-0.029772 0.017249 -0.012614
-0.013562 0.00079 0.047292
-0.015692 0.00379 0.048202
-0.037491 0.03029 -0.015742
-0.027193 0.015727 -0.011225
0.016373 0.061109 -0.016871
0.01619 0.06347899999999999 -0.015102
6.100000000000001e-05 0.006179 -0.001607
-0.000528 0.003167 -0.00051
-0.001207 0.001949 0.00045
-0.041514 0.054477 -0.009596000000000002
-0.022357 0.015921 0.011173
-0.020322 0.018723 0.009477000000000001
0.020721 0.002049 0.000803
0.021379 0.001518 0.00217
0.019767 -0.000257 0.00146
0.026033 0.013435 0.011608
0.025837 0.013016 0.009884000000000002
0.021894 0.04474599999999999 0.047402
-0.045716 0.04443 0.052446
-0.044693 0.05019100000000001 0.05211700000000001
-0.038634 0.07382400000000001 0.011998
-0.04061800000000001 0.06895 0.008278000000000001
-0.046772 0.027741 0.038397
-0.046387 0.02655500000000001 0.03758599999999999
-0.046043 0.027516 0.032092
-0.046006 0.025327 0.038726
-0.024654 0.019281 -0.014509
-0.029415 0.020616 -0.014666
0.022602 0.006039 -0.022063
-0.036929 0.05416100000000001 -0.014527
-0.036979 0.051646 -0.015059
-0.037844 0.05465200000000001 -0.01387
-0.02327 0.07163100000000001 -0.008782999999999999
-0.018321 0.07085899999999999 -0.011767
-0.0338 0.06939300000000001 -0.003691
-0.032471 0.07179500000000003 -0.002099
0.019025 0.001484 -0.010445
-0.04296 0.029212 -0.00568
-0.028057 0.074487 -0.002404
-0.033041 0.018256 0.004371
-0.034387 0.019226 0.004851
-0.036826 0.07420200000000002 0.008152999999999999
-0.03507 0.07376700000000001 0.004029
-0.036678 0.07261000000000001 0.005032
-0.001364 0.003285 0.003391
-0.003202 0.004046 0.007612
0.017528 -0.002467 0.001002
-0.00372 0.01336 0.007203999999999999
-0.003943 0.014457 0.005508
0.02065 -0.006901 0.007313
-0.008182999999999999 0.015465 0.01139
-0.043969 0.025421 0.020297
-0.037238 0.01896100000000001 0.024171
-0.040809 0.021629 0.023133
-0.038208 0.075417 0.021258
-0.03975 0.073757 0.02142
-0.023766 0.007194 0.028798
-0.044302 0.02342 0.034986
-0.04387600000000001 0.023408 0.03143
-0.027537 0.07617200000000002 0.044902
-0.024938 0.07701400000000001 0.041142
0.018159 0.07521800000000001 0.03550399999999999
0.017872 0.07548600000000001 0.038457
0.020235 -0.009322 0.041458
0.027854 0.019327 0.044666
0.026973 0.020187 0.045603
-0.026268 0.015074 0.049728
-0.027711 0.019294 0.051806
-0.035194 0.06809000000000001 0.05210700000000001
-0.033715 0.07053500000000001 0.051396
-0.036279 0.06860600000000001 0.051235
-0.02707 0.070828 0.052263
-0.03647999999999999 0.025473 -0.015263
-0.03471800000000001 0.025583 -0.015514
-0.034974 0.030325 -0.016083
-0.009007000000000001 -0.001011 0.007382000000000001
-0.012292 0.017229 0.01245
0.020387 -0.001612 0.046573
0.012143 0.006969 0.048093
0.023281 0.009390000000000001 -0.00408
0.0176 -9.800000000000001e-05 -0.002237
-0.016316 0.011773 0.05059900000000001
-0.0009100000000000001 -0.00609 0.046881
-0.005181000000000001 -0.004501000000000001 0.047054
-0.044188 0.05801600000000001 0.002528
-0.03838399999999999 0.022388 0.006321
-0.006053 0.002767 0.010493
-0.023675 0.028426 -0.016654
-0.03427 0.04146399999999999 -0.016281
-0.031438 0.038684 -0.01659
0.020771 0.058661 0.018547
0.027311 0.000588 0.014623
-0.046704 0.053568 0.029777
-0.01922 0.076381 0.046604
-0.024105 0.07642700000000001 0.045558
-0.023697 0.07511600000000002 0.04953200000000001
0.019778 0.07197100000000001 0.039269
0.028538 -0.007006 0.030867
0.028161 -0.006998 0.026834
0.028321 -0.006392 0.025998
0.015806 -0.009185 0.04334
0.012818 -0.009041 0.043605
0.016332 -0.010004 0.039526
-0.033251 0.058955 -0.01441
-0.03525399999999999 0.057046 -0.014332
-0.043757 0.06523200000000001 0.032182
-0.044547 0.061932 0.040038
-0.024555 0.06883 -0.011292
0.004262 -0.009789000000000001 0.016175
-0.03793999999999999 0.06967300000000001 0.04769200000000001
0.02639500000000001 0.033436 0.04379
-0.04316200000000001 0.051274 -0.007845
0.015916 0.038241 -0.021046
0.013578 0.064841 -0.017036
0.023167 0.01049 -0.020499
0.017832 0.05400600000000001 -0.016775
0.017435 0.05424900000000001 -0.017787
0.015976 0.065788 -0.012455
0.014711 0.06914500000000001 -0.010787
-0.040721 0.061864 -0.002938000000000001
-0.020078 0.0195 -0.006507000000000001
-0.01821 0.020585 -0.005124
-0.036798 0.06766500000000002 -0.001998
-0.03917300000000001 0.063611 -0.003593
-0.02698500000000001 0.018849 -2.1e-05
-0.026881 0.018974 0.002778000000000001
-0.04528499999999999 0.05488900000000001 0.006036
-0.041403 0.026149 0.000172
0.019072 0.0003500000000000001 -4.8e-05
0.022076 -0.004883000000000001 0.006194
0.023621 -0.004602 0.007294999999999999
0.022536 0.002683 0.003017
0.022627 0.000848 0.003973000000000001
0.022948 -0.002513 0.00554
0.001853 -0.009175000000000001 0.011697
-0.045809 0.057448 0.017478
-0.04556 0.060228 0.019845
-0.045368 0.031515 0.015576
-0.042075 0.021903 0.030265
-0.03414900000000001 0.07696800000000001 0.025316
0.013075 0.07731600000000001 0.028495
-0.047168 0.048581 0.03594799999999999
-0.047095 0.048884 0.040702
-0.047207 0.041396 0.034985
-0.047428 0.032916 0.042029
-0.047163 0.044007 0.04710900000000001
-0.033973 0.01681 0.03726499999999999
-0.032062 0.016241 0.04335200000000001
-0.034036 0.017814 0.04563200000000001
-0.03624699999999999 0.019038 0.0464
-0.034298 0.07389200000000001 0.04372
-0.044796 0.023548 0.04237100000000001
-0.046408 0.025371 0.04427399999999999
-0.042469 0.06422000000000001 0.045675
-0.044089 0.06022499999999999 0.047199
0.027796 0.024093 0.04152
0.027993 0.022195 0.04260700000000001
-0.03372 0.018926 0.049427
-0.033082 0.017917 0.047948
0.005473 -0.008389000000000001 0.044832
0.0002610000000000001 -0.007971000000000001 0.044912
0.030036 0.003021 0.044139
0.030424 0.002221 0.043624
-0.046557 0.036886 0.051583
-0.046497 0.041375 0.05184800000000001
-0.023335 0.07450300000000001 0.050365
-0.01938800000000001 0.07441200000000001 0.050536
0.019284 -0.00563 0.045949
0.020083 -0.003467 0.046359
0.024788 -0.005391 0.044978
0.020345 -0.007438 0.044822
0.01996500000000001 -0.006829000000000001 0.045321
0.024369 -0.006459 0.044325
-0.03457300000000001 0.021575 0.051861
-0.031145 0.019718 0.051562
-0.03596699999999999 0.023402 0.052479
-0.044063 0.031451 0.05281000000000001
-0.044911 0.043224 0.05300000000000001
-0.044069 0.047093 0.05299
0.008456999999999999 0.07426700000000001 0.048462
0.024058 0.008316 0.002239
0.016613 0.07612600000000003 0.029262
0.017867 0.07507400000000002 0.03144
-0.042844 0.044088 -0.011946
-0.043236 0.057425 -0.002192
-0.006494 0.018212 0.001534
-0.007065 0.019048 -9.1e-05
-0.03764 0.07401200000000001 0.030556
-0.038247 0.074881 0.025166
-0.04208 0.021604 0.047222
-0.037927 0.06264400000000001 0.05307000000000001
-0.034787 0.065071 0.052935
-0.03929 0.061598 0.052966
-0.037648 0.05903900000000001 0.05345800000000001
0.021595 0.04893 0.04728499999999999
0.023022 0.05086 0.046453
-0.041524 0.028825 -0.012233
-0.04263200000000001 0.02919 -0.008659999999999999
0.011375 0.07577300000000002 0.04613200000000001
0.010812 0.07642100000000002 0.044325
0.009786000000000001 -0.006157 -0.016731
0.012866 -0.005082000000000001 -0.016817
0.027552 -0.008227999999999999 0.031799
0.026901 -0.008296000000000001 0.028479
0.007054 -0.003301 -0.019537
0.009493 -0.004047 -0.01995800000000001
-0.0006000000000000001 0.010493 -0.018568
-0.001796 0.003107 -0.016111
0.015627 -0.002331 -0.021499
0.017197 0.0002810000000000001 -0.022602
0.019579 0.000374 -0.022874
0.022061 0.001727 -0.022892
-0.027893 0.02427 -0.015754
-0.023206 0.026228 -0.016424
-0.01938 0.023903 -0.016453
-0.021104 0.019706 -0.015003
0.018513 0.032459 -0.021044
0.015301 0.034881 -0.021228
-0.037797 0.038666 -0.015874
-0.027063 0.061694 -0.015593
0.003251 0.064997 -0.018392
0.008800000000000001 0.06379500000000002 -0.018612
-0.019874 0.06693400000000001 -0.015136
-0.013833 0.069019 -0.015266
-0.016599 0.06721400000000001 -0.015923
-0.022078 0.06561400000000001 -0.015322
0.015734 0.06066 -0.018011
-0.002529 -0.001014 -0.011948
-0.002891 0.001601 -0.013733
-0.04351300000000001 0.042646 -0.010354
-0.043389 0.047252 -0.009327
-0.009956000000000001 0.07096200000000001 -0.014406
-0.000329 0.07322000000000002 -0.014217
0.023327 0.006844 -0.014347
0.023504 0.002906 -0.018409
0.023898 0.00542 -0.018756
0.023785 0.008006000000000001 -0.01623
-0.010768 0.07366700000000001 -0.010453
0.008177 -0.006953999999999999 -0.013459
0.001492 0.07648200000000001 -0.006292
-0.002862 -0.002932 -0.004708
-0.003013 -0.003806 -0.003496
-0.002388 -0.002804 -0.007736
0.009618 0.07604100000000001 -0.004922
0.005795 0.074308 -0.01035
0.02051 0.044621 -0.009748
0.018581 0.055497 -0.012009
0.019115 0.04973200000000001 -0.013682
0.011199 0.074349 -0.007274999999999999
-0.026346 0.07370400000000002 -0.004611
-0.023795 0.07534300000000001 -0.003618
-0.021825 0.07399400000000002 -0.006415
-0.007814 0.019373 -0.003455
-0.026019 0.07573100000000002 -0.001936
-0.017243 0.07670100000000002 -0.003588
-0.014521 0.07769400000000003 -0.001264
-0.037211 0.070118 0.002007
-0.02327 0.07780000000000001 0.002094
-0.031887 0.017711 0.003563
-0.043782 0.029395 0.005552
-0.043909 0.061291 0.00677
-0.042961 0.060971 0.001997
-0.03362900000000001 0.07590100000000001 0.005878
-0.03306 0.074847 0.002911
-0.02984 0.07748200000000001 0.005412
0.023586 0.009135000000000001 -0.0007779999999999999
-0.009943 0.020077 0.005273
-0.007958 0.018839 0.004011
-0.008880000000000001 0.01844 0.007339
-0.044557 0.032746 0.005182000000000001
-0.044909 0.029771 0.014167
0.024185 -0.002689 0.006862000000000001
-0.037172 0.07586600000000002 0.014935
-0.041759 0.068985 0.012098
-0.003968 0.005915999999999999 0.010056
-0.005177 0.005506 0.011329
-0.039689 0.02153 0.0162
-0.041908 0.069898 0.01536
-0.016481 0.016498 0.012812
0.022358 -0.008846000000000001 0.013995
0.024222 -0.007661 0.012289
-0.04447499999999999 0.027588 0.016216
-0.043469 0.02638800000000001 0.011986
-0.003978000000000001 -0.008245000000000001 0.015183
-0.03684399999999999 0.07629400000000003 0.02063
0.023041 -0.009344000000000002 0.022805
0.021377 -0.009659000000000001 0.025838
0.019175 0.07354000000000001 0.037789
0.018801 0.07433400000000001 0.03697499999999999
-0.0411 0.06741 0.042626
0.028937 -0.006428000000000001 0.03261800000000001
-0.023417 0.007658 0.036325
-0.016664 0.002778000000000001 0.046088
-0.02188 0.00754 0.044003
-0.015301 -0.0004130000000000001 0.041806
-0.04682 0.045457 0.04983200000000001
-0.046161 0.04621 0.05152
0.023134 0.057285 0.04327
0.029209 0.012025 0.04385300000000001
0.028799 0.016859 0.04287300000000001
0.028428 0.017909 0.043921
-0.044269 0.058361 0.049049
-0.045684 0.05242 0.049362
-0.04083300000000001 0.063039 0.051624
-0.03926 0.065538 0.051042
-0.025816 0.07592700000000001 0.047176
-0.026513 0.075338 0.048522
0.029291 0.008285000000000001 0.044543
0.000671 -0.002442 0.048081
-0.015355 0.004874 0.049089
-0.013941 0.003287 0.048758
0.027912 0.012652 0.045402
0.025048 0.025985 0.046609
-0.01901 0.07272400000000002 0.051497
-0.023211 0.07235699999999999 0.05175
-0.014423 0.072337 0.05131800000000001
0.007008 0.07517400000000002 0.0482
0.002914 0.07574200000000002 0.04837
0.026009 -0.008147999999999999 0.018908
0.02431 -0.008688 0.017305
-0.026006 0.023163 0.052324
-0.030342 0.022017 0.05239300000000001
0.018908 -0.00264 -0.020597
0.023663 0.004412 -0.021205
0.02387 0.004431 -0.020327
0.016768 -0.003601 -0.018289
0.030513 0.00337 0.042911
-0.040728 0.027876 -0.01332
-0.042606 0.04024 -0.012859
-0.04579 0.027961 0.028388
-0.03466200000000001 0.07533200000000001 0.034487
-0.03598799999999999 0.074957 0.031955
-0.021214 0.02035500000000001 -0.002832
-0.030417 0.056968 -0.015953
-0.046802 0.025987 0.04563900000000001
0.024514 0.002432 0.046292
0.024844 -0.003237 0.045722
0.011325 0.05284300000000001 -0.020234
0.012589 0.05499 -0.019941
0.020192 0.037627 -0.017824
0.01881 0.046472 -0.017179
-0.04307200000000001 0.027837 0.005546
0.00301 -0.009657000000000001 0.015831
0.001314 -0.009733 0.022787
-0.000513 -0.009449000000000001 0.023292
-0.002338 -0.008904 0.019425
-0.04624 0.05526 0.022666
-0.044057 0.022738 0.044903
0.015295 0.001586 -0.02239
-0.026977 0.049506 -0.017023
-0.030792 0.04301800000000001 -0.016646
-0.025787 0.054045 -0.017012
-0.015369 -0.001389 0.036342
-0.045687 0.057536 0.043185
-0.030015 0.075851 0.043584
-0.029047 0.07447400000000001 0.049249
0.00619 0.07684300000000001 0.044238
0.004044 0.07679200000000003 0.045353
-0.000459 0.07688400000000001 0.04529399999999999
-0.010027 0.06762700000000001 0.051547
-0.001146 0.07209000000000002 0.050478
0.021041 -0.001743 -0.020907
0.022133 -0.0006240000000000001 -0.021832
-0.0008290000000000001 -0.008322999999999999 0.043465
0.010161 -0.005962 0.046436
0.010771 -0.003921 0.047051
0.015715 -0.004144 0.046628
0.012826 -0.002027 0.047214
0.005417 -0.001065 0.047975
-0.041898 0.021369 0.041161
-0.03883200000000001 0.019864 0.043188
0.014971 -0.010115 0.02314
0.014934 -0.010236 0.031725
0.016067 -0.010171 0.037439
-0.032779 0.019421 0.050876
0.02214 0.019646 -0.019921
-0.035953 0.018902 0.013907
0.015468 -0.008552000000000001 0.044516
0.027562 0.015789 0.045568
-0.03285300000000001 0.06979800000000001 0.05222300000000001
-0.004732 0.055687 -0.019161
0.002178 0.047573 -0.020031
-0.017331 0.04985200000000001 -0.018068
-0.022818 0.026901 0.05228
-0.008856000000000001 0.07463100000000002 -0.009501000000000001
0.022447 0.05385600000000001 0.04674499999999999
-0.047163 0.03519 0.049452
-0.047143 0.03931800000000001 0.049251
-0.047342 0.038205 0.047198
-0.032337 0.015376 0.021376
0.003745 -0.009007000000000001 0.008074000000000001
-0.0051 -0.008187999999999999 0.024613
-0.0009810000000000001 -0.009427 0.027901
-0.004255999999999999 -0.008307999999999999 0.033242
-0.01576 0.021929 0.00342
-0.02313 0.016384 -0.012021
-0.0194 0.017158 -0.013056
-0.018397 0.017149 -0.012472
0.02043 0.068881 0.036333
0.018791 0.07208200000000001 0.027705
0.025483 -0.002076 0.008631
-0.018148 0.07478500000000002 -0.006631
-0.020694 0.07594600000000001 -0.003888
-0.028105 0.07601600000000001 -2.6e-05
-0.025051 0.07628700000000001 -0.001566
-0.03624599999999999 0.07226200000000002 0.044563
-0.038541 0.07056400000000002 0.04262700000000001
0.014601 0.07570100000000002 0.00049
0.014038 0.07494300000000001 -0.003071
0.027161 -0.008059 0.024866
-0.036991 0.068902 0.050448
-0.015216 0.001597 0.01089
-0.01648 -0.001979 0.016729
0.025 0.024439 0.01355
0.025367 0.01867 0.010539
-0.029154 0.016707 0.007126
-0.021595 0.07817500000000002 0.023617
-0.02655500000000001 0.07803600000000002 0.024938
-0.024996 0.07760900000000001 0.03383200000000001
0.008124999999999999 -0.007277 -0.005886000000000001
-0.01956 0.07832900000000001 0.005966
-0.039501 0.024099 0.000323
-0.042791 0.024025 0.018988
-0.042438 0.023115 0.022353
-0.04185300000000001 0.02397 0.012907
-0.022517 0.007401 0.04082300000000001
-0.025494 0.010084 0.038053
0.02635100000000001 0.017274 0.046116
0.02595100000000001 0.021703 0.04635300000000001
0.018548 0.01447 -0.022269
0.026122 -0.001683 0.009897000000000001
0.026277 0.002306 0.009965
0.016122 -0.009358 0.011569
0.020887 -0.009606000000000002 0.021182
0.017496 0.07281699999999999 0.010542
0.016525 0.07542800000000001 0.01147
0.028957 0.012988 0.03498399999999999
0.030084 0.005552 0.03756
0.029191 0.01418 0.04019200000000001
0.027237 -0.001706 0.014103
0.007505 0.032342 -0.020735
0.012134 0.036073 -0.021088
-0.015521 0.060219 -0.0179
-0.044131 0.043165 -0.006872000000000001
-0.0123 0.021779 0.0006630000000000001
-0.044278 0.036277 -0.00374
0.01825 0.067001 0.004418
0.021566 0.061699 0.031971
0.02408 0.050542 0.038731
-0.018598 0.065751 0.052291
-0.013521 0.07046200000000001 0.051556
-0.011929 0.017183 -0.01611
-0.018356 0.03231900000000001 -0.017464
-0.00539 0.06788699999999999 -0.017485
-0.014666 0.07749600000000002 0.03864
-0.014011 0.07659600000000003 0.046267
0.00847 0.009287000000000002 -0.020866
0.001112 0.012035 -0.019189
-0.029086 0.012458 0.020345
-0.000464 0.07535 0.04911100000000001
-0.011042 0.07786600000000002 -0.001161
-0.012799 0.07814900000000001 0.001844
-0.015333 -0.002095 0.029937
-0.013557 -0.003572 0.029093
-0.016541 -0.001814 0.01922
0.0282 0.000684 0.020817
0.028284 0.004286 0.022959
0.026308 0.032762 0.04447
-0.045869 0.038915 0.013802
-0.041104 0.025269 0.004792
-0.028539 0.01366 0.043278
-0.031129 0.016045 0.045393
-0.02131 0.003549 0.021332
-0.012152 -0.003757 0.040383
0.025224 0.043388 0.039996
0.025416 0.04231100000000001 0.041599
0.005478 0.05139700000000001 -0.020177
0.023425 0.032286 0.006367
-0.045434 0.035673 0.011105
-0.034201 0.027314 0.053006
-0.028807 0.027327 0.05275200000000001
0.022135 0.030864 -0.012353
-0.04529 0.02595800000000001 0.03017
-0.04438399999999999 0.024442 0.029231
0.003976 -0.007005 -0.011437
-0.014276 -0.003404 0.015589
-0.040905 0.05951800000000001 0.05267100000000001
-0.040029 0.062972 0.05233100000000001
0.003133 -0.009743 0.040216
0.005026 -0.010186 0.03646499999999999
-0.012265 0.06665 -0.017125
0.023663 0.010415 -0.012482
-0.004171 0.000575 0.005062000000000001
-0.038304 0.06982600000000001 0.003832
0.01781 0.06684999999999999 -0.0005620000000000001
0.024184 0.02855 0.010073
-0.043437 0.067009 0.026849
-0.042257 0.06900300000000001 0.028534
-0.041453 0.021122 0.036237
-0.024232 0.010416 0.04536399999999999
-0.005773 -0.007132 0.041922
0.021041 0.011892 0.047227
0.023605 0.011957 0.046801
0.017609 0.008144 0.047534
0.023134 0.007734 0.046717
-0.041731 0.031386 0.05316800000000001
0.01547 0.05268 0.04871900000000001
0.016892 0.05962100000000001 0.048503
0.023618 0.03825 0.046848
0.022375 0.035874 0.047306
-0.036824 0.05113600000000001 0.05355100000000001
-0.041431 0.050205 0.053404
-0.039331 0.050298 0.05354900000000001
-0.040189 0.04443 0.05352300000000001
0.003757 0.062614 0.05023300000000001
0.005307 0.065816 0.049997
0.012706 0.06680899999999999 0.048957
-0.014988 0.07584 -0.005894
-0.042234 0.039457 0.05343100000000001
-0.028814 0.067649 0.05279200000000001
-0.033342 0.063039 0.053242
0.000794 0.07137600000000001 0.05031100000000001
0.009186000000000001 0.07057100000000001 0.049239
0.003966 0.07235799999999999 0.049759
-0.043225 0.033114 -0.009496000000000001
-0.044022 0.033334 -0.003167
0.022151 0.043401 0.009263
0.020839 0.047779 -0.001461
0.01948500000000001 0.058786 0.001941
0.019241 0.068351 0.021919
0.020352 0.06664100000000001 0.029696
0.010992 0.07765000000000001 0.013495
0.009447000000000001 0.07764200000000002 0.023583
0.011475 0.07748500000000001 0.019079
0.011148 -0.010107 0.018174
0.007549999999999999 0.005897 0.04847
0.00139 0.006791 0.049054
-0.028256 0.063844 0.05302800000000001
-0.029675 0.07775000000000001 0.007589
-0.027411 0.077977 0.006153
-0.03354 0.07728300000000002 0.013992
-0.024491 0.07825100000000001 0.006906
-0.003733 0.022555 0.05030900000000001
0.007990000000000001 0.016983 0.048949
0.003973000000000001 0.07722500000000003 0.041249
0.007816999999999999 0.07730400000000001 0.037164
0.019092 0.024723 0.047903
0.021027 0.028996 0.047627
0.01972 0.035257 0.047903
0.008966 0.036738 0.049347
-0.001101 0.016225 -0.018981
0.002134 0.02537500000000001 -0.019973
0.006497 0.024037 -0.020643
-0.005188000000000001 0.015453 -0.017929
-0.011511 0.019254 -0.016984
-0.01314 0.022791 -0.017242
-0.009132000000000001 0.07829900000000002 0.005676
-0.001123 0.07745300000000001 0.039116
-0.004334999999999999 0.07707500000000002 0.04387100000000001
-0.033006 0.07679800000000002 0.02935800000000001
0.021817 0.050294 0.016437
0.020936 0.05235000000000001 0.009464
-0.04664 0.032114 0.03062
0.023317 0.028965 0.0471
0.022357 0.033523 0.047343
0.021996 0.061501 0.045186
0.015554 -0.007708 0.045289
-0.006398 0.01845800000000001 -0.002132
0.022399 0.004484 -0.022628
-0.004695 -0.008222 0.018688
-0.046905 0.047542 0.046707
-0.00619 0.07824000000000002 0.013734
-0.016266 0.07837400000000001 0.014665
-0.03528499999999999 0.07637000000000001 0.027221
-0.03311300000000001 0.07573200000000002 0.036828
0.020664 0.06791799999999999 0.04531900000000001
0.018937 0.06579800000000001 0.047582
0.019107 0.07084500000000001 0.046621
0.017616 0.07202300000000002 0.047181
-0.012777 0.028236 -0.017847
-0.014099 0.043645 -0.018372
-0.003891 0.037031 -0.019404
-0.001861 0.030117 -0.019501
-0.018814 0.07786600000000002 0.031595
0.024732 0.032728 0.020788
0.022038 0.05232800000000001 0.021483
-0.039192 0.02976 0.05316100000000001
0.018429 0.04598799999999999 -0.018334
-0.039473 0.06471300000000001 -0.001397
-0.041754 0.062258 0.000276
0.008678 0.026556 -0.020944
-0.008742 -0.006394 0.03013
-0.010985 -0.005112 0.031758
-0.007952000000000001 -0.006254999999999999 0.04063000000000001
-0.028538 0.040021 0.05301400000000001
0.025688 0.022825 0.018039
0.027575 0.011782 0.022963
-0.023147 0.061051 0.05275900000000001
-0.03433200000000001 0.05906 0.053444
-0.030549 0.048201 0.05325000000000001
-0.024374 0.052064 0.05285200000000001
-0.012166 0.07786200000000001 0.031139
-0.003317 0.06092599999999999 0.050988
-0.005131 0.07667500000000002 0.046342
0.021232 0.037814 -0.012005
0.02639500000000001 -0.004763000000000001 0.012146
-0.03644699999999999 0.018284 0.03773
0.020625 0.062036 0.04715200000000001
-0.015112 -0.00014 0.010213
0.028983 -0.00679 0.03594699999999999
0.002942 -0.009940000000000001 0.037078
0.001905 -0.009909000000000001 0.034015
0.017505 0.0684 0.047884
0.014294 0.07084500000000001 0.048417
-0.003487000000000001 0.07310000000000001 0.05046
0.017832 0.042904 0.048289
0.011369 0.04177 0.04915200000000001
0.005444 0.045371 0.049887
0.003566 0.05459900000000001 0.050221
0.013995 0.07468100000000001 0.047005
0.011199 0.07471600000000002 0.047547
0.025189 0.04387200000000001 0.043744
0.026382 0.034424 0.042188
-0.033242 0.017742 0.007778
-0.015801 0.026966 0.05164200000000001
-0.020787 0.046042 0.052487
0.003402 -0.004406 -0.017594
0.010949 -0.008557 0.005025
-0.044848 0.06268899999999999 0.015588
-0.03219900000000001 0.016844 0.008166999999999999
0.004138 0.07756200000000002 0.034548
0.027455 -0.004312 0.016088
-0.046375 0.028784 0.032389
-0.025315 0.015579 0.05053300000000001
-0.04691 0.034443 0.032361
-0.044692 0.024187 0.032921
0.016524 0.067152 0.048273
0.026154 -0.009007000000000001 0.03305
-0.030069 0.015931 0.007712
-0.030316 0.016835 0.006233999999999999
-0.031072 0.017286 0.004727
-0.032258 0.017513 0.005671
0.016523 -0.008983 0.009810000000000001
0.02073 -0.007691 0.008667999999999999
0.019591 0.026544 -0.021285
0.021249 0.042007 -0.006424
-0.008697999999999999 0.015057 -0.011212
-0.009265000000000001 0.013994 -0.014604
0.001782 -0.007402000000000001 -0.001623
-0.003236 -0.004764 -0.001361
-0.002288000000000001 0.000385 -0.008936000000000001
-0.002377 0.002275 -0.010046
-0.003162 0.003333 -0.013213
-0.00155 0.001357 -0.005812
-0.002919 -0.000571 -0.001961000000000001
-0.004515 -0.003224 -0.001066
-0.007011 -0.002791 0.003169
-0.001112 0.001939 -0.001893
-0.0009780000000000001 0.00279 -0.005333999999999999
-0.00259 0.005035 -0.010122
-0.005283 0.010049 -0.011832
-0.00645 0.010841 -0.013373
-0.008057 0.012589 -0.014739
-0.006580000000000001 0.010564 -0.014693
-0.003453 0.005027 -0.012238
-0.006991 0.015459 -0.008714
3 1 0 502
2503
2504
2505
2506
2507
2508
2509
2510
2511
2512
2513
2514
2515
2516
2517
2518
2519
2520
2521
2522
2523
2524
2525
2526
2527
2528
2529
2530
2531
2532
2533
2534
2535
2536
2537
2538
2539
2540
2541
2542
2543
2544
2545
2546
2547
2548
2549
2550
2551
2552
2553
2554
2555
2556
2557
2558
2559
2560
2561
2562
2563
2564
2565
2566
2567
2568
2569
2570
2571
2572
2573
2574
2575
2576
2577
2578
2579
2580
2581
2582
2583
2584
2585
2586
2587
2588
2589
2590
2591
2592
2593
2594
2595
2596
2597
2598
2599
2600
2601
2602
2603
2604
2605
2606
2607
2608
2609
2610
2611
2612
2613
2614
2615
2616
2617
2618
2619
2620
2621
2622
2623
2624
2625
2626
2627
2628
2629
2630
2631
2632
2633
2634
2635
2636
2637
2638
2639
2640
2641
2642
2643
2644
2645
2646
2647
2648
2649
2650
2651
2652
2653
2654
2655
2656
2657
2658
2659
2660
2661
2662
2663
2664
2665
2666
2667
2668
2669
2670
2671
2672
2673
2674
2675
2676
2677
2678
2679
2680
2681
2682
2683
2684
2685
2686
2687
2688
2689
2690
2691
2692
2693
2694
2695
2696
2697
2698
2699
2700
2701
2702
2703
2704
2705
2706
2707
2708
2709
2710
2711
2712
2713
2714
2715
2716
2717
2718
2719
2720
2721
2722
2723
2724
2725
2726
2727
2728
2729
2730
2731
2732
2733
2734
2735
2736
2737
2738
2739
2740
2741
2742
2743
2744
2745
2746
2747
2748
2749
2750
2751
2752
2753
2754
2755
2756
2757
2758
2759
2760
2761
2762
2763
2764
2765
2766
2767
2768
2769
2770
2771
2772
2773
2774
2775
2776
2777
2778
2779
2780
2781
2782
2783
2784
2785
2786
2787
2788
2789
2790
2791
2792
2793
2794
2795
2796
2797
2798
2799
2800
2801
2802
2803
2804
2805
2806
2807
2808
2809
2810
2811
2812
2813
2814
2815
2816
2817
2818
2819
2820
2821
2822
2823
2824
2825
2826
2827
2828
2829
2830
2831
2832
2833
2834
2835
2836
2837
2838
2839
2840
2841
2842
2843
2844
2845
2846
2847
2848
2849
2850
2851
2852
2853
2854
2855
2856
2857
2858
2859
2860
2861
2862
2863
2864
2865
2866
2867
2868
2869
2870
2871
2872
2873
2874
2875
2876
2877
2878
2879
2880
2881
2882
2883
2884
2885
2886
2887
2888
2889
2890
2891
2892
2893
2894
2895
2896
2897
2898
2899
2900
2901
2902
2903
2904
2905
2906
2907
2908
2909
2910
2911
2912
2913
2914
2915
2916
2917
2918
2919
2920
2921
2922
2923
2924
2925
2926
2927
2928
2929
2930
2931
2932
2933
2934
2935
2936
2937
2938
2939
2940
2941
2942
2943
2944
2945
2946
2947
2948
2949
2950
2951
2952
2953
2954
2955
2956
2957
2958
2959
2960
2961
2962
2963
2964
2965
2966
2967
2968
2969
2970
2971
2972
2973
2974
2975
2976
2977
2978
2979
2980
2981
2982
2983
2984
2985
2986
2987
2988
2989
2990
2991
2992
2993
2994
2995
2996
2997
2998
2999
3000
3001
3002
3003
3004
-0.0191923462852363 0.04635509139521392 0.01488836686682166
0.002455861914121941 0.02234720721545847 0.02891652379264986
0.007750126344244673 0.006226839665165943 0.02267193298864449
-0.0006496437721923093 0.04794933080205925 0.003616751095600196
-0.02351476522210279 0.0614036696642321 0.007766725221554449
-0.01749364133105654 0.02947400673226714 0.02848631002474476
0.01133879602239324 0.01383803351781322 -0.002738358467996073
0.006131050869016854 0.02989932044447547 -0.0001301220639913016
0.01006658827502043 0.0176522461887168 0.01161769216541438
-0.007611013299235703 0.03456080286578725 0.01417058163200861
-0.02039488358019112 0.03856378220705536 -0.0003161113301684158
-0.02728038721560298 0.0316833112026744 0.01520396256697609
0.01344931304793568 0.002356538302095133 0.01096766336997851
-0.03292632187827718 0.05324328681147484 0.04183182146258589
-0.006727867153753259 0.008651828386057697 0.02744752115025796
-0.03316220210853101 0.03290879434735106 0.004596329840059214
-0.001824663920953777 0.05846705491087074 0.005137574485013195
-0.02740972114489858 0.06097435969432073 0.02700739259008122
-0.01336150489138246 0.0179255954967085 0.02510016926779295
0.004449125292118291 0.02030218953909713 -0.008108466753020741
-0.00355481536303763 0.02328990676375701 0.01896728819410756
0.007777476329765415 0.004021381126510884 -0.01020856670777302
-0.02930112689559355 0.05063233182790225 -0.001116116008508639
-0.03231064665999905 0.06816639679951018 0.01674584958965558
0.00633901988531785 -6.680717420298309e-05 -0.001898350616850629
-0.005495111125622919 0.03250775384427537 -0.005728386181915098
0.01544792586725949 0.009622214300462341 0.003887203098212612
-0.001467367921505645 0.001507010899128185 0.02012590575640676
0.005009148481352607 0.01823978124913301 0.001687454927216329
0.004162367583764214 0.01135144301258813 0.01514358906857012
-0.0175483086244446 0.03144021818156589 0.009787449890949599
0.006484358564170845 0.06374425113645897 -0.005313978979433037
0.009983578637622417 0.04533734752889026 -0.009183847629719341
0.01443822145806707 0.01118577100621087 -0.01108231188854604
-0.000587548463128439 0.05225216943603266 0.02748635960456532
-0.03003051826002225 0.02597722102756136 0.00892952985873949
-0.02831004869368589 0.03530112386576011 0.03779360235738762
-0.02821494065001965 0.03144562167035324 -0.01217646975453436
-0.02152436706507381 0.02357034284018932 0.0401369986804684
-0.03594782905103475 0.03436183994726786 0.04357335761850555
0.005687696785539619 0.01179802667874847 -0.008397561835033582
0.01999130472997366 -0.001978059310591625 0.01234230057129527
-0.02098040730473427 0.05916453875428026 -0.004443322743089404
0.01364065296556828 0.07019390625177302 0.04311258288193729
0.02468620993651983 -0.002674242875214758 0.03968400771482072
-0.009992888307535266 0.03107635567862093 0.002903114158973159
-0.03549999638723004 0.06018851312446486 0.04555522411340759
0.007512100458728205 0.007738925264878298 0.0005274130147895756
0.00515274253636572 0.002704802310116177 0.03562105966965345
-0.02943784872351596 0.03381411198137591 0.004314605829027959
-0.02916769429067944 0.02839597102545791 -0.007904519791711591
-0.01401299732922908 0.02497381550737263 0.0182674965114256
-0.01893171294960344 0.03052253487043803 -0.006097103688646806
-0.002745125729537431 0.02443883093663673 -0.007663440208811405
-0.03170766434702835 0.02530032865603308 0.0449457296272601
-0.02566949647139507 0.02162554719800708 0.01975410080579396
-0.02464038669802011 0.06937394026742713 0.002633586320268734
-0.00320829579566176 0.06713110887965197 -0.01100686240083754
-0.01027701656582503 0.04944374164203537 0.0002570362105081582
0.00546329716065818 0.01205480521079838 0.006463965731346249
0.01089163149503018 0.06085320819772248 -0.01272172264310014
-0.02798020992650917 0.06545885519074501 0.04079352869349659
0.001583902079134171 0.015813818485255 0.01019377013375153
-0.03497054489865762 0.04980475311002131 -0.007481336111309912
-0.01054973951333479 0.002788429305359366 0.0231972598568785
-0.01244614185493353 0.0615835717428297 0.0344273907639704
-0.03014017822107014 0.06952930429318788 0.009186300349831294
-0.007124957971114465 0.001545632981793141 0.04159650014354428
-0.002001977525957086 0.0111895631305101 0.01862883737855316
-0.006956460635580686 0.01653083111235611 0.01955420229904976
-0.03307432466489674 0.04324076242933369 0.01274654486216922
-0.01096226515287065 0.02711322912773548 0.01097167936772998
-0.002355207127715412 0.02615826874554871 0.003039876271510304
-0.001605840144742791 -0.001855657969849458 0.01246691856833953
0.008753759046069126 -0.002568401378402003 0.04007834625749845
-0.01139864636981362 0.06007347208867773 0.01837409307568268
-0.03419699991151554 0.06921101473409608 0.02530796556455263
-0.0366860957489545 0.03061311110443566 0.02051206892626303
0.005623267245187502 0.002321387650965289 0.004818288447541151
0.01673072784816937 0.01003977002980882 -0.003344852331453613
-0.01573584150867686 0.009851917108369712 0.02282452693909006
-0.01535776203854017 0.04568215973168576 0.03095746583593478
-0.01502778473672363 0.06721913770005922 -0.0002977992805995831
-0.03050088593972215 0.02373341342776224 4.52571734516551e-05
-0.02538327318651862 0.06978039058696522 0.0463705235119095
0.00417281129370765 -0.001052795636518255 -0.009023220977947206
-0.03407964840667981 0.05248582771645641 0.009805000883809083
-0.01161325746698046 0.02660319095093399 -0.01013630484918955
0.009207504596633357 0.06998063661126036 0.001107122626361522
0.01612669742999107 0.003573798635004979 0.004551738965803609
0.006612608499980471 0.06678411118930394 0.01469962334013762
0.01452067555972187 0.02132297385189702 0.003296053089035149
-0.03057930333611091 0.02187052494577537 0.006052271189912264
0.007236005770967885 0.06422183921270828 0.03300142753266925
-0.01493457335447285 0.02864639477210216 -0.0007262183636360601
0.007093647551678284 0.03611570671256353 0.03845636731098485
-0.0270995858917496 0.04136452867758002 0.02507245227179638
0.0125942350494556 0.004840392016177959 -0.01451140462081521
0.0009203088242269331 0.005600738336968657 0.01452473343218988
0.01261808537668434 -0.002861067422314189 0.007027154254965529
-0.04154312863409192 0.02790648963744322 0.04742970171173464
0.004367320445760081 0.01155371193579144 -0.001998205997257478
0.01196566861769145 0.003654825157682927 -0.002539643713582307
-0.03465705706478416 0.05716151073078279 0.001384618022448526
-0.02412254103516869 0.02411457935304267 0.01296599744293616
-0.02786193947169201 0.02142463085183068 -0.008132847122656215
0.003092507448096817 0.007081702192001053 -0.01008816127996565
-0.03572234396435427 0.03602061619829097 -0.009372303752588578
-0.01685226258482449 0.02518749230035375 0.01207777204162491
0.01310661317184311 0.04789011014382363 -0.01470670980941379
-0.02862975137102584 0.02674792341351229 0.02964244082563008
-0.03458335148308048 0.06519522913343005 0.04764687494212025
-0.01389052136878129 0.01878776145292546 0.01881133049573209
-0.03876427116557778 0.05349845404295887 0.04640812318132306
0.005413577463750445 0.02936449873026356 0.01246957096150481
0.01560472589854412 0.001305317352317731 0.03209446001094723
-0.004127064878586769 0.03612765032425515 0.02860517761028124
0.001920715842465299 0.0153749314631074 -0.005009283015726235
-0.001020829327728644 0.02202134498094818 -0.001933396688914211
0.001899890249656384 -0.002143523668598804 -0.002649853181277761
-0.008616703581331644 0.02330532626098969 0.03644995575692284
-0.03601750907819821 0.02931408355510433 -0.009688398750715362
0.01274059862300707 0.01445438989203495 0.03432381793805532
-0.007873683534174024 0.02636905304532387 -0.004225942343812464
-0.003691037071087379 0.006462134706020943 0.01694120069774799
0.006334769910961179 -0.002418960391489965 0.01174703192572514
-0.007049373740199344 0.01929399739771984 0.01516125103008087
0.01760307253146437 -0.003024323101475026 0.03975715683126706
-0.01650900261725223 0.01037885546847786 0.0453186453615234
0.005440357499683138 0.005909289557412203 -0.004744919882115586
-0.03769435612639577 0.02940062883027535 0.03448191377073789
-0.002184128045554953 0.01181058106668428 0.03802606828968681
-0.03593775008395388 0.05905380213775879 0.01199977914280005
-0.02222851886522256 0.01797730140149557 0.04456501530160061
0.001976670705800086 0.06864637209580633 0.04198786753057929
0.01329348467933642 0.02322063327936046 -0.009238105281034576
0.002576468560992752 0.01365410278738955 0.001773069524713533
0.003873998498422675 0.0432987867833084 0.01676601940657577
0.003852634501594977 0.04608720644957946 -0.007820404984265021
-0.03116397048872435 0.06481383509872327 0.00285259151777558
0.01957254593249757 0.008121948517443602 0.008157880375647901
0.01281881265986217 0.07004171881820366 0.03263603729774629
0.0009815434539064433 -0.00150856438410433 0.04077743395880812
0.01748792653610123 0.01681862209208363 -0.002901843731316168
-0.02927487653123962 0.05630979693897598 -0.007408472312734659
-0.03740621788014603 0.0632363223021403 0.01889031447572041
-0.004408818702277946 0.0187765504333216 -0.01287699729760081
0.008177091217983965 0.0003904711458476207 -0.01503561319091166
-0.007063578638039008 0.0007305522919126345 0.01654423190529591
0.009456975518220433 -0.002594752849268805 0.0007775622993213109
0.001747297653043146 0.00209874915649062 -0.01251063556881502
-0.009539402017633881 0.06281687465884649 -0.009606680954217382
-0.00852508454676552 0.009028779974913097 0.01942746483390141
-0.03425022763289339 0.05129663688862952 0.02229661591896331
-0.02075796459426938 0.06696626440106057 0.01762219875884112
0.001063279165937297 -0.002209289427883794 0.006716958074337699
-0.03368231390912292 0.04266493907918531 0.002858605873361925
-0.01965871560875893 0.04803246160839276 -0.006677071119663654
-0.02353921006721189 0.01504063115920556 0.01769920895907133
-0.02770567938950516 0.01855986415566147 0.01495995986368101
-0.02230765141083478 0.01843180431087999 0.02792536139590591
-0.0201059433533721 0.05124626232227242 0.005006336533284196
-0.01825060694727926 0.03637214339343797 0.01976098690724334
0.009942257178362866 0.007074659527852804 0.006739661510699933
0.009910284063347057 0.0170778006149572 0.0226655542603931
0.01493125228262382 0.0104698832670378 0.01685303346337393
-0.009340836183247173 0.02135745356735838 -0.01256391891598341
-0.01505120293185047 0.02734045996937429 0.00607425567904814
-0.01231984318601654 0.03564968569180165 0.03882133205583044
0.000117384101048364 0.01078731284120818 0.01281326613861656
-0.01276169258492966 0.04063404507086446 0.006956992628781032
-0.03494675785669876 0.0295784370461593 -0.001809772993311826
-0.008260056263449342 0.04512911012382705 0.02073440832753271
0.01108726584026788 0.03308084522575373 0.0250619462569912
-0.02912584739559524 0.04196629775299023 -0.005906761718158387
0.01514314956799681 -0.0003395491796927812 0.02011733147626441
-0.02305510816014751 0.02752596642160572 0.006206243635585322
-0.0402552479884912 0.05571837710099695 0.03572236685577205
-0.01666110600873001 0.06796732349458172 0.04214951927285192
0.01204939735466256 0.04750639412216436 0.03794388351926885
-0.005655600740103457 0.02310889111462402 0.009580682301139024
0.008022706501690475 0.07096383694814211 0.04352483655455639
0.01713236270386493 0.06264257846081549 0.04334764710552592
-0.04048996928866967 0.02800031371149596 0.04074090742596125
0.01136251125004014 0.008658086827237305 -0.00625218016569715
0.01931395656195301 0.01151299044226906 0.0008724677174768423
0.0230328907493186 0.01916722527302833 0.04116829152494747
-0.02249486670870788 0.02488800795746157 0.007412781737917457
-0.02978282739610974 0.06979972016926184 0.03243356709454379
0.009569586221694057 0.0001188173446542689 -0.00653302781751021
-0.01813740484876426 0.06372729860719607 -0.00906006187446637
-0.02572184286051633 0.05505711912642167 0.01646749272902216
-0.000859174216808322 0.03694378928300987 0.005582077664614099
0.008153814050509684 0.01310792775082929 0.001736247757156152
-0.03727056732486703 0.02975606344570098 0.01167986615575188
-0.0110905881327619 0.007241080853914797 0.0424082820308626
-0.003176020748831798 0.001725660376395613 0.03332663367609805
0.01780749983456571 0.03649090813705788 0.03733959246336787
2.238441705513178e-05 0.01384330350161654 -0.01268259979091482
0.01822007008876773 -0.0006025118690669994 0.008718312331991235
0.01072911327706824 0.07058590337405142 0.008768667488290915
-0.003541604553313239 0.06597065577600539 0.02646388811449445
-0.03424285992513886 0.07080015962106469 0.0123666376036208
-0.004879000565681999 0.06778645492949698 -0.0003277274328712994
-0.02358351496515151 0.03910324350993852 0.01005655262053508
-0.02624057487100558 0.06444430879704829 -0.002931421446039609
-0.02752130362988497 0.01999251176033635 0.04287974110323792
-0.04236399478829599 0.03277687368258293 0.04753819379464688
0.01473154769475335 0.0363216464309595 -0.01524856914643168
-0.03751374954382218 0.02946549567786959 0.003948531307660752
-0.02890242118373628 0.07228579709963984 0.004040629900557037
-0.001709276435888628 0.05699276763561217 0.03906980637967049
-0.03612550436930071 0.04404837288827056 0.04028641598922387
0.02286605463053649 -0.003670473791819222 0.01988436495297161
-0.03045950939519318 0.02494816137750071 0.01585416126258724
-0.002466088982979214 0.007457863679182989 0.01369423683163194
0.01608422644911868 0.007302922933153756 -0.01773666627680388
0.002790323804021725 0.001592851921887618 -0.001873493681581115
-0.01318211629380962 0.01329423523704282 0.03516207273041926
0.01693274952044227 0.006344229645894251 0.00021946485544934
-0.004557473410790968 0.0452783572972072 0.03677208945315826
-0.01533367437528555 0.06837345778967834 0.008232082494170539
-0.01318548201042626 0.05920114479920663 0.006453961060099272
0.003546896223049217 -0.001473269003755045 0.002125230680919292
-0.002706999606647415 0.07142931833775967 0.04468191938009657
0.00217938599291606 0.01087111192716949 -0.005116744977285307
-0.03794344539786502 0.05082301247908465 -0.0009631278636576448
-0.01327654564714572 0.03908002044913641 -0.007900805013163086
0.003746587643451157 0.006891080785386469 0.009162611560619502
-0.02463604187349176 0.06121798395427779 -0.01037876188625823
-0.001501843761749136 0.01842687576880891 -0.008198318684872748
0.002796977250183999 0.003268190526092923 -0.007258245210467502
-0.02954188451506668 0.01966880390003754 0.0105845610156742
0.0124480771693503 0.009265846436919366 -0.0004073291161607929
0.01476389837264761 0.01485373280328456 0.001711964254753754
0.01159454589285529 0.01354098086358123 0.007037544915185684
0.008575455354285872 0.05494259240638555 0.01902540678737555
-0.02527026898924625 0.0297142385979656 -0.001210742713178971
-0.015020062644987 0.01400193286061307 0.01899138475188743
0.02072623393297018 0.005330560585704826 0.03835303444609042
0.005206502242115977 0.03019589646465443 -0.01023060652115815
-0.02124492375235304 0.02825567115427839 0.01916687621965475
0.009821118124547484 0.02102797358014722 -0.003131697664620841
-0.01383883453455254 0.02560965998026361 -0.005660860473737739
-0.03180716324474697 0.02285896349762093 0.03876370201505955
-0.008065870166319445 0.02550234338948715 0.004940590620710025
-0.009714088780839758 0.05011445249350409 0.01122553693224747
0.003915293025779634 0.005199417253333039 0.001339746453095326
0.0001929462149771969 0.007259125839658685 -0.01345078133575014
0.006403267581684973 -0.003618989868470282 -0.004358436419807599
0.01954718863083684 0.05125041153879193 0.04362389112492466
0.01913983955814321 0.01313872403572333 -0.006493703953340903
-0.01196247195784468 0.02266398397606846 0.01281975307727122
-0.003154152688432535 0.002321240099484566 0.01427977347198406
0.002145228670982735 0.01271977688516648 0.02733242334278414
0.002768204501130433 -0.0009613534826546297 0.02771516945722874
0.007922584917986593 0.005540674862917518 0.01392020235767544
0.01062865106242972 0.0167314447617893 -0.009091027451916353
-0.01948815111159287 0.02090497403752106 0.01636780664590604
-0.02618996081967747 0.01452435722980248 0.01433144023510962
-0.02152195683640696 0.02307617501173262 -0.01059891755867867
-0.03572797789858336 0.05568983006731217 -0.00511466981966706
0.02298585576794568 -0.002764833164759493 0.0321393637862695
-0.01444943828530831 0.00595320414518947 0.01892906517143002
-0.02428549134555414 0.07203430205322844 0.008454606240766648
0.01075272135437679 0.04135957182639566 0.002869359902859839
-0.006382355365640304 0.06710085140612916 0.01087516604622536
0.01082913903503634 0.002432618239553003 0.002792503149329292
-0.008953056449791528 0.02620780182050506 0.02614062728759532
-0.01770569913637648 0.05288572102275234 0.02331325749111375
0.01782728923683025 0.01415042431195473 -0.01579722808376766
-0.02120828545085945 0.05676596597940652 0.04127744732287806
0.01435191053577171 0.02572818489011327 0.0176382089299808
-0.02668789418992279 0.05774940895329973 0.001408158824512838
0.01737164878135326 0.008345185443728828 -0.008078951779333673
-0.03981094153739864 0.04675357791641227 0.04766839119475306
0.003856565005693362 -0.002009220341861139 -0.01384392802421714
0.006649325219634193 0.01620620151134533 -0.002872334469426696
0.01347239202811655 -0.0001535691761967325 -0.01715262281353631
0.01886089808274299 0.01432280913720483 0.006632883327529689
0.02125683981370259 0.003662898886698246 -0.02031140334419769
-0.0276940361512536 0.04750831150976471 0.006780524222164313
-0.043147134275256 0.03806490173902348 0.04944783092393015
-0.0007211958398669814 0.05722930564309198 -0.008971328761230494
0.006108634993219165 -0.001983349028723156 0.02014049489892008
0.01855220855647242 0.02896665303649213 0.04042704466480036
-0.006957374788684202 0.02255606952510183 -0.007380388951496764
0.01971526094265428 0.006895338009759147 0.003299930195240375
0.02018051914510684 0.008036123406999478 -0.01698849203199339
-0.02546048777650164 0.05068852002862947 0.03120146431886406
0.007079684480019142 -0.004039616492685373 0.00565405822382993
0.01332587011355871 0.003834140377777994 -0.007795600487116632
0.004793899471194654 -0.005461192399342393 0.04230831701731238
-0.005794853619898174 -0.002921681476326299 0.01033343009577536
0.004209991987792892 0.01933985673951175 0.01716255387851862
0.01460151892378933 0.04248399992681499 -0.01572946927275044
-0.03678191313872037 0.04343195641203385 -0.008961729889717527
0.008992616482372946 0.02470457705247455 0.03816941270535042
0.001439361024774753 -0.002376816945846028 -0.006748487032552239
-0.01162002361207199 0.00433494083381224 0.03249063113525277
-0.005250605695109579 0.01715830203257191 0.028013458759264
-3.299435902419465e-05 0.01727578071476968 0.001726551760878073
-0.01966333691492634 0.07095905524335391 0.04661652144081536
0.009613892060557738 0.06545779143312186 0.02461306065133855
0.003162413819030676 0.008545413245181217 0.00429545734345475
-0.006226328698046318 0.01569104298467168 -0.01393454134833978
-0.03790585207281996 0.03515470144883132 0.0004328934673195267
-0.01608596494282863 0.05535444826795592 -0.01063329271147312
-0.03544774765093332 0.07205032466225007 0.01647708611612508
0.007808598542490781 0.009345742923528095 -0.01422792050106168
0.00846547341457856 0.06999965627837268 -0.006824009923330522
0.0003781456997120031 0.06706462760677137 -0.008018061373619507
-0.01941079997869657 0.01767131325817655 0.02174215226774526
0.02521077555609146 0.0154024463442053 0.04372522993230384
-0.01396661877419309 0.06722362104387482 0.02566578058574015
0.008608350479843256 0.05469973911135691 0.001668757544240236
-0.03157967927672403 0.02298785558709 0.02352060297105955
0.005547605793829456 0.04251460018120213 0.0289091835398368
-0.038110436284256 0.03836221819126394 0.008360878737630497
-0.03792005394268088 0.0374659014752939 0.0169370616253093
-0.03758010843973601 0.03866335502118366 0.02810879405531652
0.01803263117212319 0.0008434258156456292 -0.01896921208471388
0.002113271697266971 0.002110065815405023 0.001509958485007907
0.01939405238441927 0.007134107930636643 0.02550738770762745
-0.001967708791570434 0.01594726199795926 0.01500437110352053
0.004122559451862464 -0.003816670595132797 0.03473587335087122
-0.002039105852870845 0.05486533894323185 0.01712541501878054
-0.003318100940557977 -0.002463013661969588 0.04295910015387821
-0.01819176899643732 0.02507628372011418 -0.004517497916784009
-0.01957034920143644 0.02000873456276165 -0.01207310176637878
-0.02511810005830711 0.01813364699678488 0.03692032643317825
0.01554027415295647 0.02389439996417032 0.02930051613780117
-0.007637193359142827 0.04955378442526626 -0.009519096081084465
-0.0118534816718244 0.02542428522606721 -0.001746898052790444
0.01319234770712275 0.05388338750431693 -0.01520689647005583
-0.01145610240967839 0.02548186442490698 0.002417126863465627
0.0231712825879692 -0.003583403537969376 0.01455078519219884
-0.01290637900787117 0.001655137589803595 0.0165531327803723
-0.03444214965180794 0.05436809697708339 -0.0099636394697942
0.01605879075904056 0.06631007670816365 0.0434544571426604
-0.007115561755315766 0.04048890696961392 -0.0007425662699240519
0.02067410594255089 0.004718953504253095 0.01504475846293473
-0.03087420777329268 0.06892008372605592 0.04785558178415145
0.01459020743175248 0.02903892228820621 -0.01367918978557517
3.176698041291006e-05 0.03252113323309488 0.02027009652898826
0.01586608310897776 0.00554992444696812 -0.004247306932739571
-0.02544053851444932 0.01946215624187378 0.01283191825276497
0.001744638229915475 0.0218484178097229 0.006690816337830897
-0.02285830086096807 0.03820268125265523 -0.009054882444944071
-0.02745942856099915 0.04898382748469174 -0.008303408331029376
-0.03722083988125339 0.02511477179405754 0.04725299907468927
-0.03298999262684259 0.02275455178586223 -0.01051499531682576
0.01965262409608144 0.002124743311614099 0.005708609755375837
-0.0006606291437381035 -0.003166735312539689 0.002121112225175615
0.01660123595629054 0.02160102687970894 -0.01503885722504841
-0.0008595516098535128 0.01784057518246988 -0.003063961221365892
-0.04050546981506892 0.05788169012515472 0.04903650762155297
-0.004726530024030215 0.03022969277663676 0.00920779237244625
0.008573166498335748 0.01027007518149139 -0.003072305430759594
0.02397070357925529 -0.004372969613118801 0.02509487605400434
-0.02440922972323246 0.0189023427315939 -0.01102085392830091
0.01983322791942971 0.04512323252846151 0.04203817339110048
-0.01899540401898779 0.03195733274626217 0.003283810113597339
0.001450925866549865 0.0196781689807692 -0.0131949188649867
-0.02602457708986455 0.02191731761011509 0.009157797866564307
0.01771635239475631 0.006223689204866186 -0.01203927617899522
-0.005626274691445221 0.0683439154888916 0.03593815739044434
-0.00604790586017211 -0.0008459935442416625 0.02608029943881223
0.01232358372880906 0.07250111220954134 0.01692635404893201
-0.00581057905843178 0.02667274400633163 -0.01279991265069098
0.007847168869617262 -0.00275775399834452 -0.009635614875656989
-0.0101062486947049 0.0004101370214398151 0.04408856260576554
-0.02035134504914309 0.0672223961111519 0.03310103831559349
-0.007782329559102337 0.02434955524609625 -1.753925753032758e-05
-0.01232417182716747 0.03227034617539802 -0.005942593769964057
-0.03823936132785333 0.05327868892922453 -0.007628179481904715
-0.0300923368626684 0.03513735060759703 -0.003016392672941118
-0.01209520059067687 0.01932455692196633 -0.01348172914941003
-0.01927870744074158 0.01383716049801572 0.03924559717526228
-0.01392461449645051 0.0199356811469513 0.042556863745934
-0.004535272148707662 0.0215789959595336 -0.003702836231637727
0.01750898897342656 0.02121134841010385 0.01100870051458948
-0.0238133384744407 0.0722233533710217 -0.0005665373811608156
-0.02132473660479673 0.06779857790731222 -0.005126726452197968
-0.02084766171401879 0.06349639777621112 0.001553525786143475
-0.009538455147982329 0.07003012068740053 0.04446409221991141
-0.01515839043759126 0.02298529504702165 -0.01137962409804731
-0.02694896017635004 0.03283371088472904 0.02375397230057595
-0.03118686183789718 0.02091471108978196 0.002905221191333696
0.003083846067530971 0.008145479553457194 -0.002133265451688468
-0.004887648321355787 -0.003350825425831122 0.01516110069819883
0.01486885603455308 0.02797131932994704 -0.00220229022193801
-0.0328096616820318 0.02657239396786266 0.004188416484741179
-0.01312001976556815 0.02383859215481235 0.009048709280630642
-0.02593181634754642 0.02463638700594192 0.003187541674692837
0.00218302564158712 0.007501332770115719 -0.005762185564348913
-0.0285496756231491 0.06331787261517144 0.01273732508077531
-0.02173788441902321 0.045029600897026 0.04081179376954349
0.006433180081222414 0.01533369586234145 -0.01343016273980752
-0.01066989397713122 0.005138420182802087 0.01712339899053989
-0.003113099562123187 -0.003046036967715327 0.006855575271339437
0.01373354426485345 -0.003540181813901851 0.01410933764958693
-0.01825787984521131 0.02567900392742597 2.749611026024853e-05
-0.03888188174746947 0.05355908969952464 0.004994013933219106
0.02203525026118298 -0.004423200981893585 0.01010674631982327
0.008634298448904801 0.01065567235581319 0.01117494673523503
-0.03575593179856479 0.06378434782378103 0.03846303346551812
-0.03158112733870243 0.03612708682978329 0.01109675171173054
-0.02743477809294571 0.03950549287050834 0.01711953772113037
-0.0004365464142015267 0.02958505268506004 0.03570958304547461
-0.03237193243986456 0.07268405738363429 0.007986198324928124
0.01427498833555457 0.01283166080754979 -0.00649695720899787
0.01639664868095958 0.0179310390516247 -0.008604248317479595
-0.01140353263878326 0.05269312803469655 0.04023153540869825
-0.02608306033062509 0.01671037125461917 0.02239370516910777
-0.02710660851474671 0.05483398959034399 0.00831367839500036
0.001038721730433476 0.01404198158323809 -0.001361995825683572
-0.01766509690372686 0.05483311443535908 0.0127497174083773
0.007756034048367792 0.004005919384271637 -0.001633663876096392
-0.0004963612686479607 0.01713518355648607 0.02151264205991914
-0.03798356692687532 0.06193212728529229 0.04964366505616158
-0.01789860059603623 0.01977599768129984 0.03428899365570218
0.01370534576348406 0.06016884630420854 -0.0157868224789208
0.009811572782865419 0.05422209887617843 0.02975487035733915
0.002449691155326306 0.01037252601987698 0.0005578359853231239
0.001193825844279363 0.002052852563230273 0.01002078365469205
-0.03017229484931662 0.01901530652148733 0.007590845066929214
-0.02905218837921642 0.06861113362578014 7.929765195686337e-05
0.01525060040025102 0.002347561610861605 0.0004776227086178665
0.001467253846512251 0.01337599302235849 0.005867244987902194
-0.009124438020946968 0.03287528325133661 -0.01220391344448564
-0.02338287848058531 0.04575864221400312 0.0004811351354788332
0.0128787736004194 0.0006940165411742818 -0.01156546966632423
-0.01005184008577912 0.05367241537589778 0.02928055088244392
-0.0258796189295713 0.01898895377301684 0.04692312920640702
-0.03594674671022303 0.06501293833499111 0.00846297706423586
-0.001196438279471286 0.005472686708613715 0.04317783309785906
-0.01083043880688166 0.01889788454722591 0.01556348960985434
0.01141136188721561 -0.0007484310146909736 -0.002666787197384078
-0.03498526179988492 0.06045420233432799 0.03076333597318824
0.005684434098701014 0.06547465564234208 -0.01200423214200814
-0.01258886770463121 0.05759764880433516 -0.002204009615671876
-0.03795868030158504 0.02813798415942775 0.02732705075260375
-0.002977817287128225 0.0203706764819083 0.004816268202457721
-0.0008609137741841342 0.006035905404365269 0.01098270815677152
-0.01314318816577363 0.03750884733450996 0.02733884651836782
-0.03321273409844737 0.06961291498409283 0.004672437892614171
0.01427267517447436 0.07210425834169895 0.03839685765080893
0.01355471998144481 -0.004948986812683979 0.04131643770768203
0.00804178322292233 0.02224090259151024 -0.01392914477457605
-0.0153645036426335 0.01011269725946309 0.01811937103413257
-0.01036718804771436 0.01299189695495195 0.01825066598492168
0.01379711942539313 0.03030728411181 0.007334017965695622
-0.007277862300693189 0.004728902969083418 0.01565951237247057
0.02376316461576122 0.01074988530853134 0.04073350230060589
-0.02682029341428604 0.07269425078228463 0.01437630692546531
-0.02569574766224314 0.07057068846633947 0.02221880306748209
-0.02178789197940105 0.01374573472850523 0.04637923334661972
-0.02373925562299038 0.0267999366538724 -0.006328003812293883
0.01159859731686401 -0.003033217706064647 0.02721267921557728
-0.02101939467584092 0.02372124559544883 0.02406138576454319
0.001478359373158378 0.0009334152840918977 -0.004662045852028206
-0.00510196377912323 0.04251081528348154 0.01107007568683561
0.01562404054353703 -0.001024595127892746 0.003518056958910652
-0.03253706520913972 0.06179329489175893 -0.004165991436762003
-0.005826852614874506 0.04196000102913882 -0.01349335457777198
-0.02248335665141385 0.05277721970011905 -0.001573627556337641
0.01049543723524259 0.01761445712767877 0.0007079199481335686
-0.01133116341303307 0.03218805421920182 0.02107244968759909
0.01040473473312522 0.04888087113886252 0.01043363420883589
-0.01849296288968862 0.02413166485813115 0.008441744915001111
0.005030998817220975 0.001803146313687326 -0.004758297884845905
-0.04042209512559852 0.05918925842550864 0.04472111434469477
-0.03909380806633677 0.03281152900260305 -0.005104813681977897
0.01676999535638694 0.07039377943055031 0.04485179715568693
0.01146400426845017 0.06449051435381735 -0.008063402182363056
-0.01138183468713216 0.02252801292936983 -0.009101482747510731
0.001702352581629019 0.03807788035406402 -0.004481051680164851
-0.03902638709630058 0.04695374427001722 0.01027954612467274
0.009715201118299842 0.002197170116126375 0.007621955068158013
0.01417964298246231 0.008332658833299155 0.01082970198190035
-0.03850499251208848 0.06345887870845818 0.0457333903362839
0.008921853118727587 0.06255492954044016 0.04139412881270768
-0.01874065679169925 0.07239128254381158 0.001164854098511629
0.01155737796076532 0.03626408809992465 -0.00605580891158745
-0.031530597739365 0.02027793934010802 0.04356409867565947
-0.03073608973173627 0.02128968179051394 0.04848334385293181
0.01213161531400087 0.03693940421042195 0.01532986663895797
0.01318784322803672 0.04554389454912523 0.02183957658270402
-0.02090102269762889 0.01048844545324234 0.0190025414639817
-0.0001630296315896365 -0.0007810889886542645 -0.0008357074836393728
0.01853348317809021 0.05718149084318409 0.04362918967179891
0.005711378337656378 -0.004489134562860722 -9.391237364177994e-06
0.008503416565405765 0.02164460164225124 0.006379654412486881
-0.02730374612826104 0.03992304212006052 0.001412600103987297
-0.03727535759701794 0.06725225253584101 0.01497873143456681
-0.002656358398460368 0.006869210035436066 0.02307567049059667
0.01448071769811945 0.06496914474803758 0.03741174087896509
0.01546122727162226 0.01440493255824921 0.01194211289978367
0.01745609917314778 0.01810616468276797 0.01918374432088365
-0.01555584413946341 0.03161657099784476 -0.01159320404909776
0.001027458662454882 0.01087751932078769 -0.009346993866801333
$EndNodes
$Elements
2 15130 1 15130
2 1 2 5000
1 235 1 236 
2 235 1646 1 
3 2175 236 1 
4 487 1 300 
5 1646 300 1 
6 487 2175 1 
7 166 2 83 
8 83 2 2047 
9 166 238 2 
10 483 2 238 
11 1509 448 2 
12 448 2047 2 
13 2 483 1509 
14 1369 1520 3 
15 1542 1369 3 
16 1542 3 1394 
17 3 1543 1394 
18 1520 1957 3 
19 1957 1543 3 
20 4 108 1525 
21 1541 108 4 
22 652 714 4 
23 652 4 1525 
24 1529 4 714 
25 4 1529 1541 
26 720 721 5 
27 1548 720 5 
28 5 721 1530 
29 2169 5 1530 
30 1961 1548 5 
31 2169 1961 5 
32 655 6 247 
33 6 1214 247 
34 1562 252 6 
35 1885 6 252 
36 1562 6 655 
37 1041 1214 6 
38 1041 6 1885 
39 1289 7 2248 
40 7 1289 2445 
41 7 1404 2248 
42 2445 1404 7 
43 259 1576 8 
44 8 1847 259 
45 8 672 1451 
46 1576 672 8 
47 8 1451 784 
48 8 784 1847 
49 333 9 332 
50 1886 332 9 
51 9 333 334 
52 1045 9 334 
53 9 1045 388 
54 1886 9 388 
55 10 683 276 
56 276 1616 10 
57 10 606 1419 
58 10 1420 606 
59 683 10 1448 
60 1448 10 1419 
61 1420 10 1616 
62 11 2134 738 
63 11 738 2402 
64 1641 1606 11 
65 2134 11 1606 
66 1642 1641 11 
67 2402 1642 11 
68 141 12 290 
69 12 141 1614 
70 290 12 289 
71 1603 289 12 
72 1603 12 1643 
73 1643 12 1614 
74 184 1592 13 
75 184 13 2236 
76 272 13 1592 
77 13 272 2019 
78 2019 471 13 
79 471 2236 13 
80 14 759 328 
81 2095 14 328 
82 14 781 759 
83 1876 781 14 
84 2095 1876 14 
85 302 15 1567 
86 1913 15 302 
87 376 1848 15 
88 2115 376 15 
89 15 1848 1567 
90 1913 1757 15 
91 15 1757 2115 
92 412 951 16 
93 16 1942 412 
94 1083 736 16 
95 736 2334 16 
96 16 951 1083 
97 2334 1942 16 
98 872 17 873 
99 872 1642 17 
100 2444 873 17 
101 1749 17 1210 
102 1210 17 2402 
103 2402 17 1642 
104 1749 2444 17 
105 18 884 628 
106 1737 18 628 
107 884 18 2211 
108 1737 1739 18 
109 18 1739 1994 
110 1994 2211 18 
111 997 535 19 
112 535 2335 19 
113 19 2184 997 
114 2184 19 2206 
115 19 2335 2206 
116 20 647 237 
117 1950 20 237 
118 419 1681 20 
119 20 1950 419 
120 20 2063 647 
121 1842 20 1681 
122 1842 1841 20 
123 2063 20 1841 
124 774 349 21 
125 2147 21 349 
126 477 373 21 
127 1815 21 373 
128 477 21 2147 
129 21 772 774 
130 1815 772 21 
131 1736 22 1044 
132 1044 22 2247 
133 22 1946 1287 
134 22 1287 2247 
135 1946 22 1736 
136 23 1504 309 
137 1664 23 309 
138 23 1511 1504 
139 23 1510 1511 
140 1832 1510 23 
141 1832 23 1664 
142 322 1422 24 
143 24 1836 322 
144 24 1422 648 
145 24 648 1505 
146 788 24 789 
147 1836 24 788 
148 789 24 1505 
149 25 1016 223 
150 25 223 1512 
151 591 453 25 
152 25 453 1016 
153 591 25 650 
154 25 1516 650 
155 1516 25 1512 
156 242 26 1521 
157 26 242 2234 
158 641 26 642 
159 1656 26 641 
160 642 26 1494 
161 2234 1494 26 
162 26 1656 1521 
163 27 377 1517 
164 27 1684 377 
165 27 498 1684 
166 27 2221 498 
167 1517 917 27 
168 2074 27 917 
169 2074 2221 27 
170 28 1395 174 
171 174 1537 28 
172 1213 560 28 
173 28 560 1531 
174 1537 1213 28 
175 1395 28 1531 
176 926 816 29 
177 816 1916 29 
178 926 29 2328 
179 1336 29 1806 
180 1336 2328 29 
181 1806 29 1345 
182 1345 29 1916 
183 250 698 30 
184 250 30 847 
185 698 1651 30 
186 30 1534 847 
187 30 1535 1534 
188 30 1651 1535 
189 31 1872 386 
190 2100 31 386 
191 459 791 31 
192 31 937 459 
193 791 1872 31 
194 937 31 2100 
195 249 32 193 
196 1432 193 32 
197 249 1546 32 
198 1432 32 1399 
199 1399 32 1546 
200 1437 33 200 
201 200 33 1451 
202 1400 1825 33 
203 2252 1400 33 
204 1437 2475 33 
205 33 1825 1451 
206 2252 33 2475 
207 674 34 263 
208 263 34 1573 
209 1575 34 674 
210 1439 34 1341 
211 1575 1341 34 
212 1439 1438 34 
213 34 1438 1573 
214 35 180 599 
215 1129 180 35 
216 201 1202 35 
217 201 35 1441 
218 35 599 1441 
219 1202 1129 35 
220 36 1589 271 
221 271 1762 36 
222 1043 297 36 
223 297 2155 36 
224 1762 1043 36 
225 36 2155 1589 
226 473 37 303 
227 37 1602 303 
228 473 472 37 
229 37 472 952 
230 750 37 952 
231 750 1602 37 
232 883 2032 38 
233 38 2222 883 
234 38 1640 1604 
235 38 1604 1641 
236 38 2032 1640 
237 38 1641 2222 
238 768 213 39 
239 1461 39 213 
240 39 775 768 
241 775 39 1484 
242 1461 1141 39 
243 1141 2129 39 
244 1484 39 2129 
245 287 559 40 
246 40 1613 287 
247 40 559 2201 
248 40 1008 1010 
249 40 2201 1008 
250 1613 40 1010 
251 299 41 365 
252 299 1614 41 
253 41 2009 365 
254 1615 41 1614 
255 2006 41 1615 
256 2009 41 2006 
257 188 42 604 
258 2013 42 188 
259 189 604 42 
260 189 42 787 
261 1142 787 42 
262 1143 1142 42 
263 2013 1143 42 
264 43 248 298 
265 248 43 1545 
266 2476 43 298 
267 43 2477 1545 
268 2477 43 2476 
269 261 44 254 
270 254 44 1564 
271 44 261 1569 
272 1568 1557 44 
273 44 1557 2231 
274 2231 1564 44 
275 44 1569 1568 
276 45 1612 1639 
277 2031 1612 45 
278 45 1639 2032 
279 45 2032 2031 
280 46 319 709 
281 319 46 2361 
282 406 46 822 
283 2033 46 406 
284 822 46 709 
285 46 2033 887 
286 46 887 2361 
287 453 47 233 
288 233 47 646 
289 1506 47 405 
290 2164 405 47 
291 2164 47 453 
292 1506 646 47 
293 48 1679 239 
294 48 239 2069 
295 1519 48 241 
296 2069 241 48 
297 707 48 1519 
298 48 707 1679 
299 120 49 264 
300 814 49 120 
301 266 264 49 
302 266 49 1636 
303 391 49 814 
304 1051 49 391 
305 1636 49 1051 
306 50 133 1605 
307 133 50 2458 
308 50 284 285 
309 1639 284 50 
310 50 285 1295 
311 50 1295 2458 
312 1605 1639 50 
313 1622 51 1094 
314 1993 1094 51 
315 1622 1901 51 
316 1901 2137 51 
317 2137 1993 51 
318 1905 540 52 
319 52 540 2028 
320 2028 1150 52 
321 1150 2216 52 
322 2216 1905 52 
323 228 53 1680 
324 53 228 2037 
325 1232 53 2037 
326 53 1232 2075 
327 53 1786 1680 
328 1786 53 2075 
329 209 583 54 
330 54 2485 209 
331 54 583 1818 
332 2485 54 1818 
333 2136 55 433 
334 55 2275 433 
335 974 745 55 
336 55 745 1765 
337 974 55 2136 
338 2275 55 1765 
339 1020 56 693 
340 56 1629 693 
341 56 776 1629 
342 56 2151 776 
343 812 56 1020 
344 56 812 1908 
345 2151 56 1908 
346 237 991 57 
347 1315 237 57 
348 57 991 2058 
349 57 1513 1315 
350 57 1674 1513 
351 1674 57 2058 
352 58 1761 354 
353 58 354 1889 
354 1248 58 1086 
355 1086 58 2226 
356 1761 58 1248 
357 1792 58 1889 
358 2226 58 1792 
359 59 1653 305 
360 305 2065 59 
361 1375 59 1376 
362 1375 1555 59 
363 1376 59 2489 
364 1555 2044 59 
365 1653 59 2044 
366 2065 2489 59 
367 60 255 1577 
368 255 60 1969 
369 60 1577 503 
370 503 2108 60 
371 60 2108 1969 
372 61 1658 848 
373 848 1969 61 
374 1970 1658 61 
375 61 1969 1970 
376 62 288 276 
377 276 1601 62 
378 288 62 373 
379 1816 373 62 
380 685 62 1601 
381 1920 62 685 
382 1920 1816 62 
383 63 1766 189 
384 63 189 2000 
385 746 1766 63 
386 746 63 2223 
387 63 2000 2223 
388 64 2056 891 
389 64 891 2170 
390 1940 912 64 
391 64 912 2056 
392 64 982 1941 
393 2170 982 64 
394 64 1941 1940 
395 1034 65 1035 
396 1034 1662 65 
397 1035 65 1495 
398 1496 1495 65 
399 1496 65 2052 
400 65 1662 1863 
401 1863 2052 65 
402 66 1924 824 
403 66 824 2289 
404 66 2050 1924 
405 2050 66 2051 
406 2392 2051 66 
407 66 2289 2416 
408 66 2416 2392 
409 67 609 317 
410 67 317 1675 
411 610 609 67 
412 834 610 67 
413 1384 834 67 
414 1675 1384 67 
415 561 402 68 
416 68 402 2160 
417 68 421 579 
418 68 2161 421 
419 579 561 68 
420 2161 68 2160 
421 2078 1365 69 
422 1365 2492 69 
423 1372 1371 69 
424 2077 69 1371 
425 1533 1372 69 
426 1533 69 2492 
427 69 2077 2078 
428 1533 245 70 
429 1535 70 245 
430 1123 792 70 
431 792 2491 70 
432 1535 1123 70 
433 70 2491 1533 
434 456 71 1317 
435 71 456 2094 
436 2091 71 929 
437 929 71 2092 
438 71 2091 1317 
439 71 2094 2092 
440 120 72 1563 
441 72 120 1923 
442 72 940 1206 
443 72 1923 940 
444 72 1206 2329 
445 1563 72 1651 
446 2329 1651 72 
447 73 508 2113 
448 2259 508 73 
449 1890 73 2113 
450 73 1890 2260 
451 2260 2259 73 
452 371 556 74 
453 371 74 2191 
454 556 2411 74 
455 74 980 858 
456 74 858 2191 
457 2411 980 74 
458 1862 75 432 
459 1988 432 75 
460 75 1894 997 
461 997 1988 75 
462 75 1862 2472 
463 1894 75 2472 
464 287 76 559 
465 76 287 1996 
466 496 559 76 
467 76 1938 496 
468 76 1477 1478 
469 1477 76 1996 
470 1938 76 1478 
471 885 77 1260 
472 885 2148 77 
473 1059 1260 77 
474 77 2264 1059 
475 2148 2215 77 
476 2264 77 2215 
477 78 437 1416 
478 2342 437 78 
479 78 1415 1300 
480 78 1300 2423 
481 1415 78 1416 
482 78 2423 2342 
483 84 214 79 
484 84 79 2212 
485 79 214 632 
486 632 1682 79 
487 1682 836 79 
488 79 836 2212 
489 308 449 80 
490 308 80 1660 
491 449 901 80 
492 80 901 989 
493 80 989 1660 
494 548 81 214 
495 214 81 1780 
496 2318 81 548 
497 81 826 1781 
498 826 81 2318 
499 81 1781 1780 
500 1139 1344 82 
501 2263 1139 82 
502 82 1344 2307 
503 82 1795 1796 
504 1795 82 2307 
505 82 1796 2263 
506 83 2048 166 
507 83 2047 2048 
508 84 168 167 
509 84 167 1342 
510 84 2212 168 
511 548 214 84 
512 548 84 530 
513 1342 530 84 
514 85 1652 1119 
515 2463 85 1119 
516 1386 85 1313 
517 85 2463 1313 
518 1385 85 1386 
519 85 1385 1652 
520 309 1660 86 
521 309 86 2266 
522 1660 989 86 
523 86 989 1666 
524 86 1666 2266 
525 613 87 196 
526 2045 196 87 
527 87 613 2042 
528 899 87 895 
529 2042 895 87 
530 899 2045 87 
531 706 316 88 
532 912 88 316 
533 88 916 706 
534 88 912 1940 
535 88 1226 916 
536 88 1940 1226 
537 835 234 89 
538 234 975 89 
539 1508 835 89 
540 1508 89 877 
541 89 2020 877 
542 89 975 2165 
543 2165 2020 89 
544 90 531 123 
545 1517 90 123 
546 134 90 523 
547 90 134 531 
548 523 90 239 
549 239 90 1517 
550 765 1538 91 
551 1805 765 91 
552 91 1538 1539 
553 91 1539 1954 
554 1954 1805 91 
555 1474 358 92 
556 358 1768 92 
557 92 838 841 
558 92 1768 838 
559 841 1474 92 
560 542 93 417 
561 417 93 823 
562 93 542 723 
563 723 844 93 
564 93 1921 823 
565 844 1921 93 
566 563 94 675 
567 94 563 1720 
568 732 675 94 
569 732 94 1721 
570 1721 94 1720 
571 95 306 1654 
572 95 1720 306 
573 95 1654 1710 
574 1710 1709 95 
575 1709 1721 95 
576 1721 1720 95 
577 182 96 181 
578 2442 181 96 
579 182 1452 96 
580 96 676 1276 
581 1452 676 96 
582 96 1276 2442 
583 97 1895 113 
584 2260 97 113 
585 97 1890 1975 
586 1890 97 2260 
587 1895 97 1975 
588 275 98 347 
589 275 882 98 
590 98 1413 347 
591 1449 98 628 
592 1737 628 98 
593 98 882 1737 
594 98 1449 1413 
595 99 514 1905 
596 99 2141 514 
597 2141 99 1287 
598 2247 1287 99 
599 1905 1907 99 
600 1907 2247 99 
601 872 873 100 
602 100 2222 872 
603 1628 100 873 
604 100 1627 883 
605 100 883 2222 
606 1628 1627 100 
607 101 889 1486 
608 889 101 2035 
609 101 1349 2035 
610 101 2456 1349 
611 2153 101 1486 
612 2153 2457 101 
613 2457 2456 101 
614 1428 196 102 
615 1509 102 196 
616 1491 102 1013 
617 102 2159 1013 
618 102 1491 1428 
619 102 1509 2159 
620 103 654 1532 
621 2502 654 103 
622 103 1532 753 
623 1657 103 753 
624 103 1657 2483 
625 2483 2502 103 
626 104 1677 318 
627 104 318 1953 
628 2084 925 104 
629 925 2177 104 
630 2177 1677 104 
631 1953 1952 104 
632 104 1952 2084 
633 105 1540 1348 
634 1952 105 1348 
635 1540 105 1841 
636 1647 105 1953 
637 105 1647 2063 
638 1841 105 2063 
639 1953 105 1952 
640 159 106 972 
641 106 159 2328 
642 106 971 972 
643 106 2161 971 
644 2073 2072 106 
645 2161 106 2072 
646 106 2328 2073 
647 1226 107 1217 
648 1687 1217 107 
649 107 1226 1770 
650 107 1473 1688 
651 107 1770 1473 
652 107 1688 1687 
653 108 720 328 
654 328 1701 108 
655 720 108 721 
656 108 1541 721 
657 108 1701 1525 
658 109 926 159 
659 1462 109 159 
660 220 109 797 
661 109 220 817 
662 1782 797 109 
663 109 817 926 
664 1782 109 1462 
665 389 800 110 
666 110 1708 389 
667 731 110 390 
668 800 390 110 
669 731 1718 110 
670 1204 1708 110 
671 1718 1204 110 
672 1037 111 1038 
673 111 1037 1343 
674 1038 111 2110 
675 111 1343 1728 
676 1728 2114 111 
677 111 2114 2110 
678 112 512 2116 
679 112 2122 512 
680 967 1167 112 
681 2156 967 112 
682 112 1167 2122 
683 112 2116 2156 
684 1888 113 977 
685 2320 977 113 
686 2259 113 1888 
687 113 1895 2320 
688 113 2259 2260 
689 114 1893 631 
690 631 2128 114 
691 1165 762 114 
692 762 1893 114 
693 114 2128 1165 
694 1257 1285 115 
695 2180 1257 115 
696 2448 115 1285 
697 2180 115 2181 
698 115 2229 2181 
699 2229 115 2448 
700 116 527 153 
701 953 116 153 
702 953 218 116 
703 116 218 1092 
704 1092 527 116 
705 689 117 1611 
706 117 689 2304 
707 995 1417 117 
708 995 117 1947 
709 1417 1611 117 
710 1947 117 2304 
711 475 2135 118 
712 118 2148 475 
713 118 2135 1209 
714 118 1209 2215 
715 118 2215 2148 
716 824 119 407 
717 119 829 407 
718 1911 119 824 
719 829 119 1911 
720 120 264 1923 
721 814 120 1563 
722 2118 978 121 
723 2166 121 978 
724 1974 121 1730 
725 121 2166 1730 
726 1974 2107 121 
727 121 2107 2118 
728 713 122 324 
729 122 2162 324 
730 713 653 122 
731 653 1528 122 
732 747 122 1528 
733 122 747 2038 
734 2038 2162 122 
735 2060 123 531 
736 2068 1517 123 
737 123 2060 2068 
738 753 124 307 
739 1656 307 124 
740 423 839 124 
741 423 124 976 
742 753 976 124 
743 1656 124 839 
744 937 458 125 
745 458 2101 125 
746 125 459 937 
747 459 125 2240 
748 125 1122 504 
749 2240 125 504 
750 2101 1122 125 
751 820 126 399 
752 399 126 2470 
753 400 126 1904 
754 400 2470 126 
755 820 821 126 
756 126 821 1904 
757 1076 127 1077 
758 1076 2187 127 
759 1077 127 2417 
760 127 2187 2186 
761 127 2186 2219 
762 2417 127 2219 
763 368 1559 128 
764 1801 368 128 
765 128 1559 1558 
766 128 1558 1820 
767 128 1784 1801 
768 1784 128 1820 
769 1186 129 1187 
770 129 1186 1553 
771 1187 129 2288 
772 129 1492 1493 
773 2484 1492 129 
774 129 1493 2288 
775 129 1553 2500 
776 129 2499 2484 
777 2500 2499 129 
778 130 1313 489 
779 489 2321 130 
780 130 778 1387 
781 1819 778 130 
782 1819 130 1112 
783 2321 1112 130 
784 1313 130 1386 
785 1387 1386 130 
786 1417 605 131 
787 2345 131 605 
788 131 1198 1624 
789 1198 131 2346 
790 131 1611 1417 
791 1611 131 1624 
792 131 2345 2346 
793 1684 169 132 
794 169 2081 132 
795 241 132 593 
796 132 241 2069 
797 377 1684 132 
798 2069 377 132 
799 593 132 2081 
800 133 1356 956 
801 956 1606 133 
802 133 2458 1356 
803 1605 133 1606 
804 134 523 2290 
805 2060 531 134 
806 134 2061 2060 
807 134 2327 2061 
808 134 2290 2327 
809 921 135 777 
810 135 1457 777 
811 2079 135 921 
812 135 1368 2064 
813 135 2079 1368 
814 135 1456 1457 
815 1456 135 2064 
816 1135 184 136 
817 136 184 2236 
818 469 1135 136 
819 469 136 2366 
820 1215 136 2236 
821 136 1215 2366 
822 810 137 342 
823 342 137 1593 
824 958 395 137 
825 137 395 2474 
826 958 137 810 
827 2474 1593 137 
828 138 1741 526 
829 526 2296 138 
830 1004 1003 138 
831 1003 1742 138 
832 1487 1004 138 
833 2296 1487 138 
834 138 1742 1741 
835 139 1328 286 
836 1613 139 286 
837 139 1613 440 
838 139 440 1919 
839 1600 1328 139 
840 139 1919 1600 
841 140 628 884 
842 140 1449 628 
843 140 884 2010 
844 1357 1449 140 
845 1357 140 2012 
846 140 2010 2012 
847 141 290 1617 
848 141 740 1615 
849 740 141 1618 
850 1615 1614 141 
851 141 1617 1618 
852 1793 142 394 
853 1803 394 142 
854 1793 1723 142 
855 1804 142 1723 
856 1804 1803 142 
857 143 1632 292 
858 292 2003 143 
859 143 964 1632 
860 143 2150 964 
861 143 2003 1329 
862 143 1329 2150 
863 319 144 320 
864 144 319 1163 
865 2066 320 144 
866 2280 144 1163 
867 144 2280 2066 
868 145 204 205 
869 2451 204 145 
870 480 145 205 
871 480 2152 145 
872 2287 1071 145 
873 1071 2451 145 
874 2287 145 2152 
875 146 553 1254 
876 2293 553 146 
877 988 999 146 
878 988 146 1254 
879 999 2185 146 
880 146 2185 1160 
881 146 1160 2293 
882 147 500 1007 
883 1029 500 147 
884 147 1007 536 
885 147 536 2230 
886 1029 147 2230 
887 1466 148 1069 
888 1069 148 2365 
889 1927 148 1466 
890 1927 2397 148 
891 2398 2365 148 
892 2397 2398 148 
893 149 1247 2277 
894 149 2418 1247 
895 2427 149 2277 
896 2388 149 2389 
897 2419 149 2388 
898 2427 2389 149 
899 2419 2418 149 
900 150 609 293 
901 293 1644 150 
902 1645 318 150 
903 318 1677 150 
904 609 150 1677 
905 150 1644 1645 
906 151 1746 350 
907 2015 151 350 
908 151 2348 1746 
909 2015 2348 151 
910 152 728 729 
911 728 152 2368 
912 933 152 729 
913 152 933 934 
914 152 934 1166 
915 152 1166 2368 
916 527 1292 153 
917 953 153 751 
918 153 1292 751 
919 444 1096 154 
920 2170 444 154 
921 1096 517 154 
922 2188 154 517 
923 154 612 611 
924 154 611 2170 
925 2188 612 154 
926 1424 155 515 
927 2278 515 155 
928 155 1424 1949 
929 1949 2054 155 
930 2054 2278 155 
931 156 182 1589 
932 156 2117 182 
933 2117 156 466 
934 156 2155 466 
935 2155 156 1589 
936 157 1221 533 
937 533 2465 157 
938 1037 157 1343 
939 2097 157 1037 
940 1221 157 2097 
941 157 2465 1343 
942 158 322 310 
943 310 1840 158 
944 1523 322 158 
945 158 714 652 
946 1523 158 652 
947 714 158 1840 
948 926 2328 159 
949 972 1462 159 
950 205 1450 160 
951 1632 205 160 
952 160 1273 1632 
953 1273 160 1742 
954 1742 160 1450 
955 1219 161 1197 
956 1197 161 2399 
957 1219 1974 161 
958 1730 1335 161 
959 161 1335 2399 
960 161 1974 1730 
961 194 608 162 
962 665 194 162 
963 162 608 1655 
964 665 162 2464 
965 2464 162 1655 
966 163 289 1603 
967 289 163 1999 
968 751 745 163 
969 2163 163 745 
970 750 751 163 
971 750 163 1603 
972 1999 163 2163 
973 1501 164 1502 
974 164 1501 2496 
975 1502 164 2495 
976 2487 164 2488 
977 2487 2490 164 
978 2496 2488 164 
979 2495 164 2490 
980 1242 442 165 
981 442 1383 165 
982 1383 834 165 
983 165 834 1384 
984 165 1675 1242 
985 1675 165 1384 
986 238 166 2199 
987 420 166 579 
988 166 420 2199 
989 579 166 2048 
990 167 168 589 
991 167 580 1342 
992 580 167 1355 
993 1355 167 589 
994 168 2212 589 
995 454 169 1648 
996 454 2081 169 
997 169 923 1648 
998 1684 923 169 
999 171 170 927 
1000 170 171 1388 
1001 216 170 592 
1002 216 1499 170 
1003 592 170 1388 
1004 170 1499 927 
1005 1690 171 927 
1006 171 1392 1388 
1007 1690 1392 171 
1008 227 226 172 
1009 616 172 226 
1010 227 172 370 
1011 172 1282 370 
1012 172 616 1431 
1013 172 1121 1282 
1014 172 1431 1121 
1015 232 643 173 
1016 1396 232 173 
1017 594 173 595 
1018 594 1396 173 
1019 595 173 1397 
1020 173 643 1397 
1021 1395 595 174 
1022 174 595 1398 
1023 1398 656 174 
1024 656 1537 174 
1025 175 938 618 
1026 618 1399 175 
1027 175 818 938 
1028 1547 818 175 
1029 175 1399 1547 
1030 176 298 248 
1031 248 1549 176 
1032 298 176 1401 
1033 1401 176 596 
1034 596 176 1549 
1035 177 295 178 
1036 597 177 178 
1037 295 177 1637 
1038 597 1402 177 
1039 620 177 621 
1040 177 620 1637 
1041 621 177 1402 
1042 1636 178 295 
1043 2248 597 178 
1044 1636 1051 178 
1045 178 1051 2248 
1046 2119 179 801 
1047 801 179 2261 
1048 1099 179 1333 
1049 1099 2261 179 
1050 1333 179 2178 
1051 2119 2178 179 
1052 180 598 599 
1053 180 1406 598 
1054 1128 180 1129 
1055 1128 1406 180 
1056 181 1589 182 
1057 1589 181 1284 
1058 1284 181 2442 
1059 2117 1452 182 
1060 876 439 183 
1061 439 2018 183 
1062 600 183 601 
1063 876 183 600 
1064 601 183 853 
1065 853 183 2018 
1066 1061 184 1135 
1067 1592 184 1061 
1068 185 186 602 
1069 185 1411 186 
1070 1754 185 602 
1071 1411 185 957 
1072 1754 957 185 
1073 1349 186 443 
1074 1411 443 186 
1075 602 186 1412 
1076 186 1349 1412 
1077 187 1357 1415 
1078 187 1449 1357 
1079 187 1416 1413 
1080 187 1413 1449 
1081 187 1415 1416 
1082 188 604 868 
1083 868 1414 188 
1084 870 188 1414 
1085 2013 188 870 
1086 604 189 1766 
1087 787 2000 189 
1088 1412 190 212 
1089 212 190 2415 
1090 2456 190 1412 
1091 1418 2415 190 
1092 190 2456 1418 
1093 438 191 1418 
1094 438 2450 191 
1095 1286 2415 191 
1096 1286 191 2450 
1097 191 2415 1418 
1098 606 1420 192 
1099 606 192 1421 
1100 192 955 1485 
1101 2129 955 192 
1102 1420 1483 192 
1103 192 1485 1421 
1104 2129 192 1483 
1105 193 608 194 
1106 1800 193 194 
1107 193 1800 249 
1108 193 1432 608 
1109 1559 194 665 
1110 1559 1800 194 
1111 909 195 452 
1112 452 195 2055 
1113 612 195 611 
1114 611 195 1427 
1115 612 2055 195 
1116 909 1427 195 
1117 196 1428 613 
1118 196 2045 1509 
1119 615 197 198 
1120 198 197 1514 
1121 197 614 711 
1122 1551 614 197 
1123 615 1551 197 
1124 197 711 1514 
1125 198 1514 607 
1126 198 607 1523 
1127 1683 615 198 
1128 1683 198 1523 
1129 265 199 268 
1130 335 199 265 
1131 268 199 269 
1132 199 1584 269 
1133 335 986 199 
1134 199 986 622 
1135 199 622 1584 
1136 1437 200 623 
1137 623 200 1438 
1138 1438 200 672 
1139 200 1451 672 
1140 201 624 1440 
1141 201 1441 624 
1142 1203 1202 201 
1143 1561 1203 201 
1144 1561 201 1440 
1145 202 675 732 
1146 1403 675 202 
1147 202 732 1719 
1148 202 1405 1403 
1149 202 1443 1405 
1150 1443 202 1719 
1151 203 625 1444 
1152 203 1726 625 
1153 1104 203 1042 
1154 1042 203 1444 
1155 1803 203 1104 
1156 203 1803 1726 
1157 1450 205 204 
1158 204 526 1741 
1159 2451 526 204 
1160 1741 1450 204 
1161 205 1632 480 
1162 206 207 676 
1163 207 206 1886 
1164 206 676 1452 
1165 206 1055 1350 
1166 2117 1055 206 
1167 2480 206 1350 
1168 1452 2117 206 
1169 1886 206 2480 
1170 1886 388 207 
1171 1966 207 388 
1172 1967 676 207 
1173 207 1966 1967 
1174 208 1364 389 
1175 208 389 1708 
1176 726 1706 208 
1177 726 208 1708 
1178 208 1706 1364 
1179 209 800 389 
1180 209 389 1364 
1181 209 425 800 
1182 209 2485 425 
1183 209 1364 583 
1184 629 210 966 
1185 629 1453 210 
1186 1164 966 210 
1187 210 1000 1250 
1188 1000 210 1453 
1189 1164 210 1250 
1190 212 211 1754 
1191 2414 211 212 
1192 346 1753 211 
1193 346 211 2414 
1194 1753 1754 211 
1195 1412 212 602 
1196 602 212 1754 
1197 212 2415 2414 
1198 213 768 1822 
1199 213 1460 1461 
1200 213 1822 1460 
1201 214 1780 632 
1202 215 894 446 
1203 215 446 1084 
1204 895 215 633 
1205 1085 633 215 
1206 894 215 895 
1207 1085 215 1084 
1208 216 592 635 
1209 1391 216 635 
1210 1499 216 1391 
1211 217 1088 495 
1212 217 495 2393 
1213 933 217 934 
1214 217 933 1465 
1215 934 217 1464 
1216 1463 1088 217 
1217 1463 217 1465 
1218 217 2393 1464 
1219 952 218 953 
1220 952 1467 218 
1221 1092 218 1093 
1222 218 1470 1093 
1223 218 1467 1469 
1224 1469 1470 218 
1225 1592 219 272 
1226 2018 272 219 
1227 681 219 1410 
1228 1471 219 681 
1229 1410 219 1592 
1230 219 1471 1472 
1231 219 1472 2018 
1232 220 637 817 
1233 220 1715 637 
1234 220 797 799 
1235 1715 220 799 
1236 221 1117 1480 
1237 2326 1117 221 
1238 1479 221 1481 
1239 1479 2325 221 
1240 1481 221 1480 
1241 2325 2326 221 
1242 222 687 343 
1243 737 222 343 
1244 603 687 222 
1245 603 222 1482 
1246 737 639 222 
1247 222 639 1482 
1248 906 223 813 
1249 813 223 1016 
1250 223 906 905 
1251 1512 223 905 
1252 224 225 1488 
1253 225 224 1958 
1254 981 1040 224 
1255 224 1489 981 
1256 224 1031 1032 
1257 224 1488 1031 
1258 1489 224 1032 
1259 1958 224 1040 
1260 1049 1050 225 
1261 1049 225 1958 
1262 225 1050 1455 
1263 1488 225 1455 
1264 1490 226 227 
1265 616 226 930 
1266 930 226 1228 
1267 226 1490 1228 
1268 370 1807 227 
1269 1807 1490 227 
1270 228 1429 1491 
1271 1823 1429 228 
1272 1491 2037 228 
1273 1680 1823 228 
1274 229 641 642 
1275 1360 641 229 
1276 1493 229 642 
1277 1360 229 1361 
1278 1361 229 1492 
1279 1492 229 1493 
1280 1493 642 230 
1281 230 642 1495 
1282 230 1073 1075 
1283 230 1496 1073 
1284 1493 230 1075 
1285 230 1495 1496 
1286 231 849 1500 
1287 231 1574 849 
1288 1497 231 1498 
1289 1497 2109 231 
1290 1498 231 1500 
1291 2109 1574 231 
1292 232 1501 643 
1293 2496 232 1396 
1294 1501 232 2496 
1295 646 366 233 
1296 366 1839 233 
1297 233 1016 453 
1298 813 1016 233 
1299 813 233 1839 
1300 835 384 234 
1301 234 384 1427 
1302 234 1427 909 
1303 1507 234 909 
1304 234 1507 975 
1305 235 236 647 
1306 647 2063 235 
1307 1647 1646 235 
1308 1647 235 2063 
1309 647 236 991 
1310 990 991 236 
1311 990 236 2175 
1312 991 237 647 
1313 1315 1950 237 
1314 238 2198 483 
1315 2198 238 2199 
1316 523 239 1679 
1317 2069 239 1517 
1318 240 877 649 
1319 240 649 1846 
1320 240 705 1508 
1321 240 1846 705 
1322 1508 877 240 
1323 1391 241 593 
1324 241 1391 635 
1325 241 635 1519 
1326 1369 242 1520 
1327 242 1369 2234 
1328 1520 242 1522 
1329 242 1521 1522 
1330 243 1526 385 
1331 243 385 1693 
1332 1526 243 653 
1333 243 1527 653 
1334 243 1695 1527 
1335 1695 243 1693 
1336 560 244 1531 
1337 560 2404 244 
1338 654 1531 244 
1339 654 244 1532 
1340 244 2089 1532 
1341 2404 2089 244 
1342 245 2492 587 
1343 2493 245 587 
1344 1533 2492 245 
1345 1534 1535 245 
1346 1534 245 2493 
1347 246 655 656 
1348 246 1562 655 
1349 1536 246 656 
1350 1097 246 1098 
1351 1097 1562 246 
1352 1098 246 1536 
1353 655 247 1537 
1354 1214 1213 247 
1355 247 1213 1537 
1356 1548 248 1545 
1357 248 1548 1962 
1358 248 1962 1549 
1359 249 661 1546 
1360 2256 661 249 
1361 2256 249 1800 
1362 306 294 250 
1363 294 698 250 
1364 250 1654 306 
1365 1654 250 847 
1366 251 662 663 
1367 251 1554 662 
1368 1186 251 663 
1369 251 1186 1188 
1370 2390 251 1188 
1371 1554 251 2390 
1372 664 1561 252 
1373 664 252 1562 
1374 1884 252 1561 
1375 1885 252 1884 
1376 253 424 2258 
1377 253 2306 424 
1378 253 782 1922 
1379 253 2258 782 
1380 253 1922 1099 
1381 2306 253 1099 
1382 260 261 254 
1383 260 254 1711 
1384 1564 1702 254 
1385 254 1702 2103 
1386 1711 254 2103 
1387 965 255 742 
1388 1968 742 255 
1389 255 965 1577 
1390 1969 1968 255 
1391 256 263 258 
1392 256 258 1571 
1393 674 263 256 
1394 671 670 256 
1395 256 670 674 
1396 1571 671 256 
1397 257 270 464 
1398 1572 270 257 
1399 257 464 1637 
1400 669 257 620 
1401 620 257 1637 
1402 1572 257 669 
1403 733 258 259 
1404 259 258 1576 
1405 263 1576 258 
1406 1571 258 733 
1407 1722 733 259 
1408 1722 259 1847 
1409 260 267 261 
1410 267 260 1582 
1411 1711 1582 260 
1412 261 267 302 
1413 1569 261 302 
1414 262 460 458 
1415 2099 262 458 
1416 262 463 460 
1417 463 262 942 
1418 262 936 673 
1419 673 1574 262 
1420 262 2099 936 
1421 942 262 1574 
1422 263 1573 1576 
1423 1580 264 266 
1424 1580 1923 264 
1425 502 265 268 
1426 265 1577 335 
1427 502 1577 265 
1428 266 677 1578 
1429 266 1636 677 
1430 1578 1580 266 
1431 1913 302 267 
1432 1582 1583 267 
1433 267 1583 1913 
1434 409 268 269 
1435 268 409 2268 
1436 502 268 2268 
1437 409 269 1853 
1438 1853 269 1584 
1439 464 270 680 
1440 270 1585 680 
1441 270 1571 733 
1442 1585 270 733 
1443 1571 270 1572 
1444 271 1589 1284 
1445 2468 271 1284 
1446 2468 1762 271 
1447 2018 2019 272 
1448 682 1593 273 
1449 682 273 2446 
1450 273 2039 1334 
1451 273 1334 2446 
1452 1593 2474 273 
1453 2474 2039 273 
1454 277 278 274 
1455 682 277 274 
1456 274 278 1609 
1457 342 1593 274 
1458 1609 342 274 
1459 274 1593 682 
1460 275 347 1482 
1461 1482 639 275 
1462 275 639 1597 
1463 882 275 2026 
1464 2026 275 1597 
1465 1616 276 288 
1466 1601 276 683 
1467 277 303 278 
1468 473 303 277 
1469 473 277 682 
1470 278 299 1609 
1471 278 1614 299 
1472 1643 278 303 
1473 1614 278 1643 
1474 785 279 379 
1475 1903 379 279 
1476 279 785 1608 
1477 279 1461 1460 
1478 1744 279 1460 
1479 1608 1461 279 
1480 1744 1903 279 
1481 282 1609 280 
1482 280 1610 282 
1483 365 280 1609 
1484 365 2009 280 
1485 2007 1610 280 
1486 2007 280 2009 
1487 1610 281 688 
1488 1937 688 281 
1489 281 1610 2007 
1490 281 2214 1937 
1491 2214 281 2007 
1492 688 282 1610 
1493 282 688 1900 
1494 282 810 1609 
1495 1900 810 282 
1496 283 691 291 
1497 1094 283 291 
1498 283 689 691 
1499 283 2304 689 
1500 1114 283 1094 
1501 1114 2304 283 
1502 284 1612 285 
1503 1612 284 1639 
1504 285 996 1295 
1505 285 1778 996 
1506 1612 1778 285 
1507 287 1613 286 
1508 287 286 1996 
1509 286 1328 862 
1510 862 1996 286 
1511 288 373 477 
1512 1616 288 477 
1513 290 289 1999 
1514 290 1999 1617 
1515 691 479 291 
1516 291 479 1625 
1517 1623 1094 291 
1518 291 1625 1623 
1519 1631 866 292 
1520 866 2003 292 
1521 1273 1607 292 
1522 292 1632 1273 
1523 1607 1631 292 
1524 293 694 487 
1525 1644 293 487 
1526 293 609 694 
1527 1280 294 306 
1528 294 1912 698 
1529 1912 294 1280 
1530 1635 677 295 
1531 677 1636 295 
1532 1635 295 1637 
1533 482 1407 296 
1534 296 1638 482 
1535 696 296 598 
1536 296 1407 598 
1537 679 296 696 
1538 735 296 679 
1539 735 1638 296 
1540 297 1168 967 
1541 2155 297 967 
1542 2246 297 1043 
1543 1168 297 2246 
1544 2252 298 1401 
1545 2252 2476 298 
1546 299 365 1609 
1547 300 1644 487 
1548 1645 1644 300 
1549 1645 300 1647 
1550 1646 1647 300 
1551 697 793 301 
1552 697 301 2080 
1553 793 1634 301 
1554 1634 1633 301 
1555 1764 301 1633 
1556 1764 2080 301 
1557 1567 1569 302 
1558 303 1602 1643 
1559 323 324 304 
1560 323 304 1649 
1561 324 2162 304 
1562 2159 483 304 
1563 304 483 2198 
1564 1649 304 2198 
1565 2159 304 2162 
1566 1385 914 305 
1567 914 2065 305 
1568 1652 1385 305 
1569 1652 305 1653 
1570 306 563 1280 
1571 563 306 1720 
1572 307 1657 753 
1573 307 1656 1360 
1574 307 1360 1657 
1575 449 308 2405 
1576 1659 308 1660 
1577 308 1659 1865 
1578 1865 2405 308 
1579 1664 309 511 
1580 511 309 2266 
1581 1504 1659 309 
1582 1659 1660 309 
1583 1836 310 322 
1584 310 788 700 
1585 1661 310 700 
1586 310 1836 788 
1587 310 1661 1840 
1588 311 1664 1060 
1589 1665 311 1060 
1590 1663 1664 311 
1591 1665 1663 311 
1592 1060 511 312 
1593 312 511 2266 
1594 1669 1060 312 
1595 1666 1253 312 
1596 312 1253 1668 
1597 2266 1666 312 
1598 312 1668 1669 
1599 757 313 702 
1600 313 1671 702 
1601 1264 313 757 
1602 1265 313 1264 
1603 1265 1671 313 
1604 314 704 362 
1605 757 314 362 
1606 704 314 1673 
1607 1670 314 757 
1608 2290 314 1670 
1609 2290 1673 314 
1610 706 1944 315 
1611 706 315 2062 
1612 710 315 1944 
1613 2059 315 710 
1614 2059 2062 315 
1615 316 706 2062 
1616 912 316 2056 
1617 913 2056 316 
1618 2062 913 316 
1619 609 1677 317 
1620 1675 317 1676 
1621 2424 1676 317 
1622 317 1677 2424 
1623 1953 318 1645 
1624 319 320 709 
1625 319 2361 1163 
1626 709 320 2165 
1627 320 2066 2020 
1628 320 2020 2165 
1629 650 711 321 
1630 650 321 1390 
1631 1430 321 711 
1632 888 1390 321 
1633 888 321 1430 
1634 1422 322 607 
1635 1523 607 322 
1636 323 713 324 
1637 323 1649 325 
1638 325 1685 323 
1639 323 1526 713 
1640 1526 323 1685 
1641 1649 422 325 
1642 325 422 1686 
1643 325 715 716 
1644 325 1686 715 
1645 1685 325 716 
1646 840 719 326 
1647 326 719 1565 
1648 840 326 1805 
1649 326 1565 1698 
1650 1805 326 1698 
1651 327 888 722 
1652 327 722 2258 
1653 888 327 1756 
1654 1756 327 1964 
1655 1964 327 2258 
1656 1545 328 720 
1657 759 1701 328 
1658 2477 328 1545 
1659 2477 2095 328 
1660 329 575 532 
1661 532 1703 329 
1662 1454 575 329 
1663 2281 1454 329 
1664 1702 329 1703 
1665 1702 2281 329 
1666 337 330 1204 
1667 337 1709 330 
1668 726 330 727 
1669 726 1708 330 
1670 727 330 1709 
1671 1204 330 1708 
1672 587 1707 331 
1673 331 2493 587 
1674 1707 727 331 
1675 331 727 1710 
1676 1654 847 331 
1677 2493 331 847 
1678 1710 1654 331 
1679 332 1655 333 
1680 1655 332 1716 
1681 2480 1716 332 
1682 2480 332 1886 
1683 1714 334 333 
1684 1655 608 333 
1685 333 608 1714 
1686 1045 334 1046 
1687 1046 334 1714 
1688 1577 965 335 
1689 335 965 1751 
1690 2017 986 335 
1691 1751 2017 335 
1692 336 338 734 
1693 336 1439 338 
1694 336 1299 730 
1695 336 730 1439 
1696 336 734 1027 
1697 336 1027 1028 
1698 1299 336 1028 
1699 1719 732 337 
1700 732 1721 337 
1701 1113 337 1204 
1702 1113 1719 337 
1703 337 1721 1709 
1704 369 338 1341 
1705 369 1723 338 
1706 338 1723 734 
1707 1439 1341 338 
1708 1436 621 339 
1709 339 621 1724 
1710 1436 339 850 
1711 850 339 1802 
1712 339 1724 1725 
1713 339 1725 1802 
1714 1802 340 369 
1715 340 1804 369 
1716 1725 947 340 
1717 340 947 1726 
1718 1725 340 1802 
1719 1726 1804 340 
1720 803 1446 341 
1721 803 341 1729 
1722 1343 341 1728 
1723 1343 1729 341 
1724 1728 341 1446 
1725 810 342 1609 
1726 868 343 687 
1727 1732 737 343 
1728 1732 343 746 
1729 746 343 1766 
1730 1766 343 868 
1731 344 558 1210 
1732 2412 558 344 
1733 344 738 1733 
1734 2402 738 344 
1735 1210 2402 344 
1736 344 1733 1740 
1737 1740 2412 344 
1738 1739 345 861 
1739 345 1986 861 
1740 882 1738 345 
1741 882 345 1739 
1742 345 1738 1986 
1743 1740 1755 346 
1744 2412 1740 346 
1745 2412 346 1750 
1746 2414 1750 346 
1747 1755 1753 346 
1748 347 1413 1482 
1749 348 349 774 
1750 348 1743 349 
1751 348 774 773 
1752 1918 348 773 
1753 348 820 819 
1754 348 819 1743 
1755 1918 820 348 
1756 2146 349 1743 
1757 2146 2147 349 
1758 350 1746 741 
1759 350 741 1856 
1760 871 350 1856 
1761 350 871 2015 
1762 351 1749 558 
1763 351 558 2412 
1764 1748 1749 351 
1765 1748 351 1750 
1766 1750 351 2412 
1767 957 352 806 
1768 1755 806 352 
1769 1754 352 957 
1770 1753 352 1754 
1771 1753 1755 352 
1772 1758 353 744 
1773 744 353 1760 
1774 1713 851 353 
1775 353 851 1760 
1776 1759 1713 353 
1777 1759 353 1758 
1778 354 1277 763 
1779 1889 354 763 
1780 354 1761 1277 
1781 1732 746 355 
1782 746 2223 355 
1783 1732 355 1777 
1784 1777 355 2225 
1785 355 2223 2225 
1786 748 1552 356 
1787 1767 748 356 
1788 1552 2178 356 
1789 356 2096 1767 
1790 2178 2096 356 
1791 1780 357 361 
1792 361 357 1782 
1793 798 357 749 
1794 749 357 1780 
1795 798 797 357 
1796 357 797 1782 
1797 358 752 1768 
1798 358 1770 752 
1799 1473 358 1474 
1800 1473 1770 358 
1801 657 1538 359 
1802 359 1772 657 
1803 1354 359 765 
1804 359 1538 765 
1805 2331 359 1354 
1806 359 1773 1772 
1807 2331 1773 359 
1808 498 360 1779 
1809 498 2221 360 
1810 360 929 756 
1811 360 756 1779 
1812 2354 929 360 
1813 360 2221 2354 
1814 361 1462 632 
1815 1780 361 632 
1816 1782 1462 361 
1817 704 2057 362 
1818 1783 757 362 
1819 910 1783 362 
1820 362 2057 910 
1821 364 1086 363 
1822 364 363 1165 
1823 363 1086 525 
1824 363 525 2295 
1825 1165 363 762 
1826 762 363 1793 
1827 1793 363 2295 
1828 764 1248 364 
1829 1796 764 364 
1830 364 1248 1086 
1831 1796 364 1165 
1832 366 646 367 
1833 1799 366 367 
1834 1799 1839 366 
1835 1507 452 367 
1836 1799 367 452 
1837 1506 367 646 
1838 367 1506 1507 
1839 368 1801 506 
1840 2256 368 506 
1841 368 1800 1559 
1842 368 2256 1800 
1843 369 1341 1802 
1844 1804 1723 369 
1845 1806 370 1282 
1846 370 1806 1345 
1847 1807 370 1345 
1848 371 1810 556 
1849 1808 766 371 
1850 371 766 1810 
1851 1808 371 805 
1852 371 1896 805 
1853 371 2191 1896 
1854 767 372 411 
1855 411 372 1943 
1856 1812 372 767 
1857 1033 1943 372 
1858 1033 372 2190 
1859 1812 2190 372 
1860 1815 373 1816 
1861 1529 714 374 
1862 714 1840 374 
1863 1529 374 1394 
1864 1394 374 1542 
1865 374 2232 1542 
1866 1661 374 1840 
1867 374 1661 2232 
1868 772 375 773 
1869 772 1815 375 
1870 773 375 1835 
1871 375 1834 1005 
1872 375 1005 1835 
1873 1815 1834 375 
1874 784 783 376 
1875 783 1848 376 
1876 1847 784 376 
1877 1847 376 2115 
1878 1517 377 2069 
1879 378 845 846 
1880 378 1844 845 
1881 1843 378 846 
1882 1374 1373 378 
1883 378 1373 1844 
1884 1843 1374 378 
1885 786 379 436 
1886 1903 436 379 
1887 785 379 786 
1888 864 787 380 
1889 380 787 1142 
1890 864 380 2001 
1891 1142 1149 380 
1892 380 1149 2014 
1893 1855 2001 380 
1894 1855 380 2014 
1895 1778 381 605 
1896 381 2345 605 
1897 381 1854 1145 
1898 2345 381 1145 
1899 1778 1612 381 
1900 1854 381 1612 
1901 382 1030 474 
1902 474 2133 382 
1903 1856 382 871 
1904 382 2133 871 
1905 382 1856 1030 
1906 383 946 1500 
1907 2110 946 383 
1908 1857 1124 383 
1909 383 1124 1858 
1910 1500 1857 383 
1911 1858 2110 383 
1912 418 384 835 
1913 418 1868 384 
1914 1867 1427 384 
1915 1867 384 1866 
1916 1866 384 1868 
1917 716 385 1685 
1918 1873 385 716 
1919 1526 1685 385 
1920 1693 385 1694 
1921 385 1873 1694 
1922 842 843 386 
1923 386 1872 842 
1924 386 843 1879 
1925 2100 386 1879 
1926 387 586 2491 
1927 586 387 2494 
1928 387 792 1845 
1929 387 2491 792 
1930 1845 2494 387 
1931 941 388 1045 
1932 388 941 1966 
1933 800 425 390 
1934 390 425 1971 
1935 426 390 1971 
1936 2120 390 426 
1937 2120 731 390 
1938 1912 391 814 
1939 1051 391 1289 
1940 1289 391 1280 
1941 391 1912 1280 
1942 1583 392 893 
1943 1887 893 392 
1944 1582 1581 392 
1945 392 1581 1887 
1946 1583 1582 392 
1947 801 393 2119 
1948 801 2259 393 
1949 1281 393 1888 
1950 393 1281 2118 
1951 1888 393 2259 
1952 2118 2119 393 
1953 762 1793 394 
1954 762 394 1893 
1955 2309 394 1803 
1956 2309 1893 394 
1957 395 807 396 
1958 395 396 2474 
1959 807 395 958 
1960 470 396 2123 
1961 470 2474 396 
1962 396 807 950 
1963 396 950 2123 
1964 397 1901 398 
1965 398 2215 397 
1966 397 1209 2137 
1967 1209 397 2215 
1968 397 2137 1901 
1969 398 1902 510 
1970 2264 398 510 
1971 398 1901 1902 
1972 2215 398 2264 
1973 820 399 819 
1974 819 399 1745 
1975 1744 1745 399 
1976 2470 1744 399 
1977 811 400 1904 
1978 2011 400 811 
1979 2011 1015 400 
1980 2470 400 1015 
1981 1909 1839 401 
1982 1839 1911 401 
1983 1910 1909 401 
1984 2050 1910 401 
1985 1924 401 1911 
1986 2050 401 1924 
1987 402 1865 403 
1988 2160 402 403 
1989 561 2405 402 
1990 2405 1865 402 
1991 403 644 712 
1992 403 1865 644 
1993 971 403 712 
1994 971 2160 403 
1995 821 820 404 
1996 820 1918 404 
1997 821 404 968 
1998 1183 968 404 
1999 1183 404 1070 
2000 404 1918 1070 
2001 406 822 405 
2002 406 405 2164 
2003 998 405 822 
2004 998 1506 405 
2005 2033 406 2164 
2006 824 407 1078 
2007 407 829 1926 
2008 407 1076 1078 
2009 407 1926 1076 
2010 408 636 469 
2011 469 2366 408 
2012 545 1466 408 
2013 2366 545 408 
2014 2283 636 408 
2015 1466 2283 408 
2016 409 1063 2268 
2017 409 2276 1063 
2018 1853 1196 409 
2019 1196 1928 409 
2020 409 1928 2276 
2021 827 1733 410 
2022 827 410 2235 
2023 410 1137 1138 
2024 410 1733 1137 
2025 410 1138 2235 
2026 1811 767 411 
2027 803 1811 411 
2028 803 411 2333 
2029 411 1943 1942 
2030 2333 411 1942 
2031 951 412 954 
2032 412 1033 954 
2033 412 1943 1033 
2034 1942 1943 412 
2035 1017 1944 413 
2036 1017 413 2086 
2037 1218 1687 413 
2038 1944 1218 413 
2039 413 1687 1689 
2040 2086 413 1689 
2041 1223 414 494 
2042 494 414 2371 
2043 414 1945 831 
2044 414 831 2371 
2045 1223 1945 414 
2046 741 1747 415 
2047 741 415 1829 
2048 415 1116 1830 
2049 1116 415 2323 
2050 1747 2323 415 
2051 1830 1829 415 
2052 996 995 416 
2053 416 995 1947 
2054 1295 996 416 
2055 1295 416 1294 
2056 1294 416 1947 
2057 1948 542 417 
2058 417 823 832 
2059 833 417 832 
2060 833 1948 417 
2061 1508 418 835 
2062 1508 911 418 
2063 1868 418 911 
2064 419 1389 1388 
2065 1681 419 1388 
2066 1389 419 1950 
2067 579 421 420 
2068 420 421 2071 
2069 1650 420 422 
2070 420 2071 422 
2071 2199 420 1650 
2072 421 1331 2071 
2073 421 2161 1331 
2074 651 1686 422 
2075 2071 651 422 
2076 1649 1650 422 
2077 976 455 423 
2078 455 1050 423 
2079 1050 839 423 
2080 1552 1964 424 
2081 424 2306 1552 
2082 424 1964 2258 
2083 425 1558 2227 
2084 1558 425 2485 
2085 1971 425 2227 
2086 994 426 1971 
2087 994 2182 426 
2088 426 2182 2120 
2089 533 1127 427 
2090 533 427 2465 
2091 427 1127 1972 
2092 427 1973 1729 
2093 2465 427 1729 
2094 1972 1973 427 
2095 428 429 852 
2096 428 1976 429 
2097 428 468 1591 
2098 428 2377 468 
2099 428 852 1797 
2100 1976 428 1591 
2101 2377 428 1797 
2102 1809 429 766 
2103 429 2396 766 
2104 852 429 1809 
2105 429 1976 2396 
2106 1472 430 853 
2107 853 430 1977 
2108 1471 1316 430 
2109 1316 2370 430 
2110 1472 1471 430 
2111 430 2370 1977 
2112 857 856 431 
2113 856 1986 431 
2114 2443 857 431 
2115 431 1986 1738 
2116 1738 2207 431 
2117 2207 2443 431 
2118 1988 859 432 
2119 432 859 1989 
2120 1014 1862 432 
2121 1014 432 1989 
2122 433 1174 1992 
2123 2275 1174 433 
2124 433 1992 1993 
2125 2136 433 1993 
2126 1479 863 434 
2127 434 863 2200 
2128 1007 434 1140 
2129 2325 434 1007 
2130 1140 434 2200 
2131 2325 1479 434 
2132 2000 864 435 
2133 864 2001 435 
2134 435 2001 1115 
2135 435 1115 2224 
2136 435 2223 2000 
2137 2223 435 2224 
2138 786 436 867 
2139 867 436 1994 
2140 1015 436 1903 
2141 1015 2211 436 
2142 1994 436 2211 
2143 437 870 1416 
2144 2013 870 437 
2145 437 2342 2013 
2146 1159 438 874 
2147 438 1418 874 
2148 2359 438 1159 
2149 438 2359 2450 
2150 1898 439 876 
2151 439 1898 2019 
2152 2018 439 2019 
2153 440 1010 476 
2154 440 476 1814 
2155 440 1813 881 
2156 1919 440 881 
2157 1613 1010 440 
2158 440 1814 1813 
2159 2028 2027 441 
2160 2027 2030 441 
2161 441 2357 2028 
2162 441 2030 2357 
2163 442 1242 969 
2164 1353 442 969 
2165 1352 442 1353 
2166 1352 1383 442 
2167 808 1181 443 
2168 808 443 1411 
2169 1181 2036 443 
2170 1349 443 2035 
2171 2036 2035 443 
2172 444 891 445 
2173 1096 444 445 
2174 891 444 2170 
2175 1672 702 445 
2176 702 2279 445 
2177 891 892 445 
2178 445 892 1672 
2179 2279 1096 445 
2180 446 894 896 
2181 446 896 898 
2182 2043 446 898 
2183 1084 446 2043 
2184 896 447 897 
2185 1325 447 896 
2186 897 447 2044 
2187 1118 447 1325 
2188 1118 2044 447 
2189 899 448 2045 
2190 2046 448 899 
2191 448 1509 2045 
2192 2046 2047 448 
2193 2048 901 449 
2194 2405 2048 449 
2195 902 450 903 
2196 902 2051 450 
2197 903 450 2052 
2198 1073 450 1074 
2199 1073 2052 450 
2200 1074 450 2051 
2201 451 701 2053 
2202 451 2481 701 
2203 451 1352 1353 
2204 1352 451 2053 
2205 451 1353 2481 
2206 452 1507 909 
2207 2055 1799 452 
2208 453 591 2164 
2209 2080 1091 454 
2210 454 1091 2081 
2211 2080 454 1648 
2212 928 575 455 
2213 575 1454 455 
2214 455 976 928 
2215 1455 1050 455 
2216 455 1454 1455 
2217 456 1122 457 
2218 457 2094 456 
2219 1122 456 504 
2220 504 456 2241 
2221 456 1317 2241 
2222 507 2094 457 
2223 2376 507 457 
2224 1122 2101 457 
2225 2101 2376 457 
2226 460 2101 458 
2227 2099 458 937 
2228 459 2240 791 
2229 463 549 460 
2230 460 549 2375 
2231 460 2375 2101 
2232 875 1699 461 
2233 2102 875 461 
2234 939 1345 461 
2235 1699 939 461 
2236 1345 1916 461 
2237 461 1916 2102 
2238 940 462 1882 
2239 1923 462 940 
2240 1882 462 2111 
2241 462 1923 2112 
2242 462 2112 2111 
2243 463 2377 549 
2244 463 942 943 
2245 2377 463 943 
2246 944 464 680 
2247 1635 464 944 
2248 1637 464 1635 
2249 1130 1129 465 
2250 465 1129 1202 
2251 2112 1130 465 
2252 1201 465 1202 
2253 2111 465 1201 
2254 2112 465 2111 
2255 1055 466 2116 
2256 466 1055 2117 
2257 2116 466 2156 
2258 466 2155 2156 
2259 467 1717 949 
2260 467 949 2406 
2261 467 1131 1133 
2262 467 1153 1131 
2263 1717 467 1133 
2264 467 2228 1153 
2265 2228 467 2406 
2266 468 943 1039 
2267 2377 943 468 
2268 468 1039 2121 
2269 1591 468 2121 
2270 2271 469 636 
2271 1135 469 2271 
2272 470 1167 1169 
2273 470 2122 1167 
2274 470 1169 2474 
2275 2122 470 2123 
2276 2124 1036 471 
2277 1036 2236 471 
2278 2019 1898 471 
2279 471 1898 2125 
2280 2124 471 2125 
2281 2446 472 473 
2282 472 2127 952 
2283 2446 2127 472 
2284 682 2446 473 
2285 474 1030 2139 
2286 1229 2132 474 
2287 474 2139 1229 
2288 474 2132 2133 
2289 1620 475 885 
2290 885 475 2148 
2291 475 1620 2144 
2292 475 2144 2135 
2293 1010 1009 476 
2294 476 1009 2205 
2295 476 2145 1814 
2296 2205 2145 476 
2297 1837 1616 477 
2298 2147 1837 477 
2299 478 1743 819 
2300 478 819 1822 
2301 1821 1743 478 
2302 1821 478 1822 
2303 691 1624 479 
2304 479 1624 1198 
2305 2400 479 1198 
2306 479 2149 1625 
2307 2149 479 2400 
2308 480 1632 964 
2309 480 964 2152 
2310 2158 481 1300 
2311 1300 481 2316 
2312 2158 2157 481 
2313 481 2157 2317 
2314 481 2317 2316 
2315 482 893 1407 
2316 1583 893 482 
2317 482 1913 1583 
2318 1638 1913 482 
2319 2159 1509 483 
2320 979 484 1987 
2321 979 2168 484 
2322 484 1308 1309 
2323 2168 1308 484 
2324 2242 484 1309 
2325 1987 484 2242 
2326 1146 485 983 
2327 485 2030 983 
2328 485 1146 2349 
2329 2347 2030 485 
2330 2347 485 2349 
2331 2172 486 987 
2332 486 2173 987 
2333 486 1914 2005 
2334 486 2172 1914 
2335 2173 486 2005 
2336 694 1425 487 
2337 1425 2174 487 
2338 2174 2175 487 
2339 992 2176 488 
2340 992 488 2177 
2341 488 1243 1676 
2342 2176 1243 488 
2343 488 1676 2424 
2344 488 2424 2177 
2345 489 1313 1824 
2346 1824 1785 489 
2347 1785 2321 489 
2348 1000 490 1136 
2349 1000 1453 490 
2350 490 1980 1136 
2351 490 1197 1359 
2352 490 2305 1197 
2353 490 1359 1980 
2354 490 1453 2305 
2355 1005 491 492 
2356 2373 492 491 
2357 547 491 2205 
2358 2373 491 547 
2359 1814 491 1005 
2360 1814 2145 491 
2361 2205 491 2145 
2362 1005 492 1835 
2363 1339 1070 492 
2364 1070 1835 492 
2365 492 2373 1339 
2366 1006 493 2196 
2367 1006 2351 493 
2368 2196 493 1071 
2369 493 2197 1071 
2370 493 2352 1307 
2371 2358 493 1307 
2372 2197 493 2358 
2373 493 2351 2352 
2374 494 1171 1172 
2375 494 2209 1171 
2376 1172 1223 494 
2377 2208 2209 494 
2378 2208 494 2371 
2379 1088 2298 495 
2380 2298 2257 495 
2381 2257 2393 495 
2382 496 2403 559 
2383 1938 2214 496 
2384 2403 496 2214 
2385 497 1183 521 
2386 497 521 2379 
2387 497 2157 1183 
2388 497 2220 2157 
2389 2461 2220 497 
2390 497 2379 2461 
2391 1684 498 1072 
2392 1072 498 1779 
2393 1301 499 665 
2394 499 1559 665 
2395 2227 499 1301 
2396 499 1558 1559 
2397 2227 1558 499 
2398 1007 500 2447 
2399 1029 2229 500 
2400 500 2229 2448 
2401 500 2448 2447 
2402 2232 1035 501 
2403 501 1035 2233 
2404 1369 1542 501 
2405 501 2234 1369 
2406 501 1542 2232 
2407 501 2233 2234 
2408 503 1577 502 
2409 503 502 2237 
2410 2267 2237 502 
2411 502 2268 2267 
2412 503 2237 2108 
2413 2240 504 2090 
2414 2090 504 2241 
2415 676 505 1276 
2416 676 1967 505 
2417 1276 505 2237 
2418 2108 505 1967 
2419 2108 2237 505 
2420 920 506 1303 
2421 920 1789 506 
2422 1303 506 1801 
2423 1789 2256 506 
2424 507 1053 1054 
2425 2378 1053 507 
2426 2094 507 1054 
2427 2376 2378 507 
2428 2259 801 508 
2429 801 2261 508 
2430 2113 508 1100 
2431 508 2261 1100 
2432 1081 509 1056 
2433 1056 509 1109 
2434 509 1081 2285 
2435 1109 509 1156 
2436 1156 509 2311 
2437 509 2285 2311 
2438 510 1057 1059 
2439 510 2265 1057 
2440 2264 510 1059 
2441 2265 510 1902 
2442 1664 511 1060 
2443 1351 512 1026 
2444 1026 512 2270 
2445 1351 2116 512 
2446 2122 2270 512 
2447 513 2271 802 
2448 2272 513 802 
2449 1061 513 1409 
2450 1061 2271 513 
2451 1409 513 2272 
2452 514 1147 540 
2453 1905 514 540 
2454 1147 514 2324 
2455 2141 2140 514 
2456 514 2140 2324 
2457 1425 515 1106 
2458 1106 515 2313 
2459 1425 1424 515 
2460 2218 515 2278 
2461 2218 2313 515 
2462 2277 1064 516 
2463 1064 2278 516 
2464 1252 516 1253 
2465 1252 2277 516 
2466 1253 516 1667 
2467 1667 516 2278 
2468 1065 517 1022 
2469 517 2279 1022 
2470 1065 2188 517 
2471 2279 517 1096 
2472 542 518 723 
2473 518 542 2067 
2474 723 518 1697 
2475 2280 1697 518 
2476 2066 518 2067 
2477 2280 518 2066 
2478 519 1067 1068 
2479 519 2282 1067 
2480 1697 519 1068 
2481 2280 1163 519 
2482 519 1163 2282 
2483 1697 2280 519 
2484 1081 1080 520 
2485 520 1080 2284 
2486 1081 520 2285 
2487 2284 1259 520 
2488 520 1259 2285 
2489 1183 1070 521 
2490 521 1070 1339 
2491 1339 1340 521 
2492 521 1340 2379 
2493 2286 522 1177 
2494 522 2287 1177 
2495 1268 2196 522 
2496 2286 1268 522 
2497 522 2196 2287 
2498 523 1679 1673 
2499 523 1673 2290 
2500 1190 524 1079 
2501 524 2292 1079 
2502 524 1170 1175 
2503 1170 524 2291 
2504 2292 524 1175 
2505 2291 524 1190 
2506 734 525 1027 
2507 734 2295 525 
2508 1027 525 2226 
2509 1086 2226 525 
2510 2296 526 1087 
2511 526 2451 1087 
2512 2302 527 1092 
2513 527 2274 1292 
2514 2274 527 1794 
2515 527 2303 1794 
2516 2302 2303 527 
2517 1107 1358 528 
2518 1107 528 2314 
2519 528 1358 2482 
2520 2314 528 2363 
2521 2363 528 2364 
2522 528 2482 2364 
2523 529 566 1241 
2524 1263 566 529 
2525 529 1241 2423 
2526 1263 529 2316 
2527 2423 2316 529 
2528 548 530 1178 
2529 1161 969 530 
2530 969 2176 530 
2531 1161 530 1342 
2532 1178 530 2176 
2533 532 575 2089 
2534 1703 532 1256 
2535 1256 532 2023 
2536 2023 532 2404 
2537 2404 532 2089 
2538 533 1963 1127 
2539 1963 533 1221 
2540 1277 1240 534 
2541 534 1240 2207 
2542 1277 534 2335 
2543 2206 534 2026 
2544 2026 534 2207 
2545 2335 534 2206 
2546 1975 763 535 
2547 763 2335 535 
2548 997 1894 535 
2549 535 1894 1975 
2550 536 1007 1140 
2551 1140 2337 536 
2552 536 1297 2230 
2553 536 2337 1297 
2554 1237 1236 537 
2555 537 1236 2380 
2556 1237 537 2338 
2557 1915 2340 537 
2558 2380 1915 537 
2559 537 2340 2338 
2560 538 1142 1143 
2561 538 1149 1142 
2562 2342 538 1143 
2563 538 2355 1149 
2564 1241 2355 538 
2565 2423 1241 538 
2566 2423 538 2342 
2567 1627 692 539 
2568 692 2344 539 
2569 1205 539 1144 
2570 2343 1144 539 
2571 1627 539 1205 
2572 2344 2343 539 
2573 1147 2027 540 
2574 540 2027 2028 
2575 1338 541 692 
2576 692 541 2344 
2577 1148 2344 541 
2578 1148 541 2353 
2579 2473 541 1338 
2580 2473 2353 541 
2581 1948 2067 542 
2582 543 1151 1152 
2583 543 1179 1151 
2584 543 1152 1189 
2585 2378 1179 543 
2586 543 1189 2257 
2587 2378 543 2257 
2588 2361 1162 544 
2589 544 1162 2362 
2590 1163 544 2282 
2591 1163 2361 544 
2592 544 2362 2282 
2593 1927 545 1080 
2594 545 2284 1080 
2595 1927 1466 545 
2596 2367 2284 545 
2597 2366 2367 545 
2598 934 546 1166 
2599 934 1464 546 
2600 546 2369 1166 
2601 546 1323 1346 
2602 546 2408 1323 
2603 2369 546 1346 
2604 546 1464 2408 
2605 547 2205 1249 
2606 2372 547 1249 
2607 2373 547 2372 
2608 2318 548 1178 
2609 549 1797 2375 
2610 549 2377 1797 
2611 2383 550 551 
2612 551 550 2453 
2613 550 2452 576 
2614 2453 550 576 
2615 2383 2385 550 
2616 2385 2452 550 
2617 1180 1236 551 
2618 551 2386 1180 
2619 2383 551 1236 
2620 551 2453 2386 
2621 552 1184 1185 
2622 552 2388 1184 
2623 2387 552 1185 
2624 1270 552 1271 
2625 1270 2388 552 
2626 1271 552 2387 
2627 1184 553 2293 
2628 1184 2389 553 
2629 1254 553 2389 
2630 1188 1187 554 
2631 554 1187 2391 
2632 2390 1188 554 
2633 1272 1271 554 
2634 554 1271 2390 
2635 2392 1272 554 
2636 554 2391 2392 
2637 555 2291 1190 
2638 2394 555 1190 
2639 555 2394 1324 
2640 555 1324 2438 
2641 2291 555 2438 
2642 2396 1225 556 
2643 556 1225 2411 
2644 2396 556 1810 
2645 798 1199 557 
2646 798 557 1337 
2647 2251 557 1199 
2648 1337 557 1584 
2649 1584 557 1853 
2650 557 2251 1853 
2651 1210 558 1749 
2652 559 1211 2201 
2653 559 2403 1211 
2654 1213 2404 560 
2655 561 579 2048 
2656 561 2048 2405 
2657 1229 1001 562 
2658 2190 562 1001 
2659 1220 562 1828 
2660 1220 2407 562 
2661 1229 562 2407 
2662 562 1812 1828 
2663 1812 562 2190 
2664 675 2445 563 
2665 1289 1280 563 
2666 563 2445 1289 
2667 564 2415 1286 
2668 564 1286 2449 
2669 564 2413 1750 
2670 1750 2414 564 
2671 2413 564 2449 
2672 564 2414 2415 
2673 1235 1234 565 
2674 565 1234 2419 
2675 2416 1235 565 
2676 565 1270 1272 
2677 565 2419 1270 
2678 2416 565 1272 
2679 571 2347 566 
2680 2436 571 566 
2681 566 2350 1241 
2682 1263 2436 566 
2683 566 2347 2350 
2684 1293 1125 567 
2685 1125 2330 567 
2686 2426 1293 567 
2687 2425 1956 567 
2688 1956 2426 567 
2689 2330 2093 567 
2690 567 2093 2425 
2691 764 568 1248 
2692 1347 568 764 
2693 568 1761 1248 
2694 1983 568 1347 
2695 568 1983 1761 
2696 569 1296 1262 
2697 2310 569 1262 
2698 569 2429 1296 
2699 569 1322 2299 
2700 1322 569 2310 
2701 2300 569 2299 
2702 2300 2429 569 
2703 1155 570 1194 
2704 1155 2433 570 
2705 1194 570 2432 
2706 1305 2432 570 
2707 1305 570 2433 
2708 1266 2435 571 
2709 1266 571 2436 
2710 571 2435 2347 
2711 1323 1267 572 
2712 1267 2253 572 
2713 1324 1323 572 
2714 2438 1324 572 
2715 572 2253 2420 
2716 572 2420 2438 
2717 573 1006 1269 
2718 573 2439 1006 
2719 1269 2462 573 
2720 573 1311 1304 
2721 2439 573 1304 
2722 573 2462 1311 
2723 1063 574 2267 
2724 2276 574 1063 
2725 574 1276 2267 
2726 574 2442 1276 
2727 574 1284 2442 
2728 2468 1284 574 
2729 2276 2468 574 
2730 575 928 2089 
2731 576 1148 1291 
2732 2343 1148 576 
2733 2453 576 1291 
2734 2452 2343 576 
2735 1312 1311 577 
2736 577 1311 2462 
2737 2461 1312 577 
2738 2220 577 2317 
2739 2461 577 2220 
2740 577 2431 2317 
2741 2462 2431 577 
2742 578 1437 1318 
2743 578 1318 2466 
2744 578 2475 1437 
2745 2478 578 2466 
2746 578 2476 2475 
2747 2477 2476 578 
2748 2478 2477 578 
2749 1342 580 1161 
2750 1353 1161 580 
2751 580 2481 1353 
2752 2481 580 1355 
2753 581 1350 1351 
2754 581 2480 1350 
2755 2479 581 1351 
2756 2464 1716 581 
2757 2480 581 1716 
2758 2464 581 2479 
2759 1657 1361 582 
2760 582 1361 2484 
2761 1380 1379 582 
2762 582 1379 2483 
2763 2484 1380 582 
2764 2483 1657 582 
2765 1364 1363 583 
2766 583 1363 1818 
2767 1707 587 584 
2768 2492 584 587 
2769 2486 584 1365 
2770 584 2492 1365 
2771 2486 1707 584 
2772 2488 585 1366 
2773 1366 585 2489 
2774 2496 585 2488 
2775 2501 2489 585 
2776 2501 585 2496 
2777 586 1370 1372 
2778 586 2490 1370 
2779 2491 586 1372 
2780 1373 586 2494 
2781 1373 2495 586 
2782 2495 2490 586 
2783 1377 1376 588 
2784 588 1376 2501 
2785 2500 1377 588 
2786 2496 1396 588 
2787 1396 2497 588 
2788 588 2501 2496 
2789 588 2497 2498 
2790 588 2498 2500 
2791 1665 1355 589 
2792 1665 589 1663 
2793 1663 589 1832 
2794 2212 1832 589 
2795 590 914 1385 
2796 590 1456 914 
2797 1385 1386 590 
2798 1387 590 1386 
2799 1457 590 1387 
2800 1456 590 1457 
2801 591 650 1278 
2802 591 1278 886 
2803 2033 591 886 
2804 591 2033 2164 
2805 635 592 1518 
2806 592 1388 1389 
2807 592 1389 1518 
2808 1499 593 1091 
2809 2081 1091 593 
2810 1391 593 1499 
2811 594 595 1395 
2812 1382 594 1395 
2813 1382 2497 594 
2814 2497 1396 594 
2815 595 1397 1398 
2816 1400 596 725 
2817 596 1705 725 
2818 1400 1401 596 
2819 596 1549 1705 
2820 1048 1402 597 
2821 1404 1048 597 
2822 1404 597 2248 
2823 599 598 1407 
2824 696 598 1406 
2825 599 1407 678 
2826 1441 599 678 
2827 601 1408 600 
2828 600 809 876 
2829 600 1408 809 
2830 1977 601 853 
2831 601 1244 1245 
2832 1977 1244 601 
2833 601 1245 1408 
2834 603 1414 687 
2835 1414 603 1413 
2836 603 1482 1413 
2837 868 604 1766 
2838 995 996 605 
2839 1417 995 605 
2840 1778 605 996 
2841 1419 606 1421 
2842 607 1515 1422 
2843 1514 1515 607 
2844 608 1432 1714 
2845 610 694 609 
2846 610 1425 694 
2847 1424 610 834 
2848 1424 1425 610 
2849 611 1867 982 
2850 2170 611 982 
2851 611 1427 1867 
2852 1426 2055 612 
2853 2186 1426 612 
2854 2186 612 2188 
2855 1429 613 1428 
2856 613 1429 2042 
2857 614 1430 711 
2858 722 1430 614 
2859 1551 722 614 
2860 759 1551 615 
2861 1683 759 615 
2862 930 1873 616 
2863 616 1873 1431 
2864 1779 756 617 
2865 756 2297 617 
2866 1463 617 1088 
2867 617 2297 1088 
2868 617 1279 1779 
2869 1788 1279 617 
2870 1463 1788 617 
2871 1883 618 938 
2872 1714 618 1046 
2873 1046 618 1883 
2874 1432 1399 618 
2875 1714 1432 618 
2876 619 1201 1203 
2877 619 1434 1201 
2878 619 1203 1435 
2879 1434 619 1433 
2880 1433 619 1560 
2881 1560 619 1435 
2882 669 620 621 
2883 1436 669 621 
2884 621 1402 1724 
2885 799 1337 622 
2886 1715 799 622 
2887 985 622 986 
2888 985 1715 622 
2889 622 1337 1584 
2890 1318 623 730 
2891 730 623 1439 
2892 1318 1437 623 
2893 623 1438 1439 
2894 624 1442 1440 
2895 1441 1887 624 
2896 624 1581 1442 
2897 624 1887 1581 
2898 625 947 1444 
2899 947 625 1726 
2900 1447 804 626 
2901 626 804 1892 
2902 1288 626 1445 
2903 1288 2334 626 
2904 1892 1445 626 
2905 2334 1447 626 
2906 1448 627 684 
2907 627 2430 684 
2908 1062 627 1448 
2909 1062 2310 627 
2910 2310 1262 627 
2911 627 1262 2430 
2912 1696 629 966 
2913 629 1023 1068 
2914 629 1696 1023 
2915 1068 1453 629 
2916 777 630 778 
2917 777 1457 630 
2918 630 1387 778 
2919 1457 1387 630 
2920 1458 1102 631 
2921 1102 2128 631 
2922 1459 1458 631 
2923 1459 631 1893 
2924 712 632 972 
2925 712 1682 632 
2926 632 1462 972 
2927 895 633 634 
2928 2185 634 633 
2929 1160 633 1085 
2930 1160 2185 633 
2931 899 895 634 
2932 2046 899 634 
2933 2185 2046 634 
2934 1519 635 1518 
2935 1126 668 636 
2936 668 2271 636 
2937 636 2283 1126 
2938 637 816 817 
2939 637 1475 816 
2940 637 985 1475 
2941 637 1715 985 
2942 830 638 1481 
2943 1938 638 830 
2944 1477 638 1478 
2945 1477 1479 638 
2946 1938 1478 638 
2947 1479 1481 638 
2948 2171 639 737 
2949 859 1597 639 
2950 2171 859 639 
2951 1486 890 640 
2952 890 2194 640 
2953 640 1004 1487 
2954 640 2194 1004 
2955 1486 640 2154 
2956 2154 640 1487 
2957 1656 641 1360 
2958 642 1494 1495 
2959 643 1503 1397 
2960 1501 1502 643 
2961 643 1502 1503 
2962 712 644 1951 
2963 1511 644 1504 
2964 644 1659 1504 
2965 1951 644 1511 
2966 644 1865 1659 
2967 1864 645 904 
2968 645 2049 904 
2969 1505 905 645 
2970 645 905 1909 
2971 1864 1505 645 
2972 645 1909 1910 
2973 2049 645 1910 
2974 1505 648 905 
2975 648 1512 905 
2976 648 1422 1515 
2977 1512 648 1515 
2978 1846 649 833 
2979 649 1948 833 
2980 877 2067 649 
2981 649 2067 1948 
2982 650 1516 711 
2983 650 1390 1278 
2984 1121 651 1393 
2985 1121 1686 651 
2986 1393 651 2070 
2987 651 2071 2070 
2988 1523 652 1524 
2989 1524 652 1525 
2990 1526 653 713 
2991 1527 1528 653 
2992 1381 1531 654 
2993 1381 654 2502 
2994 655 1537 656 
2995 1536 656 1398 
2996 1348 1540 657 
2997 1348 657 2083 
2998 657 1540 1538 
2999 2083 657 1772 
3000 931 658 1032 
3001 931 1544 658 
3002 658 1489 1032 
3003 658 1283 1489 
3004 658 1962 1283 
3005 658 1544 1962 
3006 748 743 659 
3007 743 1390 659 
3008 748 659 1552 
3009 1390 888 659 
3010 659 888 1756 
3011 1552 659 1756 
3012 722 660 1550 
3013 660 722 1551 
3014 781 660 759 
3015 759 660 1551 
3016 781 1550 660 
3017 661 1790 1546 
3018 1789 1695 661 
3019 661 1695 1790 
3020 1789 661 2256 
3021 663 662 1555 
3022 898 897 662 
3023 662 897 1555 
3024 1554 898 662 
3025 1186 663 1553 
3026 1553 663 1375 
3027 663 1555 1375 
3028 1560 664 1097 
3029 1097 664 1562 
3030 1560 1435 664 
3031 1435 1561 664 
3032 1301 665 1314 
3033 1314 665 2464 
3034 667 666 668 
3035 667 1566 666 
3036 666 802 668 
3037 744 802 666 
3038 1758 744 666 
3039 1566 2244 666 
3040 666 2244 1758 
3041 1126 667 668 
3042 1565 761 667 
3043 667 761 1566 
3044 1565 667 1126 
3045 668 802 2271 
3046 669 670 671 
3047 670 669 1436 
3048 671 1572 669 
3049 1436 674 670 
3050 1571 1572 671 
3051 1438 672 1573 
3052 1573 672 1576 
3053 673 849 1574 
3054 849 673 1857 
3055 936 935 673 
3056 673 935 1878 
3057 673 1878 1857 
3058 674 1436 850 
3059 850 1575 674 
3060 675 1403 2445 
3061 677 1635 1578 
3062 1407 893 678 
3063 893 1887 678 
3064 678 1887 1441 
3065 680 735 679 
3066 944 680 679 
3067 696 1579 679 
3068 944 679 1579 
3069 680 1585 735 
3070 1587 681 1410 
3071 1588 1471 681 
3072 1586 681 1587 
3073 1586 1588 681 
3074 683 1448 684 
3075 683 684 1599 
3076 1598 683 1599 
3077 1598 1601 683 
3078 1599 684 2337 
3079 684 2430 2337 
3080 1600 685 1598 
3081 1598 685 1601 
3082 1600 1919 685 
3083 1919 1920 685 
3084 1273 1003 686 
3085 686 1003 2440 
3086 686 1079 2292 
3087 2440 1079 686 
3088 1273 686 1607 
3089 686 2292 1607 
3090 687 1414 868 
3091 1231 1900 688 
3092 688 1937 1231 
3093 689 1624 691 
3094 689 1611 1624 
3095 1618 690 987 
3096 690 1621 987 
3097 1617 690 1618 
3098 1617 1619 690 
3099 1619 1620 690 
3100 690 1620 1621 
3101 1338 692 1627 
3102 693 1476 1020 
3103 2192 1476 693 
3104 693 1629 1630 
3105 1630 2192 693 
3106 1634 695 1633 
3107 1633 695 2244 
3108 1817 695 1634 
3109 1758 695 1759 
3110 1758 2244 695 
3111 1759 695 1817 
3112 696 1406 1579 
3113 793 697 1787 
3114 1195 697 1648 
3115 1787 697 1195 
3116 697 2080 1648 
3117 1563 1651 698 
3118 1912 1563 698 
3119 1658 699 848 
3120 1851 848 699 
3121 699 941 1047 
3122 1658 941 699 
3123 699 1047 1883 
3124 1965 1851 699 
3125 699 1883 1965 
3126 788 790 700 
3127 700 790 1662 
3128 1661 700 1034 
3129 1034 700 1662 
3130 1668 907 701 
3131 2053 701 907 
3132 1668 701 1669 
3133 1669 701 2481 
3134 757 702 1670 
3135 1670 702 1120 
3136 702 1672 1120 
3137 702 1671 2279 
3138 913 703 892 
3139 892 703 1672 
3140 2062 703 913 
3141 703 2327 1672 
3142 2059 2061 703 
3143 2059 703 2062 
3144 2327 703 2061 
3145 1678 704 1673 
3146 1674 704 1678 
3147 704 1674 2057 
3148 1769 705 780 
3149 1846 780 705 
3150 705 911 1508 
3151 705 1769 911 
3152 916 1218 706 
3153 706 1218 1944 
3154 707 1519 708 
3155 1678 707 708 
3156 707 1678 1679 
3157 1513 708 1518 
3158 1513 1678 708 
3159 708 1519 1518 
3160 822 709 2165 
3161 915 710 1870 
3162 915 2059 710 
3163 1869 1870 710 
3164 1944 1869 710 
3165 1516 1514 711 
3166 972 971 712 
3167 1951 1682 712 
3168 716 715 1431 
3169 1121 1431 715 
3170 1121 715 1686 
3171 1431 1873 716 
3172 717 1228 760 
3173 717 760 1790 
3174 1228 717 930 
3175 930 717 1694 
3176 1694 717 1693 
3177 1693 717 1790 
3178 719 718 761 
3179 1692 718 719 
3180 761 718 1566 
3181 718 2244 1566 
3182 1692 1690 718 
3183 1690 2245 718 
3184 718 2245 2244 
3185 1565 719 761 
3186 1692 719 840 
3187 1548 1545 720 
3188 1541 1530 721 
3189 888 1430 722 
3190 1550 2258 722 
3191 1963 844 723 
3192 1696 723 1023 
3193 1023 723 1697 
3194 1963 723 1696 
3195 1490 939 724 
3196 939 1699 724 
3197 1228 724 1227 
3198 1227 724 1700 
3199 1490 724 1228 
3200 724 1699 1700 
3201 725 1570 795 
3202 1704 725 795 
3203 1400 725 1704 
3204 725 1556 1570 
3205 725 1705 1556 
3206 1706 726 727 
3207 1706 727 1707 
3208 727 1709 1710 
3209 728 1713 729 
3210 728 1712 851 
3211 1713 728 851 
3212 1712 728 2368 
3213 933 729 793 
3214 729 1817 793 
3215 1817 729 1713 
3216 1299 1318 730 
3217 949 1718 731 
3218 2120 949 731 
3219 1585 733 1722 
3220 734 1723 1793 
3221 2295 734 1793 
3222 1585 1727 735 
3223 735 1727 1638 
3224 1082 736 1083 
3225 1082 1731 736 
3226 1731 1447 736 
3227 1447 2334 736 
3228 737 1732 1775 
3229 737 1775 2171 
3230 1137 1733 738 
3231 738 2134 1137 
3232 1736 1044 739 
3233 739 1044 1906 
3234 739 1476 1735 
3235 739 1906 1476 
3236 1734 739 1735 
3237 1734 1736 739 
3238 869 1615 740 
3239 2173 869 740 
3240 2173 740 1618 
3241 1747 741 1746 
3242 1856 741 1829 
3243 965 742 1752 
3244 1752 742 1849 
3245 742 1850 1849 
3246 1850 742 1968 
3247 1200 743 748 
3248 1200 1874 743 
3249 743 1278 1390 
3250 1874 1278 743 
3251 2272 802 744 
3252 1760 2272 744 
3253 745 751 1292 
3254 973 745 974 
3255 973 2163 745 
3256 745 1292 1765 
3257 747 758 920 
3258 758 747 1528 
3259 747 920 2075 
3260 747 1232 2038 
3261 1232 747 2075 
3262 1767 1200 748 
3263 798 749 1199 
3264 749 1107 1199 
3265 749 1781 1107 
3266 1781 749 1780 
3267 751 750 953 
3268 750 952 953 
3269 750 1603 1602 
3270 752 1332 1768 
3271 752 1771 1332 
3272 752 1770 1771 
3273 1532 976 753 
3274 1069 754 1773 
3275 2365 754 1069 
3276 754 1275 1772 
3277 2364 1275 754 
3278 1772 1773 754 
3279 2365 2364 754 
3280 1330 755 1774 
3281 2469 755 1330 
3282 755 1776 1774 
3283 755 1859 1776 
3284 1861 1859 755 
3285 1861 755 2469 
3286 929 2092 756 
3287 756 2092 2297 
3288 1264 757 1783 
3289 920 758 1789 
3290 758 1528 1527 
3291 1695 758 1527 
3292 1695 1789 758 
3293 1683 1524 759 
3294 759 1524 1701 
3295 1423 760 1228 
3296 1423 1547 760 
3297 1790 760 1547 
3298 763 1277 2335 
3299 1889 763 1975 
3300 764 1795 1347 
3301 1796 1795 764 
3302 765 1698 1354 
3303 1805 1698 765 
3304 1809 766 1808 
3305 2396 1810 766 
3306 1812 767 771 
3307 767 1826 771 
3308 767 1811 1826 
3309 775 1821 768 
3310 1822 768 1821 
3311 1108 769 2106 
3312 1108 2282 769 
3313 769 1200 1767 
3314 2362 1200 769 
3315 769 1767 2106 
3316 2282 2362 769 
3317 1313 770 1824 
3318 2463 770 1313 
3319 770 1325 1326 
3320 770 2463 1325 
3321 770 1326 2041 
3322 1823 1824 770 
3323 770 2042 1823 
3324 770 2041 2042 
3325 771 1826 1258 
3326 1827 771 1258 
3327 1812 771 1828 
3328 771 1827 1828 
3329 772 773 774 
3330 1918 773 1835 
3331 1484 1838 775 
3332 775 1838 1821 
3333 1329 2002 776 
3334 776 2151 1329 
3335 1629 776 2002 
3336 777 778 779 
3337 922 777 779 
3338 921 777 922 
3339 779 778 1819 
3340 779 1363 922 
3341 1818 1363 779 
3342 1818 779 1819 
3343 838 780 879 
3344 1768 780 838 
3345 879 780 1846 
3346 780 1768 1769 
3347 1550 781 782 
3348 1877 782 781 
3349 1877 781 1876 
3350 2258 1550 782 
3351 782 1877 1922 
3352 783 784 1825 
3353 1825 1704 783 
3354 783 1704 1848 
3355 1451 1825 784 
3356 786 1230 785 
3357 1344 785 1230 
3358 785 1344 2336 
3359 1608 785 2336 
3360 1230 786 867 
3361 787 864 2000 
3362 788 789 790 
3363 790 789 1864 
3364 789 1505 1864 
3365 1662 790 1863 
3366 1863 790 1864 
3367 791 1689 1688 
3368 791 1688 1872 
3369 1875 1689 791 
3370 2240 1875 791 
3371 1123 1207 792 
3372 1845 792 1207 
3373 933 793 1787 
3374 793 1817 1634 
3375 935 794 1880 
3376 2099 794 935 
3377 2099 937 794 
3378 794 937 2100 
3379 794 1879 1880 
3380 794 2100 1879 
3381 1848 795 1570 
3382 1704 795 1848 
3383 845 796 846 
3384 845 1881 796 
3385 846 796 1433 
3386 1433 796 1434 
3387 796 1882 1434 
3388 796 1881 1882 
3389 797 798 799 
3390 799 798 1337 
3391 1446 803 2333 
3392 1811 803 1729 
3393 880 804 1447 
3394 2025 804 880 
3395 804 1891 1892 
3396 804 2025 1891 
3397 1808 805 1897 
3398 805 1896 1897 
3399 957 806 1899 
3400 806 1755 2124 
3401 1899 806 2125 
3402 2125 806 2124 
3403 807 2208 950 
3404 807 958 1012 
3405 807 1012 2209 
3406 807 2209 2208 
3407 1408 808 809 
3408 808 1411 809 
3409 1245 1181 808 
3410 1245 808 1408 
3411 1899 876 809 
3412 957 809 1411 
3413 809 957 1899 
3414 958 810 1900 
3415 811 1904 2158 
3416 2010 2011 811 
3417 2012 2010 811 
3418 2158 2012 811 
3419 812 1020 2216 
3420 812 2216 1150 
3421 2356 812 1150 
3422 2356 1908 812 
3423 906 813 1909 
3424 1909 813 1839 
3425 1912 814 1563 
3426 1915 1249 815 
3427 1249 2204 815 
3428 1914 2172 815 
3429 2204 1914 815 
3430 815 2340 1915 
3431 815 2172 2340 
3432 817 816 926 
3433 1475 1916 816 
3434 938 818 1917 
3435 818 1547 1423 
3436 1423 1917 818 
3437 1745 1822 819 
3438 821 968 1904 
3439 2165 998 822 
3440 832 823 2021 
3441 823 1921 2021 
3442 824 1078 2289 
3443 1924 1911 824 
3444 1631 825 866 
3445 866 825 1932 
3446 1930 825 1631 
3447 1930 1931 825 
3448 1931 2142 825 
3449 1932 825 2143 
3450 825 2142 2143 
3451 826 1358 1781 
3452 2318 1358 826 
3453 827 1740 1733 
3454 827 1755 1740 
3455 827 1933 1755 
3456 1933 827 2235 
3457 1934 828 1468 
3458 828 1935 1468 
3459 828 1934 2039 
3460 828 2246 1935 
3461 2040 828 2039 
3462 828 2040 2246 
3463 829 1839 1799 
3464 2055 829 1799 
3465 829 1911 1839 
3466 1926 829 1925 
3467 1925 829 2055 
3468 1937 830 1231 
3469 1231 830 1939 
3470 830 1481 1939 
3471 1937 1938 830 
3472 831 970 1025 
3473 831 1301 970 
3474 2371 831 1025 
3475 1301 831 1302 
3476 1302 831 1945 
3477 833 832 878 
3478 878 832 2021 
3479 1846 833 878 
3480 1383 908 834 
3481 908 1949 834 
3482 1949 1424 834 
3483 1511 1510 836 
3484 836 1510 2212 
3485 1951 1511 836 
3486 1951 836 1682 
3487 1539 1842 837 
3488 1954 1539 837 
3489 1681 837 1842 
3490 837 1681 1955 
3491 1954 837 1955 
3492 841 838 1960 
3493 838 879 1956 
3494 1960 838 1956 
3495 1050 1049 839 
3496 839 1049 1521 
3497 1656 839 1521 
3498 1955 1692 840 
3499 840 1805 1954 
3500 1955 840 1954 
3501 1959 1474 841 
3502 1959 841 1960 
3503 843 842 1959 
3504 1474 842 1871 
3505 1474 1959 842 
3506 1871 842 1872 
3507 843 2093 1879 
3508 843 1959 2093 
3509 1221 1921 844 
3510 1963 1221 844 
3511 845 1844 1845 
3512 1881 845 1845 
3513 846 1098 1536 
3514 1560 1098 846 
3515 1433 1560 846 
3516 1843 846 1536 
3517 847 1534 2493 
3518 1851 1850 848 
3519 1850 1968 848 
3520 848 1968 1969 
3521 1857 1500 849 
3522 850 1802 1575 
3523 851 1712 1586 
3524 851 1586 1760 
3525 1798 852 1052 
3526 1052 852 1809 
3527 1798 1797 852 
3528 2018 1472 853 
3529 1978 854 855 
3530 855 854 2225 
3531 1981 1777 854 
3532 854 1777 2225 
3533 854 1978 1980 
3534 1980 1981 854 
3535 1978 855 1979 
3536 1979 855 1982 
3537 1982 855 2225 
3538 857 1984 856 
3539 1984 1985 856 
3540 856 1985 1986 
3541 857 1983 1347 
3542 1984 857 1347 
3543 1983 857 2443 
3544 980 1987 858 
3545 858 1735 1110 
3546 2191 858 1110 
3547 858 1734 1735 
3548 1987 1734 858 
3549 859 2184 1597 
3550 859 1988 2184 
3551 2171 1989 859 
3552 954 860 1990 
3553 954 1991 860 
3554 960 860 961 
3555 960 963 860 
3556 961 860 1991 
3557 1596 860 963 
3558 1990 860 1596 
3559 1739 861 1994 
3560 1986 1995 861 
3561 1994 861 1995 
3562 1477 862 863 
3563 863 862 1997 
3564 862 1328 1997 
3565 1477 1996 862 
3566 1479 1477 863 
3567 863 1997 2200 
3568 866 1932 865 
3569 865 2003 866 
3570 1932 2002 865 
3571 865 2002 2003 
3572 2308 1230 867 
3573 867 1994 1995 
3574 2308 867 1995 
3575 2006 1615 869 
3576 2005 2004 869 
3577 2008 869 2004 
3578 869 2173 2005 
3579 2008 2006 869 
3580 870 1414 1416 
3581 871 1855 2015 
3582 871 2133 1855 
3583 872 1641 1642 
3584 2222 1641 872 
3585 1628 873 2444 
3586 1159 874 2016 
3587 874 1418 2457 
3588 2016 874 2457 
3589 875 1752 1699 
3590 875 1751 1752 
3591 2017 1751 875 
3592 2102 2017 875 
3593 876 1899 1898 
3594 2020 2067 877 
3595 879 878 1239 
3596 879 1846 878 
3597 1239 878 2021 
3598 1956 879 1239 
3599 1224 880 2024 
3600 1224 2025 880 
3601 1308 880 1731 
3602 1308 2024 880 
3603 1731 880 1447 
3604 881 1813 1816 
3605 881 1816 1920 
3606 1919 881 1920 
3607 882 1739 1737 
3608 1738 882 2026 
3609 1627 1205 883 
3610 883 1205 2031 
3611 883 2031 2032 
3612 2010 884 2211 
3613 885 1260 1621 
3614 1620 885 1621 
3615 2033 886 887 
3616 887 886 2034 
3617 886 1278 2034 
3618 2361 887 2034 
3619 889 890 1486 
3620 890 889 2036 
3621 889 2035 2036 
3622 2193 890 2036 
3623 2194 890 2193 
3624 891 2056 892 
3625 892 2056 913 
3626 894 895 2041 
3627 1326 896 894 
3628 2041 1326 894 
3629 2041 895 2042 
3630 896 897 898 
3631 1325 896 1326 
3632 897 2044 1555 
3633 1554 2043 898 
3634 901 900 989 
3635 2047 900 901 
3636 989 900 988 
3637 900 999 988 
3638 900 2185 999 
3639 2047 2046 900 
3640 2046 2185 900 
3641 2047 901 2048 
3642 902 903 904 
3643 2049 902 904 
3644 2049 2050 902 
3645 2050 2051 902 
3646 904 903 1864 
3647 1864 903 1863 
3648 903 2052 1863 
3649 906 1909 905 
3650 2053 907 908 
3651 908 907 2054 
3652 1668 1667 907 
3653 907 1667 2054 
3654 2053 908 1383 
3655 908 2054 1949 
3656 990 910 991 
3657 1783 910 990 
3658 991 910 2058 
3659 2057 2058 910 
3660 1332 911 1769 
3661 1332 1771 911 
3662 1771 1868 911 
3663 1456 2064 914 
3664 914 2064 2065 
3665 2060 915 1870 
3666 2061 2059 915 
3667 2060 2061 915 
3668 916 1217 1218 
3669 1226 1217 916 
3670 919 917 2068 
3671 919 2074 917 
3672 2068 917 1517 
3673 2071 1331 918 
3674 918 1331 2072 
3675 2071 918 2070 
3676 918 2328 2070 
3677 918 2072 2073 
3678 2073 2328 918 
3679 1870 919 2068 
3680 1870 2088 919 
3681 919 2238 2074 
3682 919 2088 2238 
3683 2075 920 1303 
3684 2078 921 922 
3685 2077 921 2078 
3686 2077 2079 921 
3687 1363 2486 922 
3688 922 2486 2078 
3689 1648 923 1195 
3690 923 1788 1195 
3691 923 1684 2076 
3692 923 2076 1788 
3693 924 993 925 
3694 924 925 2084 
3695 924 2082 993 
3696 1274 2082 924 
3697 1274 924 2084 
3698 993 992 925 
3699 992 2177 925 
3700 927 1499 2085 
3701 1691 1690 927 
3702 927 2085 1691 
3703 1532 928 976 
3704 2089 928 1532 
3705 2354 2091 929 
3706 930 1694 1873 
3707 931 1032 2231 
3708 1705 1544 931 
3709 1556 931 1557 
3710 1705 931 1556 
3711 1557 931 2231 
3712 932 2097 1038 
3713 932 1038 2098 
3714 2021 1921 932 
3715 1921 2097 932 
3716 2021 932 2098 
3717 1465 933 1787 
3718 2099 935 936 
3719 1878 935 1880 
3720 1883 938 1965 
3721 1965 938 1917 
3722 1807 1345 939 
3723 1490 1807 939 
3724 940 1882 1206 
3725 1047 941 1045 
3726 1966 941 1658 
3727 943 942 2109 
3728 942 1574 2109 
3729 943 2109 1039 
3730 944 1579 1635 
3731 946 945 1498 
3732 2114 945 946 
3733 1445 945 948 
3734 2114 948 945 
3735 1445 1498 945 
3736 1500 946 1498 
3737 2110 2114 946 
3738 1405 1443 947 
3739 1725 1405 947 
3740 1444 947 1443 
3741 948 1288 1445 
3742 948 1446 1288 
3743 1446 948 1728 
3744 948 2114 1728 
3745 949 1717 1718 
3746 2406 949 2120 
3747 1024 950 2208 
3748 1024 2270 950 
3749 2123 950 2270 
3750 951 954 1990 
3751 1083 951 2126 
3752 951 1990 1595 
3753 951 1595 2126 
3754 2127 1467 952 
3755 954 1033 1991 
3756 1141 955 2129 
3757 2130 955 1141 
3758 955 2130 1485 
3759 1259 2134 956 
3760 2285 1259 956 
3761 956 1356 2285 
3762 956 2134 1606 
3763 1939 1012 958 
3764 1231 958 1900 
3765 1939 958 1231 
3766 1002 1001 959 
3767 959 1001 2139 
3768 1002 959 2138 
3769 1030 1829 959 
3770 1030 959 2139 
3771 959 1829 1831 
3772 959 1831 2138 
3773 960 961 962 
3774 960 962 2140 
3775 960 2140 963 
3776 1831 962 961 
3777 2138 1831 961 
3778 961 1991 2138 
3779 962 1830 1116 
3780 962 1116 2140 
3781 1830 962 1831 
3782 963 1287 1596 
3783 963 2141 1287 
3784 963 2140 2141 
3785 2150 2152 964 
3786 1752 1751 965 
3787 1696 966 1127 
3788 1127 966 1972 
3789 1972 966 1164 
3790 967 1168 1167 
3791 2155 967 2156 
3792 2157 968 1183 
3793 1904 968 2158 
3794 968 2157 2158 
3795 1161 1353 969 
3796 969 1242 2176 
3797 1025 970 1026 
3798 970 2269 1026 
3799 1301 1314 970 
3800 1314 2269 970 
3801 2161 2160 971 
3802 973 974 2135 
3803 973 1619 1998 
3804 2144 1619 973 
3805 973 1998 1999 
3806 1999 2163 973 
3807 2144 973 2135 
3808 2135 974 2136 
3809 975 1507 998 
3810 998 2165 975 
3811 1281 977 978 
3812 978 977 2319 
3813 1888 977 1281 
3814 2320 2319 977 
3815 1281 978 2118 
3816 2166 978 2319 
3817 980 979 1987 
3818 2411 979 980 
3819 2167 2168 979 
3820 2411 2167 979 
3821 1040 981 2169 
3822 1489 1283 981 
3823 1283 1961 981 
3824 981 1961 2169 
3825 982 1867 1866 
3826 1941 982 1866 
3827 1146 983 1747 
3828 2323 1747 983 
3829 2029 983 2030 
3830 2323 983 2029 
3831 2096 984 2107 
3832 2096 2178 984 
3833 2107 984 2118 
3834 984 2119 2118 
3835 2178 2119 984 
3836 1475 985 986 
3837 1475 986 2102 
3838 2102 986 2017 
3839 987 2173 1618 
3840 987 1621 2172 
3841 989 988 1255 
3842 988 1254 1255 
3843 989 1255 1666 
3844 2174 1783 990 
3845 2174 990 2175 
3846 993 2176 992 
3847 993 1178 2176 
3848 2441 1178 993 
3849 2441 993 2082 
3850 994 1971 2179 
3851 2179 2180 994 
3852 2180 2181 994 
3853 2181 2182 994 
3854 2184 1988 997 
3855 1507 1506 998 
3856 1250 1000 1136 
3857 1002 2190 1001 
3858 2139 1001 1229 
3859 1991 1033 1002 
3860 1033 2190 1002 
3861 1991 1002 2138 
3862 2440 1003 1004 
3863 1273 1742 1003 
3864 2194 2195 1004 
3865 2195 2440 1004 
3866 1834 1814 1005 
3867 1006 1268 1269 
3868 1268 1006 2196 
3869 2439 2351 1006 
3870 2447 2325 1007 
3871 1008 1009 1010 
3872 1008 2202 1009 
3873 2201 2202 1008 
3874 2204 1009 2202 
3875 2205 1009 2204 
3876 2026 1597 1011 
3877 1597 2184 1011 
3878 2206 2026 1011 
3879 2184 2206 1011 
3880 2210 1012 1939 
3881 1012 2210 2209 
3882 1491 1013 2037 
3883 2037 1013 2038 
3884 1013 2162 2038 
3885 1013 2159 2162 
3886 1014 1775 1859 
3887 2171 1775 1014 
3888 1859 1860 1014 
3889 1860 1862 1014 
3890 1014 1989 2171 
3891 1903 2470 1015 
3892 2011 2211 1015 
3893 1869 1017 1018 
3894 1017 2086 1018 
3895 1869 1944 1017 
3896 2088 1869 1018 
3897 2086 2090 1018 
3898 1018 2087 2088 
3899 2090 2087 1018 
3900 1019 1100 1922 
3901 2213 1100 1019 
3902 1019 1299 2213 
3903 2460 1299 1019 
3904 1019 1922 1877 
3905 2460 1019 1877 
3906 1476 1906 1020 
3907 1020 1906 2216 
3908 1022 1021 1065 
3909 1022 2218 1021 
3910 1246 1021 1064 
3911 1064 1021 2218 
3912 1065 1021 2219 
3913 1246 2219 1021 
3914 1671 2217 1022 
3915 1022 2279 1671 
3916 2217 2218 1022 
3917 1697 1068 1023 
3918 1024 1025 1026 
3919 1024 2208 1025 
3920 1026 2270 1024 
3921 1025 2208 2371 
3922 2269 1351 1026 
3923 1027 1791 1028 
3924 1027 1792 1791 
3925 2226 1792 1027 
3926 1299 1028 2213 
3927 1028 1791 2213 
3928 1216 1029 2228 
3929 2229 1029 1216 
3930 2228 1029 2230 
3931 1856 1829 1030 
3932 1032 1031 2231 
3933 1031 1066 1327 
3934 1031 1488 1066 
3935 2231 1031 1327 
3936 2232 1034 1035 
3937 1661 1034 2232 
3938 1035 1495 2233 
3939 2235 1215 1036 
3940 1036 1215 2236 
3941 1933 1036 2124 
3942 1933 2235 1036 
3943 2097 1037 1038 
3944 2098 1038 1293 
3945 1038 2110 1293 
3946 1039 2109 1497 
3947 1039 1497 2121 
3948 1040 1530 1957 
3949 2169 1530 1040 
3950 1040 1957 1958 
3951 2022 1214 1041 
3952 1041 1885 2104 
3953 2104 2022 1041 
3954 1090 1104 1042 
3955 1090 1042 2301 
3956 2249 1042 1444 
3957 2301 1042 2249 
3958 1763 1043 1762 
3959 1763 1936 1043 
3960 1936 1935 1043 
3961 1043 1935 2246 
3962 1906 1044 1907 
3963 1907 1044 2247 
3964 1045 1046 1047 
3965 1883 1047 1046 
3966 1048 1724 1402 
3967 1404 1403 1048 
3968 1403 1725 1048 
3969 1048 1725 1724 
3970 1522 1521 1049 
3971 1049 1958 1522 
3972 2248 1051 1289 
3973 1151 1052 1152 
3974 1151 1798 1052 
3975 1152 1052 2253 
3976 1052 1809 2254 
3977 2253 1052 2254 
3978 1053 2298 1054 
3979 1053 2257 2298 
3980 1053 2378 2257 
3981 2094 1054 2092 
3982 2092 1054 2297 
3983 2297 1054 2298 
3984 1350 1055 2116 
3985 2422 1081 1056 
3986 1109 1193 1056 
3987 1251 1056 1193 
3988 2422 1056 1251 
3989 1057 1058 1059 
3990 1057 1290 1058 
3991 2149 1290 1057 
3992 2265 2149 1057 
3993 1058 2339 1059 
3994 1058 1290 1237 
3995 1237 2338 1058 
3996 1058 2338 2339 
3997 2339 1260 1059 
3998 1665 1060 1669 
3999 1135 2271 1061 
4000 1409 1592 1061 
4001 1105 1062 2131 
4002 2310 1062 1105 
4003 1062 1419 1421 
4004 1448 1419 1062 
4005 1062 1421 2131 
4006 1063 2267 2268 
4007 1246 1064 1247 
4008 1247 1064 2277 
4009 2218 2278 1064 
4010 1065 2186 2188 
4011 2186 1065 2219 
4012 1327 1066 2281 
4013 1455 1066 1488 
4014 2281 1066 1455 
4015 1068 1067 2305 
4016 2282 1108 1067 
4017 1067 1108 2315 
4018 2305 1067 2315 
4019 1068 2305 1453 
4020 2283 1466 1069 
4021 2283 1069 1773 
4022 1918 1835 1070 
4023 2196 1071 2287 
4024 2197 2451 1071 
4025 1072 1779 1279 
4026 1279 2076 1072 
4027 2076 1684 1072 
4028 1073 1074 1075 
4029 1496 2052 1073 
4030 2288 1075 1074 
4031 1074 2051 2392 
4032 2391 2288 1074 
4033 2391 1074 2392 
4034 1493 1075 2288 
4035 1076 1077 1078 
4036 1926 2187 1076 
4037 1078 1077 1233 
4038 1077 2417 1233 
4039 1078 1233 1235 
4040 2289 1078 1235 
4041 2395 1190 1079 
4042 2395 1079 2440 
4043 2422 1080 1081 
4044 2422 1927 1080 
4045 2126 1082 1083 
4046 1208 1082 2126 
4047 1208 2243 1082 
4048 1082 1309 1731 
4049 2243 1309 1082 
4050 1085 1084 1185 
4051 1185 1084 2294 
4052 1084 2043 2294 
4053 2293 1160 1085 
4054 2293 1085 1185 
4055 1833 2296 1087 
4056 2360 1833 1087 
4057 1087 2197 2358 
4058 2197 1087 2451 
4059 2360 1087 2358 
4060 1088 2297 2298 
4061 1090 1089 1104 
4062 1089 1090 2299 
4063 1459 1104 1089 
4064 1089 1458 1459 
4065 1089 2299 1458 
4066 2299 1090 2300 
4067 2300 1090 2301 
4068 2085 1499 1091 
4069 1091 2080 1764 
4070 1091 1764 2085 
4071 2302 1092 1093 
4072 1321 1093 1470 
4073 1321 2302 1093 
4074 1114 1094 1993 
4075 1622 1094 1623 
4076 1095 1108 2106 
4077 2315 1108 1095 
4078 2107 1974 1095 
4079 1974 2315 1095 
4080 1095 2106 2107 
4081 1560 1097 1098 
4082 1100 1099 1922 
4083 1099 1100 2261 
4084 2306 1099 1333 
4085 2113 1100 2213 
4086 1795 1101 1347 
4087 1347 1101 1984 
4088 1795 2307 1101 
4089 1101 2308 1984 
4090 1101 2307 2308 
4091 1103 2128 1102 
4092 2189 1103 1102 
4093 2189 1102 1458 
4094 2131 1103 1105 
4095 1105 1103 2189 
4096 1103 2262 2128 
4097 2131 2262 1103 
4098 2309 1104 1459 
4099 2309 1803 1104 
4100 1105 2189 1322 
4101 2310 1105 1322 
4102 1106 2174 1425 
4103 1783 2174 1106 
4104 1783 1106 2313 
4105 1107 2314 1199 
4106 1781 1358 1107 
4107 1109 1156 1173 
4108 2273 1109 1173 
4109 2273 1193 1109 
4110 1110 1735 2192 
4111 1110 2142 1896 
4112 2191 1110 1896 
4113 1110 2143 2142 
4114 2192 2143 1110 
4115 1861 1111 1860 
4116 1860 1111 1862 
4117 1111 1861 2319 
4118 2472 1862 1111 
4119 1111 2319 2320 
4120 2472 1111 2320 
4121 1818 1112 1362 
4122 1112 2321 1362 
4123 1818 1819 1112 
4124 1717 1133 1113 
4125 1133 2322 1113 
4126 1113 1204 1718 
4127 1717 1113 1718 
4128 2322 1719 1113 
4129 1992 1158 1114 
4130 2459 1114 1158 
4131 1947 2304 1114 
4132 2459 1947 1114 
4133 1992 1114 1993 
4134 2132 1982 1115 
4135 2225 1115 1982 
4136 2133 1115 2001 
4137 2133 2132 1115 
4138 2225 2224 1115 
4139 2140 1116 2324 
4140 2323 2324 1116 
4141 1171 1117 1172 
4142 2210 1117 1171 
4143 2326 1172 1117 
4144 2210 1480 1117 
4145 1118 1325 1119 
4146 1652 1118 1119 
4147 1652 1653 1118 
4148 1653 2044 1118 
4149 2463 1119 1325 
4150 2290 1670 1120 
4151 1120 1672 2327 
4152 2290 1120 2327 
4153 1282 1121 1393 
4154 1123 2329 1207 
4155 1123 1535 1651 
4156 1123 1651 2329 
4157 1858 1124 1125 
4158 1125 1124 2330 
4159 1857 1878 1124 
4160 1124 1878 1880 
4161 1124 1880 2330 
4162 1293 1858 1125 
4163 1354 1565 1126 
4164 1354 1126 2331 
4165 2331 1126 2283 
4166 1963 1696 1127 
4167 1128 1129 1130 
4168 1580 1128 1130 
4169 1406 1128 1578 
4170 1128 1580 1578 
4171 1580 1130 2112 
4172 1131 1132 1133 
4173 1131 1192 1132 
4174 1131 1153 2428 
4175 1131 2429 1192 
4176 1131 2428 2429 
4177 1133 1132 2322 
4178 1192 1191 1132 
4179 1191 2249 1132 
4180 1132 2249 2322 
4181 1251 1134 2397 
4182 2421 1134 1251 
4183 2332 1134 2250 
4184 2250 1134 2432 
4185 2314 1134 2332 
4186 2363 1134 2314 
4187 2397 1134 2363 
4188 2432 1134 2421 
4189 1154 1250 1136 
4190 1978 1154 1136 
4191 1978 1136 1980 
4192 1138 1137 1259 
4193 1137 2134 1259 
4194 2284 1138 1259 
4195 1138 2367 2235 
4196 2367 1138 2284 
4197 1139 2336 1344 
4198 2130 1139 2262 
4199 2130 2336 1139 
4200 2262 1139 2263 
4201 2200 1599 1140 
4202 1140 1599 2337 
4203 2336 1141 1461 
4204 2336 2130 1141 
4205 2342 1143 2013 
4206 1144 1145 1854 
4207 1144 2452 1145 
4208 1144 1854 1205 
4209 2452 1144 2343 
4210 2346 2345 1145 
4211 2346 1145 2385 
4212 2385 1145 2452 
4213 1746 1146 1747 
4214 1146 1746 2348 
4215 1146 2348 2349 
4216 2029 2027 1147 
4217 2324 2029 1147 
4218 1291 1148 2351 
4219 2343 2344 1148 
4220 2351 1148 2352 
4221 2352 1148 2353 
4222 1149 1319 2014 
4223 1149 2355 1319 
4224 2357 1150 2028 
4225 2357 2356 1150 
4226 1179 1798 1151 
4227 1152 2409 1189 
4228 2409 1152 2253 
4229 2228 1261 1153 
4230 1153 1261 2428 
4231 1929 1250 1154 
4232 1828 1827 1154 
4233 1827 1929 1154 
4234 1154 1979 1828 
4235 1154 1978 1979 
4236 1194 1193 1155 
4237 1155 1193 2273 
4238 2273 1794 1155 
4239 1794 2433 1155 
4240 1156 1157 1158 
4241 1156 2311 1157 
4242 1156 1158 1174 
4243 1173 1156 1174 
4244 2459 1158 1157 
4245 2312 1157 2311 
4246 2459 1157 2312 
4247 1992 1174 1158 
4248 1833 1159 2016 
4249 2360 1159 1833 
4250 2360 2359 1159 
4251 1162 1874 1200 
4252 2362 1162 1200 
4253 1162 2034 1874 
4254 2361 2034 1162 
4255 2183 1164 1250 
4256 2183 1972 1164 
4257 1796 1165 2263 
4258 2128 2263 1165 
4259 2368 1166 2370 
4260 1166 2369 2370 
4261 1167 1168 1169 
4262 1169 1168 2246 
4263 2040 1169 2246 
4264 2474 1169 2040 
4265 1897 1175 1170 
4266 2255 1170 1238 
4267 1238 1170 2291 
4268 1897 1170 2255 
4269 2209 2210 1171 
4270 1285 1223 1172 
4271 1172 2326 1285 
4272 1173 1174 2275 
4273 1173 1765 2274 
4274 2275 1765 1173 
4275 2273 1173 2274 
4276 1897 1931 1175 
4277 1930 1175 1931 
4278 2292 1175 1930 
4279 2287 1176 1177 
4280 2356 1177 1176 
4281 1176 2151 1908 
4282 2356 1176 1908 
4283 1176 2150 2151 
4284 1176 2152 2150 
4285 2287 2152 1176 
4286 2286 1177 2374 
4287 2374 1177 2356 
4288 2318 1178 2441 
4289 1179 1797 1798 
4290 1797 1179 2375 
4291 2375 1179 2376 
4292 2376 1179 2378 
4293 2380 1236 1180 
4294 1312 1180 1310 
4295 1180 2386 1310 
4296 2379 1180 1312 
4297 2380 1180 2379 
4298 1182 1181 1245 
4299 1182 2036 1181 
4300 2382 1182 1245 
4301 1182 2193 2036 
4302 2381 2193 1182 
4303 2381 1182 2382 
4304 1185 1184 2293 
4305 2388 2389 1184 
4306 2387 1185 2294 
4307 1186 1187 1188 
4308 1187 2288 2391 
4309 2393 1189 1222 
4310 1222 1189 2409 
4311 1189 2393 2257 
4312 2394 1190 2395 
4313 1192 2300 1191 
4314 1191 2301 2249 
4315 1191 2300 2301 
4316 2300 1192 2429 
4317 2421 1193 1194 
4318 2421 1251 1193 
4319 2432 2421 1194 
4320 1195 1788 1787 
4321 1852 1306 1196 
4322 1306 2303 1196 
4323 1852 1196 1853 
4324 1196 2302 1928 
4325 2303 2302 1196 
4326 1197 2305 1219 
4327 1197 2471 1359 
4328 1197 2399 2471 
4329 1198 2346 2401 
4330 2400 1198 2401 
4331 2251 1199 2332 
4332 2332 1199 2314 
4333 1201 1202 1203 
4334 1434 2111 1201 
4335 1435 1203 1561 
4336 1205 1854 2031 
4337 1206 1881 1207 
4338 2329 1206 1207 
4339 1881 1206 1882 
4340 1207 1881 1845 
4341 1208 1595 1594 
4342 1594 1946 1208 
4343 1595 1208 2126 
4344 2243 1208 1946 
4345 1209 2135 2137 
4346 1211 2004 1212 
4347 1211 1212 2201 
4348 1211 2008 2004 
4349 2403 2008 1211 
4350 1212 2004 2203 
4351 2201 1212 2202 
4352 2204 2202 1212 
4353 1212 2203 2204 
4354 1214 2023 1213 
4355 2023 2404 1213 
4356 2022 2023 1214 
4357 2367 1215 2235 
4358 1215 2367 2366 
4359 2181 1216 2182 
4360 2229 1216 2181 
4361 1216 2406 2182 
4362 1216 2228 2406 
4363 1218 1217 1687 
4364 1974 1219 2315 
4365 2315 1219 2305 
4366 1979 1220 1828 
4367 1979 1982 1220 
4368 1982 2407 1220 
4369 1221 2097 1921 
4370 1464 2393 1222 
4371 1464 1222 2408 
4372 2408 1222 2409 
4373 1257 1223 1285 
4374 1257 1945 1223 
4375 1224 2168 1225 
4376 2410 1224 1225 
4377 2025 1224 1590 
4378 1590 1224 2410 
4379 2168 1224 2024 
4380 1225 2168 2167 
4381 1225 2167 2411 
4382 2396 2410 1225 
4383 1770 1226 1771 
4384 1226 1940 1771 
4385 1227 1423 1228 
4386 1227 1917 1423 
4387 1227 1700 1917 
4388 1229 2407 2132 
4389 1344 1230 2307 
4390 2307 1230 2308 
4391 1232 2037 2038 
4392 1233 1234 1235 
4393 1233 2418 1234 
4394 1233 2417 2418 
4395 1234 2418 2419 
4396 2289 1235 2416 
4397 1237 2383 1236 
4398 1237 1290 2383 
4399 2254 1238 2253 
4400 1238 2420 2253 
4401 2254 2255 1238 
4402 2420 1238 2291 
4403 1956 1239 2426 
4404 2098 1239 2021 
4405 2426 1239 2098 
4406 1277 2443 1240 
4407 2207 1240 2443 
4408 1241 2350 2355 
4409 1675 1243 1242 
4410 2176 1242 1243 
4411 1243 1675 1676 
4412 2382 1245 1244 
4413 2369 1346 1244 
4414 1244 1346 2467 
4415 1977 2369 1244 
4416 1244 2467 2382 
4417 2418 1246 1247 
4418 2417 2219 1246 
4419 2418 2417 1246 
4420 2372 1249 1915 
4421 2205 2204 1249 
4422 1250 1929 2183 
4423 1251 2397 2422 
4424 1666 1252 1253 
4425 1255 1254 1252 
4426 1252 1254 2427 
4427 1666 1255 1252 
4428 2427 2277 1252 
4429 1253 1667 1668 
4430 1254 2389 2427 
4431 1703 1256 2103 
4432 1256 2023 2022 
4433 1256 2022 2104 
4434 1256 2104 2103 
4435 1257 2180 1945 
4436 1258 1826 1973 
4437 1827 1258 1929 
4438 1929 1258 1973 
4439 2339 1621 1260 
4440 1297 1296 1261 
4441 1261 1296 2428 
4442 2230 1297 1261 
4443 2228 2230 1261 
4444 1262 1296 2430 
4445 2317 1263 2316 
4446 2317 2431 1263 
4447 2431 2436 1263 
4448 2313 1265 1264 
4449 1264 1783 2313 
4450 2217 1671 1265 
4451 2217 1265 2313 
4452 2374 1266 2434 
4453 2374 2435 1266 
4454 2434 1266 2437 
4455 1266 2436 2437 
4456 2408 1267 1323 
4457 2409 2253 1267 
4458 2408 2409 1267 
4459 1269 1268 2434 
4460 2434 1268 2286 
4461 2437 1269 2434 
4462 1269 2437 2462 
4463 1270 1271 1272 
4464 2419 2388 1270 
4465 1271 2387 2390 
4466 2416 1272 2392 
4467 1274 1772 1275 
4468 2082 1274 1275 
4469 1274 2083 1772 
4470 2083 1274 2084 
4471 2082 1275 2482 
4472 2364 2482 1275 
4473 2267 1276 2237 
4474 1761 2443 1277 
4475 1874 2034 1278 
4476 1788 2076 1279 
4477 1282 1336 1806 
4478 2070 1336 1282 
4479 1393 2070 1282 
4480 1961 1283 1548 
4481 1283 1962 1548 
4482 2326 2447 1285 
4483 1285 2447 2448 
4484 2449 1286 2473 
4485 2473 1286 2450 
4486 1596 1287 1594 
4487 1287 1946 1594 
4488 2333 1288 1446 
4489 2334 1288 2333 
4490 2149 2400 1290 
4491 1290 2384 2383 
4492 1290 2400 2384 
4493 1291 2351 2455 
4494 2453 1291 2454 
4495 2454 1291 2455 
4496 2274 1765 1292 
4497 1293 2110 1858 
4498 2098 1293 2426 
4499 2458 1295 1294 
4500 1294 1947 2459 
4501 2458 1294 2312 
4502 1294 2459 2312 
4503 1297 2430 1296 
4504 2428 1296 2429 
4505 2337 2430 1297 
4506 1298 2195 2194 
4507 2381 1298 2194 
4508 2195 1298 2395 
4509 2394 1298 2381 
4510 1298 2394 2395 
4511 2466 1318 1299 
4512 2460 2466 1299 
4513 1415 2012 1300 
4514 1300 2012 2158 
4515 1300 2316 2423 
4516 2227 1301 1302 
4517 1302 1945 2179 
4518 1971 1302 2179 
4519 2227 1302 1971 
4520 1801 1786 1303 
4521 2075 1303 1786 
4522 1304 1311 1310 
4523 1304 1310 2454 
4524 2439 1304 2455 
4525 2455 1304 2454 
4526 1852 1305 1306 
4527 1305 2433 1306 
4528 1852 2251 1305 
4529 2251 2432 1305 
4530 2303 1306 1794 
4531 1794 1306 2433 
4532 2352 2353 1307 
4533 1307 2353 2359 
4534 2358 1307 2360 
4535 2360 1307 2359 
4536 1308 1731 1309 
4537 1308 2168 2024 
4538 1309 2243 2242 
4539 1310 1311 1312 
4540 2454 1310 2386 
4541 2461 2379 1312 
4542 2479 2269 1314 
4543 1314 2464 2479 
4544 1518 1315 1513 
4545 1315 1518 1950 
4546 1471 1588 1316 
4547 1712 1316 1588 
4548 1316 1712 2370 
4549 2087 1317 2239 
4550 2087 2241 1317 
4551 2091 2239 1317 
4552 1319 1320 2014 
4553 1320 1319 2348 
4554 2349 2348 1319 
4555 2350 2349 1319 
4556 2355 2350 1319 
4557 2014 1320 2015 
4558 1320 2348 2015 
4559 1321 1470 2468 
4560 2276 1928 1321 
4561 1928 2302 1321 
4562 2276 1321 2468 
4563 1322 2189 2299 
4564 1324 2467 1323 
4565 1346 1323 2467 
4566 2394 2467 1324 
4567 1327 1702 1564 
4568 2231 1327 1564 
4569 1327 2281 1702 
4570 1328 1600 1997 
4571 2003 2002 1329 
4572 1329 2151 2150 
4573 1335 1330 2399 
4574 1335 2469 1330 
4575 1330 1774 2471 
4576 2399 1330 2471 
4577 2072 1331 2161 
4578 1768 1332 1769 
4579 1333 2178 1552 
4580 2306 1333 1552 
4581 1334 2039 1934 
4582 1934 2127 1334 
4583 2446 1334 2127 
4584 2166 1335 1730 
4585 2166 2469 1335 
4586 2070 2328 1336 
4587 1626 1338 1628 
4588 2413 1338 1626 
4589 1338 1627 1628 
4590 2413 2473 1338 
4591 2373 1340 1339 
4592 1340 2372 1915 
4593 1340 1915 2380 
4594 2373 2372 1340 
4595 1340 2380 2379 
4596 1802 1341 1575 
4597 1343 2465 1729 
4598 1952 1348 2084 
4599 2084 1348 2083 
4600 1412 1349 2456 
4601 1351 1350 2116 
4602 2479 1351 2269 
4603 1352 2053 1383 
4604 1565 1354 1698 
4605 2481 1355 1665 
4606 1356 2311 2285 
4607 1356 2312 2311 
4608 1356 2458 2312 
4609 1415 1357 2012 
4610 2318 2441 1358 
4611 1358 2441 2482 
4612 1359 1774 1981 
4613 2471 1774 1359 
4614 1980 1359 1981 
4615 1360 1361 1657 
4616 1361 1492 2484 
4617 2485 1818 1362 
4618 1362 2321 1820 
4619 2485 1362 1820 
4620 1364 1706 1363 
4621 1706 2486 1363 
4622 2486 1365 2078 
4623 1368 1366 2064 
4624 1368 2487 1366 
4625 2064 1366 2065 
4626 1366 2489 2065 
4627 2487 2488 1366 
4628 1371 1367 1368 
4629 1368 1367 2487 
4630 1371 1370 1367 
4631 1367 1370 2490 
4632 1367 2490 2487 
4633 2079 1371 1368 
4634 1370 1371 1372 
4635 2079 2077 1371 
4636 2491 1372 1533 
4637 1374 2495 1373 
4638 1373 2494 1844 
4639 1503 1502 1374 
4640 1502 2495 1374 
4641 1503 1374 1843 
4642 1375 1376 1377 
4643 1553 1375 1377 
4644 1376 2489 2501 
4645 2500 1553 1377 
4646 1378 1379 1380 
4647 1378 1381 1379 
4648 2498 1378 1380 
4649 1378 1382 1381 
4650 2497 1382 1378 
4651 2498 2497 1378 
4652 1379 1381 2502 
4653 1379 2502 2483 
4654 2499 1380 2484 
4655 2499 2498 1380 
4656 1382 1395 1381 
4657 1395 1531 1381 
4658 1681 1388 1392 
4659 1518 1389 1950 
4660 1955 1681 1392 
4661 1692 1392 1690 
4662 1955 1392 1692 
4663 1529 1394 1543 
4664 1398 1397 1503 
4665 1503 1536 1398 
4666 1399 1546 1547 
4667 1401 1400 2252 
4668 1400 1704 1825 
4669 2445 1403 1404 
4670 1403 1405 1725 
4671 1406 1578 1579 
4672 1410 1409 1587 
4673 1410 1592 1409 
4674 1409 2272 1587 
4675 1413 1416 1414 
4676 2457 1418 2456 
4677 1837 1483 1420 
4678 1837 1420 1616 
4679 1421 1485 2131 
4680 1426 1925 2055 
4681 2187 1925 1426 
4682 2187 1426 2186 
4683 1428 1491 1429 
4684 1429 1823 2042 
4685 1434 1882 2111 
4686 1442 1884 1440 
4687 1884 1561 1440 
4688 1442 1581 2105 
4689 1885 1884 1442 
4690 1885 1442 2105 
4691 1719 1444 1443 
4692 1719 2249 1444 
4693 1445 1892 1498 
4694 1741 1742 1450 
4695 1454 2281 1455 
4696 2189 1458 2299 
4697 1459 1893 2309 
4698 1744 1460 1745 
4699 1822 1745 1460 
4700 1461 1608 2336 
4701 1465 1788 1463 
4702 1465 1787 1788 
4703 1467 1468 1469 
4704 1467 2127 1468 
4705 1468 1935 1469 
4706 2127 1934 1468 
4707 1469 1763 1470 
4708 1469 1936 1763 
4709 1469 1935 1936 
4710 1762 1470 1763 
4711 1470 1762 2468 
4712 1473 1474 1871 
4713 1473 1871 1688 
4714 1475 2102 1916 
4715 1735 1476 2192 
4716 1939 1481 1480 
4717 1480 2210 1939 
4718 1837 1484 1483 
4719 1484 2129 1483 
4720 1484 1837 1838 
4721 2130 2262 1485 
4722 1485 2262 2131 
4723 2153 1486 2154 
4724 2296 2154 1487 
4725 2233 1495 1494 
4726 2233 1494 2234 
4727 1891 1497 1498 
4728 2121 1497 1891 
4729 1892 1891 1498 
4730 1503 1843 1536 
4731 1832 2212 1510 
4732 1516 1512 1515 
4733 1674 1678 1513 
4734 1514 1516 1515 
4735 1522 1957 1520 
4736 1522 1958 1957 
4737 1683 1523 1524 
4738 1701 1524 1525 
4739 1529 1543 1541 
4740 1530 1541 1543 
4741 1957 1530 1543 
4742 1538 1540 1539 
4743 1539 1540 1842 
4744 1842 1540 1841 
4745 1705 1549 1544 
4746 1962 1544 1549 
4747 1546 1790 1547 
4748 1964 1552 1756 
4749 2043 1554 2390 
4750 1570 1556 1557 
4751 1568 1570 1557 
4752 1820 1558 2485 
4753 1569 1567 1568 
4754 1568 1567 1570 
4755 1570 1567 1848 
4756 1578 1635 1579 
4757 1923 1580 2112 
4758 2105 1581 1582 
4759 1582 1711 2103 
4760 2103 2105 1582 
4761 1722 1727 1585 
4762 1587 2272 1586 
4763 1712 1588 1586 
4764 1760 1586 2272 
4765 1591 1590 1976 
4766 1591 2121 1590 
4767 2025 1590 1891 
4768 1891 1590 2121 
4769 1976 1590 2410 
4770 1595 1596 1594 
4771 1595 1990 1596 
4772 2200 1598 1599 
4773 1598 1997 1600 
4774 2200 1997 1598 
4775 1602 1603 1643 
4776 1604 1605 1606 
4777 1640 1605 1604 
4778 1641 1604 1606 
4779 1639 1605 1640 
4780 1607 1930 1631 
4781 1607 2292 1930 
4782 2031 1854 1612 
4783 1617 1998 1619 
4784 1617 1999 1998 
4785 1619 2144 1620 
4786 1621 2341 2172 
4787 2339 2341 1621 
4788 1623 1902 1622 
4789 1901 1622 1902 
4790 1625 2265 1623 
4791 1902 1623 2265 
4792 1625 2149 2265 
4793 1626 1628 2444 
4794 1748 1626 1749 
4795 2413 1626 1748 
4796 1626 2444 1749 
4797 1629 2002 1630 
4798 2002 1932 1630 
4799 1932 2143 1630 
4800 1630 2143 2192 
4801 1633 2245 1764 
4802 2244 2245 1633 
4803 1757 1638 1727 
4804 1913 1638 1757 
4805 1640 2032 1639 
4806 1647 1953 1645 
4807 1649 2198 1650 
4808 2199 1650 2198 
4809 2464 1655 1716 
4810 1966 1658 1970 
4811 1664 1663 1832 
4812 2481 1665 1669 
4813 1667 2278 2054 
4814 1678 1673 1679 
4815 1674 2058 2057 
4816 2177 2424 1677 
4817 1785 1680 1786 
4818 1680 1785 1824 
4819 1824 1823 1680 
4820 1687 1688 1689 
4821 1871 1872 1688 
4822 1875 2086 1689 
4823 1690 1691 2245 
4824 2085 1764 1691 
4825 2245 1691 1764 
4826 1695 1693 1790 
4827 1700 1699 1752 
4828 1700 1752 1849 
4829 1700 1849 1965 
4830 1700 1965 1917 
4831 1702 1703 2103 
4832 1706 1707 2486 
4833 1712 2368 2370 
4834 1817 1713 1759 
4835 2322 2249 1719 
4836 2115 1727 1722 
4837 1722 1847 2115 
4838 1726 1803 1804 
4839 1757 1727 2115 
4840 1811 1729 1826 
4841 1729 1973 1826 
4842 1732 1777 1775 
4843 2242 1736 1734 
4844 2242 1734 1987 
4845 1736 2242 1946 
4846 2026 2207 1738 
4847 1821 2146 1743 
4848 1744 2470 1903 
4849 1748 1750 2413 
4850 1933 2124 1755 
4851 1761 1983 2443 
4852 1767 2096 2107 
4853 2106 1767 2107 
4854 1868 1771 1941 
4855 1941 1771 1940 
4856 1773 2331 2283 
4857 1774 1776 1981 
4858 1776 1775 1777 
4859 1776 1859 1775 
4860 1981 1776 1777 
4861 1786 1784 1785 
4862 1785 1784 2321 
4863 1784 1786 1801 
4864 1784 1820 2321 
4865 1889 1791 1792 
4866 1890 1791 1889 
4867 1890 2113 1791 
4868 1791 2113 2213 
4869 2274 1794 2273 
4870 2255 1809 1808 
4871 1808 1897 2255 
4872 2254 1809 2255 
4873 1814 1834 1813 
4874 1813 1834 1816 
4875 1834 1815 1816 
4876 1821 1838 2146 
4877 1830 1831 1829 
4878 2016 2153 1833 
4879 2154 1833 2153 
4880 2296 1833 2154 
4881 2147 1838 1837 
4882 1838 2147 2146 
4883 1844 2494 1845 
4884 1851 1849 1850 
4885 1965 1849 1851 
4886 2251 1852 1853 
4887 2133 2001 1855 
4888 2014 2015 1855 
4889 1859 1861 1860 
4890 1861 2166 2319 
4891 2166 1861 2469 
4892 1866 1868 1941 
4893 1869 2088 1870 
4894 2068 2060 1870 
4895 1875 2090 2086 
4896 2240 2090 1875 
4897 2460 1877 1876 
4898 2478 1876 2095 
4899 2478 2460 1876 
4900 1880 1879 2093 
4901 2330 1880 2093 
4902 2104 1885 2105 
4903 1890 1889 1975 
4904 1895 1975 1894 
4905 1895 1894 2472 
4906 1895 2472 2320 
4907 1897 1896 1931 
4908 1896 2142 1931 
4909 1899 2125 1898 
4910 1905 1906 1907 
4911 1906 1905 2216 
4912 2049 1910 2050 
4913 2203 2005 1914 
4914 2203 1914 2204 
4915 1926 1925 2187 
4916 2422 2397 1927 
4917 2183 1929 1973 
4918 2214 1938 1937 
4919 2333 1942 2334 
4920 2179 1945 2180 
4921 2242 2243 1946 
4922 1956 2425 1960 
4923 2425 1959 1960 
4924 1959 2425 2093 
4925 1967 1966 1970 
4926 2108 1967 1970 
4927 1969 2108 1970 
4928 2183 1973 1972 
4929 1976 2410 2396 
4930 2370 2369 1977 
4931 2132 2407 1982 
4932 1984 2308 1985 
4933 1986 1985 1995 
4934 1995 1985 2308 
4935 2136 1993 2137 
4936 2203 2004 2005 
4937 2009 2006 2008 
4938 2007 2009 2008 
4939 2403 2007 2008 
4940 2214 2007 2403 
4941 2010 2211 2011 
4942 2457 2153 2016 
4943 2066 2067 2020 
4944 2027 2029 2030 
4945 2324 2323 2029 
4946 2435 2030 2347 
4947 2357 2030 2435 
4948 2474 2040 2039 
4949 2043 2387 2294 
4950 2390 2387 2043 
4951 2074 2354 2221 
4952 2074 2238 2354 
4953 2441 2082 2482 
4954 2088 2087 2239 
4955 2090 2241 2087 
4956 2088 2239 2238 
4957 2091 2354 2239 
4958 2477 2478 2095 
4959 2101 2375 2376 
4960 2105 2103 2104 
4961 2182 2406 2120 
4962 2122 2123 2270 
4963 2128 2262 2263 
4964 2135 2136 2137 
4965 2220 2317 2157 
4966 2341 2340 2172 
4967 2193 2381 2194 
4968 2195 2395 2440 
4969 2217 2313 2218 
4970 2225 2223 2224 
4971 2238 2239 2354 
4972 2250 2251 2332 
4973 2251 2250 2432 
4974 2252 2475 2476 
4975 2434 2286 2374 
4976 2438 2420 2291 
4977 2326 2325 2447 
4978 2338 2341 2339 
4979 2338 2340 2341 
4980 2401 2346 2385 
4981 2347 2349 2350 
4982 2351 2439 2455 
4983 2359 2353 2450 
4984 2473 2450 2353 
4985 2357 2374 2356 
4986 2435 2374 2357 
4987 2364 2398 2363 
4988 2397 2363 2398 
4989 2364 2365 2398 
4990 2467 2381 2382 
4991 2467 2394 2381 
4992 2384 2385 2383 
4993 2384 2401 2385 
4994 2400 2401 2384 
4995 2386 2453 2454 
4996 2413 2449 2473 
4997 2431 2437 2436 
4998 2462 2437 2431 
4999 2460 2478 2466 
5000 2500 2498 2499 
3 1 4 10130
5001 2523 2683 2629 2755 
5002 1368 1457 1456 2779 
5003 2597 2865 2548 2877 
5004 678 893 1407 2629 
5005 2605 2692 2632 2794 
5006 994 2530 2576 2893 
5007 461 1699 875 2722 
5008 2504 2775 2667 2797 
5009 2524 2632 2692 2794 
5010 2503 2584 2599 2665 
5011 994 2182 2530 2893 
5012 2592 2736 2722 2770 
5013 2419 2872 2743 2933 
5014 2584 2665 2503 2675 
5015 939 1345 1807 2582 
5016 2632 2692 2605 2921 
5017 1445 1892 2579 2811 
5018 2523 2572 2615 2940 
5019 2562 2696 2531 2738 
5020 2543 2687 2509 2861 
5021 2529 2722 2592 2736 
5022 2601 2628 2576 2928 
5023 2568 2888 2681 2916 
5024 2534 2818 2563 2978 
5025 2576 2628 2601 2787 
5026 103 1532 654 2789 
5027 2503 2573 2694 2784 
5028 2577 2618 2551 2742 
5029 2529 2666 2696 2736 
5030 1050 455 423 2979 
5031 1551 2674 2586 2854 
5032 2490 1367 2487 2801 
5033 2550 2696 2666 2736 
5034 103 654 2502 2649 
5035 1336 1806 29 2777 
5036 1560 664 1435 2932 
5037 465 1130 2112 2718 
5038 2220 2709 2541 2937 
5039 2503 2694 2573 2911 
5040 2372 2634 2551 2939 
5041 2055 1925 1426 2799 
5042 1806 1336 1282 2777 
5043 32 1546 249 2752 
5044 1249 2630 2577 2742 
5045 1992 2149 1625 1094 
5046 939 461 1345 2582 
5047 2537 2704 2596 2806 
5048 461 875 2688 2722 
5049 1684 169 923 2814 
5050 2509 2687 2543 2914 
5051 201 35 2672 2827 
5052 461 2582 939 2722 
5053 2600 2650 2524 2812 
5054 2533 2574 2554 2611 
5055 1435 2672 2731 2932 
5056 1772 2818 2563 2837 
5057 201 1441 35 2827 
5058 2534 2786 2563 2818 
5059 2503 2599 2584 2772 
5060 934 2706 2591 2769 
5061 2537 2739 2704 2806 
5062 2510 2575 2556 2621 
5063 2299 1090 1089 2567 
5064 2589 2635 1972 2656 
5065 1972 2589 1127 2635 
5066 2568 2714 2888 2916 
5067 2503 2599 2694 2911 
5068 35 599 180 2571 
5069 2519 2591 2706 2769 
5070 2554 2574 2523 2755 
5071 2528 2743 2872 2933 
5072 1066 1031 1327 2838 
5073 2522 2556 2621 2743 
5074 2632 2687 2605 2794 
5075 762 2815 2583 2992 
5076 2573 2694 2656 2911 
5077 2521 2663 2583 2721 
5078 2665 2673 2533 2707 
5079 1847 2115 376 2761 
5080 508 2261 801 2697 
5081 2574 2683 2523 2755 
5082 502 2702 2844 2855 
5083 1457 2588 630 2779 
5084 302 1569 1567 2611 
5085 762 2917 2815 2992 
5086 2524 2687 2632 2794 
5087 1118 1119 1325 2779 
5088 2504 2676 2775 2797 
5089 2529 2736 2592 2770 
5090 2538 2552 2514 2679 
5091 2503 2584 2675 2772 
5092 461 2688 2582 2722 
5093 2504 2676 2797 2847 
5094 2641 2786 2563 2837 
5095 2531 2621 2780 2858 
5096 2523 2629 2683 2827 
5097 2568 2817 2772 2875 
5098 799 2646 2688 2737 
5099 2551 2618 2505 2625 
5100 5 1961 2169 2586 
5101 32 1399 1546 2652 
5102 1891 2579 1892 2811 
5103 2524 2600 2687 2794 
5104 2556 2621 2575 2626 
5105 15 2615 1757 2755 
5106 1727 1638 1757 2615 
5107 2673 2707 2664 2934 
5108 103 654 2649 2789 
5109 2676 2682 2598 2700 
5110 2539 2599 2584 2948 
5111 1757 2755 2615 2940 
5112 2262 1485 2131 2698 
5113 2722 2770 2736 2931 
5114 2539 2508 2599 2948 
5115 1232 53 2075 2650 
5116 1575 674 34 1341 
5117 2524 2653 2609 2812 
5118 2659 2729 2566 2799 
5119 1440 201 1561 2672 
5120 413 1017 2086 2886 
5121 2606 2642 2635 2918 
5122 2503 2694 2599 2772 
5123 2665 2675 2584 2948 
5124 2577 2630 2618 2742 
5125 1891 2121 2579 2811 
5126 2523 2615 2554 2940 
5127 35 1202 201 2672 
5128 1893 2583 2663 2721 
5129 180 35 2571 2718 
5130 148 2739 2818 2972 
5131 148 2739 2593 2818 
5132 230 26 1075 1073 
5133 2589 2659 2525 2784 
5134 2680 2656 2792 2823 
5135 934 2591 2703 2769 
5136 2543 2632 2524 2687 
5137 2581 2550 2750 2807 
5138 457 1122 2559 2713 
5139 2523 2629 2572 2940 
5140 2533 2548 2512 2574 
5141 2507 2569 2559 2642 
5142 2606 2776 2642 2918 
5143 1657 1361 1187 2808 
5144 2509 2780 2543 2861 
5145 2487 1368 2588 2801 
5146 1368 2588 1457 2779 
5147 2576 2601 2530 2787 
5148 2550 2736 2666 2770 
5149 2775 2797 2676 2847 
5150 2513 2843 2548 2877 
5151 2529 2666 2736 2770 
5152 2589 2694 2573 2784 
5153 2513 2548 2865 2877 
5154 2533 2665 2512 2673 
5155 2598 2682 2676 2820 
5156 2524 2543 2609 2632 
5157 193 32 249 2752 
5158 2572 2655 2517 2954 
5159 2591 2703 2519 2818 
5160 2508 2623 2541 2924 
5161 626 1288 1445 2579 
5162 2537 2704 2739 2829 
5163 467 2651 2530 2893 
5164 1579 679 944 2655 
5165 2757 2758 2699 2999 
5166 599 1407 598 2572 
5167 2566 2659 2525 2729 
5168 1279 2076 1788 2814 
5169 2523 2574 2554 2971 
5170 32 2652 1546 2752 
5171 762 2663 2583 2815 
5172 2534 2786 2706 2814 
5173 2531 2621 2522 2780 
5174 2514 2679 2552 2707 
5175 1456 2064 1368 2653 
5176 519 2729 2659 2799 
5177 614 2674 1551 2854 
5178 2102 461 875 2688 
5179 2537 2806 2596 2926 
5180 1657 1187 1361 2880 
5181 2564 2909 2691 2942 
5182 2523 2683 2574 2860 
5183 2514 2533 2607 2679 
5184 1089 2299 2567 2802 
5185 1127 1972 966 2589 
5186 2521 2572 2517 2954 
5187 994 2576 2530 2787 
5188 1581 2683 2629 2827 
5189 2772 2817 2520 2875 
5190 575 928 455 2626 
5191 2438 2869 2291 2875 
5192 2632 2728 2604 2861 
5193 2618 2625 2551 2742 
5194 2533 2611 2554 2744 
5195 934 217 2591 2706 
5196 2531 2738 2696 2970 
5197 2634 2800 2504 2912 
5198 938 818 175 2931 
5199 1456 2653 1368 2779 
5200 83 2047 1650 422 
5201 2555 2746 2831 2889 
5202 2727 2869 2714 2888 
5203 1851 1850 1849 2855 
5204 2554 2574 2533 2971 
5205 1915 2551 2372 2634 
5206 2379 2634 2623 2912 
5207 2623 2634 2504 2912 
5208 2568 2714 2869 2888 
5209 2509 2646 2914 2915 
5210 2604 2728 2632 2892 
5211 2182 2530 2181 2787 
5212 2204 2577 2630 2951 
5213 2318 2846 548 2857 
5214 1772 2083 2535 2837 
5215 2553 2586 2674 2854 
5216 2692 2921 2632 2974 
5217 858 2191 1110 2587 
5218 1891 804 1892 2579 
5219 1069 148 2593 2818 
5220 877 240 649 2566 
5221 2617 2797 2775 2847 
5222 2551 2625 2505 2757 
5223 2566 2525 2659 2677 
5224 2657 2724 2409 2769 
5225 1069 2593 2703 2818 
5226 1638 1727 735 2741 
5227 1916 2582 461 2688 
5228 2533 2607 2611 2744 
5229 2565 2683 2827 2850 
5230 939 2582 1807 2848 
5231 2578 2769 2657 2817 
5232 2566 2677 2659 2799 
5233 2664 2673 2503 2707 
5234 2656 2694 2599 2911 
5235 2537 2739 2806 2926 
5236 2564 2520 2691 2875 
5237 2522 2780 2621 2858 
5238 2647 2852 2545 2969 
5239 627 1448 684 2570 
5240 2573 2784 2503 2911 
5241 2625 2826 2667 3002 
5242 944 1635 1579 2953 
5243 2181 2182 1216 2530 
5244 618 2931 2652 2966 
5245 2544 1026 2839 2904 
5246 1270 2866 2388 2872 
5247 2699 2757 2551 2758 
5248 1171 2828 2577 2962 
5249 2613 2663 1248 2819 
5250 2551 2577 547 2645 
5251 2759 2787 2628 2904 
5252 2635 2642 2899 2918 
5253 519 2799 2659 2809 
5254 2270 2678 2123 2862 
5255 1248 2663 2613 2833 
5256 1327 2231 1564 2838 
5257 2504 2797 2523 2847 
5258 2514 2607 2538 2679 
5259 2503 2673 2665 2707 
5260 2533 2679 2514 2707 
5261 2562 2565 2531 2932 
5262 2517 2757 2699 2999 
5263 1465 2591 217 2706 
5264 2558 2662 1027 2717 
5265 2676 2700 2598 2834 
5266 2454 2714 2682 2723 
5267 2530 2601 2576 2756 
5268 2379 2800 2634 2912 
5269 2439 2727 2714 2888 
5270 2220 2557 2541 2709 
5271 2550 2861 2736 2921 
5272 1023 2729 2906 2981 
5273 683 684 1448 2830 
5274 2593 2739 2704 2829 
5275 2520 2648 2526 2899 
5276 2568 2792 2772 2936 
5277 2513 2673 2561 2934 
5278 1916 2582 2688 2754 
5279 1560 1435 2731 2932 
5280 446 2650 2524 2653 
5281 2507 2899 2642 2918 
5282 762 2583 394 2992 
5283 637 1475 2688 2754 
5284 1368 2487 2588 2653 
5285 1772 2563 2818 2978 
5286 534 1240 1277 2633 
5287 1465 1788 2591 2706 
5288 2498 2701 1554 2808 
5289 2628 2759 2601 2787 
5290 2564 2691 2520 2942 
5291 2534 2519 2591 2706 
5292 2523 2683 2617 2850 
5293 2538 2895 2679 2897 
5294 2382 2684 2644 2950 
5295 2182 994 2530 2787 
5296 2523 2512 2574 2971 
5297 2385 2384 2383 2788 
5298 893 392 1583 2629 
5299 2511 2668 2532 2908 
5300 2552 2707 2679 2865 
5301 2517 2655 2583 2954 
5302 2563 2786 2641 2818 
5303 2565 2827 2797 2850 
5304 2538 2697 1019 2717 
5305 2659 2784 2910 2997 
5306 2382 2596 2644 2684 
5307 2541 2636 2220 2937 
5308 2704 2739 2593 2806 
5309 2179 2628 2576 2787 
5310 508 801 2580 2697 
5311 1985 1986 861 2988 
5312 2531 2522 2745 2780 
5313 2553 2608 2586 2854 
5314 2654 2786 2706 2944 
5315 2561 2673 2664 2934 
5316 2508 2890 2599 2948 
5317 1532 244 654 2883 
5318 2523 2574 2512 2860 
5319 2291 2869 2681 2875 
5320 2568 2792 2774 2875 
5321 2508 2665 2890 2948 
5322 2659 2799 2677 2809 
5323 577 2541 2220 2557 
5324 2533 2514 2607 2744 
5325 2513 2561 2660 2934 
5326 2605 2736 2770 2931 
5327 2701 2751 2294 2812 
5328 260 2683 1711 2896 
5329 2508 2539 2599 2890 
5330 2517 2572 2571 2655 
5331 2599 2772 2694 2792 
5332 378 2720 1843 2750 
5333 2520 2772 2657 2817 
5334 893 482 2572 2940 
5335 2648 2694 2635 2899 
5336 2593 2739 2519 2818 
5337 2533 2744 2554 2971 
5338 1345 461 1916 2582 
5339 2773 2812 2536 2901 
5340 2605 2687 2632 2921 
5341 2527 2750 2720 2825 
5342 2524 2687 2600 2812 
5343 2657 2772 2694 2920 
5344 2513 2548 2673 2865 
5345 1843 2750 2720 2892 
5346 2548 2574 2533 2670 
5347 2592 2770 2722 2931 
5348 2318 548 81 2857 
5349 2524 2692 2632 2974 
5350 2562 2731 2672 2932 
5351 1916 461 2102 2688 
5352 2559 2569 2507 2767 
5353 2523 2615 2572 2771 
5354 2509 2646 2582 2914 
5355 2113 508 73 2580 
5356 2522 2620 2780 2858 
5357 2507 2642 2776 2918 
5358 2505 2618 2551 2962 
5359 2531 2621 2510 2745 
5360 2985 2994 2926 3000 
5361 2555 2831 2763 2889 
5362 716 2600 715 2824 
5363 461 939 1699 2722 
5364 2556 2575 2528 2626 
5365 2743 2866 2556 2872 
5366 2509 2745 2646 2915 
5367 2270 950 2123 2678 
5368 2650 2653 896 2779 
5369 2582 2509 2736 2737 
5370 2562 2672 2731 2908 
5371 2605 2736 2861 2921 
5372 2182 2406 2530 2893 
5373 2599 2890 2665 2948 
5374 180 1128 1129 2627 
5375 2510 2528 2556 2575 
5376 2707 2784 2664 2934 
5377 1395 174 595 2728 
5378 2507 2724 2657 2920 
5379 2529 2736 2696 2737 
5380 2226 1027 1792 2819 
5381 175 2652 618 2931 
5382 2521 2572 2615 2771 
5383 2513 2660 2561 2730 
5384 2559 2642 2569 2713 
5385 934 1464 2706 2769 
5386 1297 2699 2570 2830 
5387 2438 2817 2869 2875 
5388 2628 2515 2759 2904 
5389 1916 2688 1475 2754 
5390 2609 2812 2751 3004 
5391 799 2737 2688 2782 
5392 893 2572 1407 2629 
5393 2519 2703 2593 2818 
5394 2487 2734 164 2801 
5395 2522 2510 2621 2745 
5396 929 360 756 2986 
5397 1788 2591 2706 2814 
5398 2582 2646 2509 2737 
5399 2586 2608 1551 2854 
5400 1407 2572 599 2827 
5401 1345 1807 2582 2777 
5402 2505 2571 2532 2601 
5403 2513 2673 2548 2843 
5404 2589 2656 2573 2694 
5405 804 1590 2025 2579 
5406 2605 2722 2736 2931 
5407 2657 2772 2578 2817 
5408 2720 2750 2632 2892 
5409 217 1465 933 2591 
5410 1406 180 598 2627 
5411 678 2629 1407 2827 
5412 637 816 1475 2754 
5413 1968 742 1850 2855 
5414 2527 2581 2750 2825 
5415 2513 2707 2673 2934 
5416 2527 2581 2652 2770 
5417 2588 2734 2487 2801 
5418 2519 2818 2739 2972 
5419 2512 2533 2574 2971 
5420 2520 2694 2648 2899 
5421 1893 2583 2721 2802 
5422 1702 1564 254 2838 
5423 1069 2593 1466 2703 
5424 2663 2815 762 2917 
5425 817 816 637 2754 
5426 2558 2744 2717 2890 
5427 922 1363 2078 2486 
5428 2707 2910 2784 2997 
5429 2581 2750 2550 2921 
5430 2682 2714 2537 2723 
5431 2509 2543 2760 2914 
5432 2659 2784 2573 2910 
5433 1921 844 93 2906 
5434 2513 2730 2561 2843 
5435 1915 2625 2551 2634 
5436 1893 2663 114 2721 
5437 2578 2769 2704 2829 
5438 2545 2944 2887 2969 
5439 1445 2579 2648 2811 
5440 337 1051 49 391 
5441 2529 2696 2666 2738 
5442 2652 2931 2770 2966 
5443 2527 2750 2581 2921 
5444 2647 2732 2545 2810 
5445 1884 1561 252 2932 
5446 1581 2629 1887 2827 
5447 2584 2671 2539 2948 
5448 508 1100 2261 2697 
5449 2562 2666 2550 2696 
5450 1164 2589 1972 2656 
5451 2679 2707 2533 2865 
5452 2520 2694 2657 2772 
5453 2704 2769 2578 2817 
5454 2704 2769 2593 2829 
5455 62 2830 276 2874 
5456 1466 1069 148 2593 
5457 217 933 934 2591 
5458 1786 2075 53 2650 
5459 176 596 2595 2929 
5460 1374 2720 2964 2974 
5461 2541 2613 2508 2924 
5462 1772 2535 2818 2837 
5463 1297 2570 2430 2830 
5464 2635 2648 1972 2656 
5465 2507 2664 2776 2887 
5466 795 2607 1848 2973 
5467 2543 2620 2522 2701 
5468 1916 1475 816 2754 
5469 2509 2582 2736 2914 
5470 807 950 2208 2962 
5471 2538 2552 2679 2895 
5472 2628 2928 2731 2982 
5473 2664 2887 2944 2969 
5474 2520 2899 2526 2959 
5475 1848 2611 1567 2973 
5476 2505 2625 2618 2826 
5477 1297 1296 2570 2699 
5478 1714 608 2602 2652 
5479 2589 2606 2525 2906 
5480 393 2118 1281 2580 
5481 555 2291 2438 2869 
5482 2504 2634 2625 2800 
5483 1773 2591 2534 2818 
5484 35 2672 2571 2718 
5485 154 2647 2188 2732 
5486 2503 2784 2707 2911 
5487 1069 2703 2591 2818 
5488 2537 2596 2704 2714 
5489 2581 2527 2652 2726 
5490 2531 2510 2621 2850 
5491 1583 392 1582 2629 
5492 1915 2577 2551 2742 
5493 2599 2694 2656 2792 
5494 1171 2577 2618 2962 
5495 164 2487 2488 2653 
5496 2508 2539 2671 2948 
5497 1270 2388 2419 2872 
5498 1368 2653 2588 2779 
5499 1339 1070 2634 2698 
5500 2613 2833 2663 2924 
5501 950 2123 2678 2862 
5502 2507 2694 2657 2899 
5503 2714 2727 2637 2869 
5504 2680 2792 2715 2823 
5505 2522 2621 2531 2745 
5506 1203 1435 1561 2672 
5507 1105 2310 1322 2570 
5508 2512 2847 2675 2971 
5509 2505 2667 2625 2826 
5510 1314 2628 2602 2793 
5511 2578 2829 2704 2936 
5512 2657 2578 2772 2920 
5513 2529 2592 2666 2770 
5514 624 1581 1887 2827 
5515 2537 2675 2619 2723 
5516 1378 2701 2498 2808 
5517 1322 2189 1105 2570 
5518 2513 2561 2673 2843 
5519 1567 2611 1848 2761 
5520 2519 2739 2829 2972 
5521 2520 2774 2792 2875 
5522 934 1464 217 2706 
5523 1442 2683 1581 2827 
5524 547 2551 2645 2939 
5525 1714 1432 608 2652 
5526 625 1637 203 2840 
5527 1445 1892 626 2579 
5528 2483 1657 2669 2808 
5529 2521 2583 2517 2721 
5530 193 2652 32 2752 
5531 1050 1455 455 2746 
5532 2512 2695 2847 2860 
5533 1710 1709 1912 95 
5534 2501 585 2489 2751 
5535 2760 2773 2536 2901 
5536 1440 1561 1884 2565 
5537 2659 2809 2677 2879 
5538 2534 2591 2519 2818 
5539 2564 2774 2520 2875 
5540 1923 264 120 2796 
5541 2720 2750 2527 2921 
5542 2406 467 2530 2893 
5543 2504 2625 2634 2757 
5544 2523 2617 2683 2860 
5545 2581 2666 2550 2807 
5546 508 2580 2113 2697 
5547 2512 2847 2695 2965 
5548 2521 2517 2583 2954 
5549 2514 2665 2533 2707 
5550 1296 2310 1262 2570 
5551 2515 2678 2668 2759 
5552 2586 2608 2553 2961 
5553 2490 2487 164 2801 
5554 2664 2707 2503 2784 
5555 950 2862 2678 2962 
5556 2521 2583 2663 2815 
5557 2628 2787 831 2904 
5558 2210 2630 1171 2951 
5559 2503 2673 2749 2965 
5560 1274 2535 2083 2837 
5561 2707 2865 2552 2997 
5562 2776 2887 2664 2969 
5563 2534 2591 2813 2814 
5564 2551 2618 2577 2828 
5565 2524 2650 2588 2779 
5566 1441 599 35 2827 
5567 2643 2702 2592 2855 
5568 1923 940 462 2756 
5569 649 1948 2067 2566 
5570 877 649 2067 2566 
5571 2537 2714 2704 2936 
5572 2573 2707 2784 2911 
5573 2179 2576 994 2787 
5574 2553 2674 2586 2740 
5575 2584 2792 2774 2936 
5576 1921 823 2021 2906 
5577 2527 2581 2770 2921 
5578 2558 2717 2819 2890 
5579 2570 2698 2634 2802 
5580 2550 2807 2696 2927 
5581 2588 2779 2650 2873 
5582 2543 2728 2632 2861 
5583 1374 2632 2720 2974 
5584 654 2733 2649 2789 
5585 2512 2548 2533 2673 
5586 1187 1657 2808 2880 
5587 2502 2649 654 2733 
5588 1336 1282 2777 2868 
5589 2704 2714 2568 2936 
5590 1372 1370 586 2622 
5591 2508 2541 2539 2613 
5592 1564 44 254 2896 
5593 434 2325 1007 2795 
5594 2584 2723 2675 2936 
5595 2687 2861 2632 2921 
5596 2541 2623 2508 2671 
5597 2613 2541 2833 2924 
5598 2382 2637 2596 2684 
5599 2634 2698 2631 2721 
5600 334 1046 1714 2602 
5601 2573 2784 2707 2910 
5602 2582 2736 2688 2737 
5603 2551 2634 2625 2757 
5604 934 2703 2593 2769 
5605 939 2722 2582 2848 
5606 2519 2739 2593 2829 
5607 2770 2931 2652 2941 
5608 753 1532 103 2789 
5609 1893 631 2583 2802 
5610 515 2535 2711 2798 
5611 2568 2774 2792 2936 
5612 2533 2665 2744 2971 
5613 2577 2828 2618 2962 
5614 2527 2752 2622 2974 
5615 2632 2861 2604 2892 
5616 2751 2812 2701 3004 
5617 2599 2665 2584 2948 
5618 1248 364 2663 2833 
5619 2537 2704 2829 2936 
5620 2537 2714 2682 2926 
5621 2385 550 2700 2788 
5622 2708 2885 1689 2930 
5623 2548 2626 2575 2876 
5624 1050 2746 455 2979 
5625 2525 2606 2589 2918 
5626 103 2483 1657 2669 
5627 2613 2541 2747 2833 
5628 2514 2552 2538 2910 
5629 2563 2786 1264 2837 
5630 2524 2588 2653 2779 
5631 2553 2674 2624 2854 
5632 2519 2786 2561 2944 
5633 2646 2688 2582 2754 
5634 2534 2706 2591 2814 
5635 2086 2885 1689 2886 
5636 1216 2181 2530 2758 
5637 2517 2583 2567 2802 
5638 2439 2637 2714 2727 
5639 941 1966 1658 2702 
5640 1279 1788 2706 2814 
5641 1893 2583 762 2663 
5642 1922 2697 2538 2895 
5643 2578 2749 2725 2829 
5644 2533 2665 2514 2744 
5645 1689 2885 2708 2886 
5646 2503 2749 2675 2965 
5647 749 2646 2638 2915 
5648 2578 2749 2675 2772 
5649 537 2625 1236 2689 
5650 2537 2619 2675 2820 
5651 1445 2579 1288 2648 
5652 2226 2558 1027 2819 
5653 1181 2684 1182 2950 
5654 2588 2650 2524 2873 
5655 2532 2571 2757 2922 
5656 2552 2895 2740 2897 
5657 1206 2658 940 2903 
5658 354 2613 2819 2945 
5659 2226 1027 2558 2917 
5660 1267 2769 2704 2817 
5661 858 1110 1735 2845 
5662 2599 2539 2792 2823 
5663 1564 254 2838 2896 
5664 2635 2642 2606 2938 
5665 2548 2575 2528 2695 
5666 2708 2930 1871 2967 
5667 2504 2676 2847 2912 
5668 370 1806 1282 2777 
5669 2513 2730 2843 2877 
5670 2648 2656 2635 2694 
5671 2554 2615 2523 2771 
5672 614 722 1551 2674 
5673 2657 2767 2507 2899 
5674 542 2566 1948 2878 
5675 2694 2784 2589 2918 
5676 2510 2621 2556 2743 
5677 2509 2760 2543 2780 
5678 1359 1197 490 2823 
5679 176 1401 596 2929 
5680 2578 2657 2724 2920 
5681 1465 1463 1788 2706 
5682 1066 2836 1031 2838 
5683 1164 966 1972 2589 
5684 2533 2707 2673 2865 
5685 2157 2709 2220 2937 
5686 2520 2657 2694 2899 
5687 2519 2706 2786 2944 
5688 2505 2571 2601 2999 
5689 2656 2599 2792 2823 
5690 2409 1222 2408 2769 
5691 2578 2724 2657 2769 
5692 1019 2538 2717 2735 
5693 2559 2708 2642 2930 
5694 1795 2307 82 2833 
5695 1986 431 2853 2988 
5696 2562 2550 2666 2807 
5697 2705 2913 549 2958 
5698 2620 2701 2543 3004 
5699 502 2844 2643 2855 
5700 1019 2538 1922 2697 
5701 2523 2617 2797 2850 
5702 1085 2650 2600 2812 
5703 1266 2549 2564 2774 
5704 1224 2024 880 2579 
5705 2507 2657 2694 2920 
5706 220 817 637 2754 
5707 2696 2807 2639 2927 
5708 2543 2780 2604 2861 
5709 2512 2574 2548 2860 
5710 1248 2613 1761 2833 
5711 749 357 2646 2915 
5712 2539 2541 2508 2671 
5713 248 176 1549 2891 
5714 2537 2675 2723 2936 
5715 2503 2664 2784 2918 
5716 2675 2829 2578 2936 
5717 2505 2551 2757 2758 
5718 2604 2550 2696 2927 
5719 2582 2777 1807 2848 
5720 2627 2651 2567 2956 
5721 2578 2772 2675 2936 
5722 2581 2731 2928 2982 
5723 2509 2914 2760 2915 
5724 2605 2861 2687 2921 
5725 2678 2759 2515 2904 
5726 2519 2706 2534 2786 
5727 2584 2774 2916 2936 
5728 2626 2621 2876 2883 
5729 2511 2667 2532 2668 
5730 1567 15 302 2611 
5731 114 2721 2663 2924 
5732 2512 2675 2665 2971 
5733 1224 2168 2024 2579 
5734 2522 2621 2510 2743 
5735 2632 2750 2720 2921 
5736 1530 2608 2586 2961 
5737 1649 1650 2198 2824 
5738 2562 2738 2531 2996 
5739 2586 2740 2674 2895 
5740 2581 2658 1881 2825 
5741 2517 2571 2572 2803 
5742 1220 2407 1982 2778 
5743 2267 2544 2237 2907 
5744 2527 2921 2770 2941 
5745 2631 2634 1070 2698 
5746 1398 2604 656 2927 
5747 2543 2632 2687 2861 
5748 2447 1007 2325 2828 
5749 2619 2847 2676 2912 
5750 2602 2628 1314 2904 
5751 2097 2606 2635 2906 
5752 2589 2906 2659 2981 
5753 1688 1871 2708 2930 
5754 2709 2937 2157 2989 
5755 2527 2770 2652 2941 
5756 2674 2740 2552 2895 
5757 2102 875 2017 2688 
5758 2678 2787 2759 2904 
5759 2573 2822 1000 2981 
5760 1222 2409 2724 2769 
5761 1850 742 1849 2790 
5762 2682 2723 2537 2820 
5763 2507 2725 2724 2920 
5764 2530 2758 2181 2787 
5765 2604 2620 2543 2728 
5766 508 2259 73 2580 
5767 615 1551 2608 2854 
5768 1447 880 1731 2579 
5769 1922 2712 2697 2895 
5770 2606 2729 2525 2906 
5771 2524 2653 2650 2779 
5772 2555 2889 2763 3003 
5773 2586 2553 2740 2961 
5774 1236 2689 2625 2800 
5775 1913 302 15 2755 
5776 2551 2699 2634 2757 
5777 2517 2721 2583 2802 
5778 393 801 2118 2580 
5779 504 1122 2713 2885 
5780 264 1923 2756 2796 
5781 2552 2679 2895 2897 
5782 2677 2799 2610 2809 
5783 521 2623 2634 2882 
5784 2663 2721 2521 2924 
5785 2543 2632 2728 2898 
5786 177 295 1637 625 
5787 2649 2866 1270 2872 
5788 2418 2743 2528 2933 
5789 2558 2890 2819 2963 
5790 2418 2419 2743 2933 
5791 2531 2565 2562 2996 
5792 1089 1458 2299 2802 
5793 2634 2721 2631 2882 
5794 2642 2708 2559 2887 
5795 2688 2722 875 2790 
5796 1399 1546 2652 2941 
5797 177 295 625 178 
5798 1266 2549 2374 2564 
5799 2170 2647 2841 2852 
5800 2543 2604 2728 2861 
5801 2454 2682 2598 2723 
5802 498 2221 2560 2706 
5803 2545 2647 2810 2852 
5804 2543 2687 2524 2812 
5805 2503 2784 2694 2918 
5806 722 614 1430 2674 
5807 1019 2595 2538 2735 
5808 2205 547 2577 2645 
5809 2588 2653 2487 2734 
5810 2573 2656 2589 2981 
5811 1915 2551 2625 2742 
5812 1274 1772 2083 2535 
5813 2628 2759 2731 2928 
5814 2607 2611 1848 2973 
5815 1843 378 1374 2720 
5816 1501 232 643 2609 
5817 1267 2657 2769 2817 
5818 2619 2675 2847 2971 
5819 938 2931 618 2966 
5820 916 1217 1226 2732 
5821 2504 2634 2623 2803 
5822 722 1430 888 2674 
5823 2484 1361 582 2808 
5824 315 2693 1944 2732 
5825 2704 2714 2596 2869 
5826 804 626 1892 2579 
5827 2647 2188 2810 2852 
5828 2551 2618 2828 2962 
5829 2047 2 83 1650 
5830 2675 2749 2503 2772 
5831 2746 2889 2555 3003 
5832 1129 1128 1130 2627 
5833 2520 2657 2899 2959 
5834 2625 2742 2618 2826 
5835 424 2258 1964 2712 
5836 2635 2656 2589 2694 
5837 2628 2731 2759 2982 
5838 2635 2899 2642 2938 
5839 1442 2565 2683 2827 
5840 2623 2771 2619 2912 
5841 2581 2550 2770 2921 
5842 2532 2731 2672 2908 
5843 2573 2656 1000 2822 
5844 1423 2605 2794 2941 
5845 1128 180 1406 2627 
5846 356 2712 748 2809 
5847 1336 2777 2328 2868 
5848 2640 2675 2619 2820 
5849 1165 1796 2263 2881 
5850 1956 2606 1239 2764 
5851 1657 1361 1360 2880 
5852 599 2571 35 2827 
5853 2503 2673 2664 2749 
5854 2559 2713 1122 2885 
5855 2388 2866 2743 2872 
5856 1374 2964 2734 2974 
5857 2681 2869 2568 2875 
5858 2548 2695 2673 2860 
5859 2519 2578 2725 2829 
5860 1423 2794 2692 2941 
5861 1699 875 2722 2790 
5862 2568 2772 2817 2936 
5863 2505 2551 2758 2962 
5864 103 1657 753 2669 
5865 796 2581 2750 2807 
5866 2615 2755 15 2761 
5867 72 940 1923 2576 
5868 2568 2714 2704 2869 
5869 2580 2613 2890 2945 
5870 1351 2544 1026 2839 
5871 2536 2687 2600 2794 
5872 2744 2890 2558 2963 
5873 950 2270 1024 2678 
5874 2508 2521 2771 2924 
5875 2508 2521 2924 2963 
5876 2307 1795 1101 2709 
5877 2504 2800 2676 2912 
5878 2507 2642 2559 2887 
5879 2605 2736 2687 2861 
5880 2512 2548 2673 2860 
5881 395 2630 2547 2765 
5882 2526 2811 852 2958 
5883 2620 2522 2701 2733 
5884 2270 2716 2678 2862 
5885 2507 2569 2642 2899 
5886 504 2713 2240 2885 
5887 1466 2593 148 2739 
5888 521 1339 1070 2634 
5889 2578 2724 2725 2920 
5890 2621 2626 2556 2883 
5891 1560 1435 619 2731 
5892 928 455 2626 2789 
5893 2538 2595 1922 2895 
5894 2601 2672 2731 2947 
5895 1362 2622 2752 2801 
5896 950 2618 2862 2962 
5897 2508 2671 2771 2948 
5898 2676 2820 2619 2912 
5899 2519 2506 2561 2786 
5900 2505 2532 2571 2757 
5901 1430 2624 888 2674 
5902 2677 2809 2610 2879 
5903 2517 2634 2699 2757 
5904 2205 2645 2577 2795 
5905 1916 2102 1475 2688 
5906 114 2881 2721 2924 
5907 1591 1976 1590 2579 
5908 2508 2613 2539 2890 
5909 2522 2620 2543 2780 
5910 1704 2849 795 2867 
5911 2571 2672 35 2827 
5912 1956 2426 1239 2606 
5913 2286 2681 2587 2805 
5914 2525 2776 2606 2918 
5915 1986 345 861 2853 
5916 1213 2023 1214 2621 
5917 2772 2792 2584 2936 
5918 1636 337 49 2840 
5919 2519 2829 2506 2972 
5920 1560 2731 2807 2932 
5921 446 2653 2609 2751 
5922 2675 2749 2578 2829 
5923 1886 388 2702 2907 
5924 2552 2514 2707 2910 
5925 1445 2811 2648 2998 
5926 1734 1987 858 2845 
5927 893 1887 392 2629 
5928 1000 2656 2573 2981 
5929 61 848 1658 2855 
5930 413 1689 1687 2708 
5931 2530 2651 467 2870 
5932 2118 2580 801 2697 
5933 1110 2191 1896 2587 
5934 2659 2906 2729 2981 
5935 2584 2599 2539 2900 
5936 2613 2747 1761 2833 
5937 2562 2696 2550 2807 
5938 2550 2666 2581 2770 
5939 1165 2833 1796 2881 
5940 2584 2792 2599 2900 
5941 2520 2656 2648 2694 
5942 2517 2572 2521 2803 
5943 1271 1270 2649 2866 
5944 1917 1227 1423 2605 
5945 2328 29 2754 2777 
5946 1948 2566 649 2878 
5947 1217 1218 1687 2732 
5948 2664 2887 2725 2944 
5949 582 1361 1657 2808 
5950 1155 2826 2625 3002 
5951 1972 2648 2183 2656 
5952 2696 2736 2509 2737 
5953 2571 2517 2655 2999 
5954 1550 2674 2258 2895 
5955 2439 1006 2727 2888 
5956 2660 1077 2730 2851 
5957 2607 2717 2558 2744 
5958 2513 2555 2740 2851 
5959 201 1202 1203 2672 
5960 599 598 2571 2572 
5961 2062 2693 315 2732 
5962 1245 1181 1182 2950 
5963 1076 2677 2851 2852 
5964 356 1552 748 2712 
5965 2619 2675 2640 2847 
5966 2507 2725 2664 2887 
5967 1266 2374 2434 2564 
5968 2682 2926 2714 2985 
5969 457 2713 2559 2767 
5970 2559 2767 2724 2986 
5971 2533 2673 2548 2865 
5972 2656 2822 2599 2823 
5973 2510 2556 2528 2743 
5974 653 1528 1527 2650 
5975 1100 508 2113 2697 
5976 337 1051 1636 49 
5977 625 295 1637 2840 
5978 5 2169 1530 2586 
5979 2509 2760 2745 2915 
5980 2505 2625 2667 2757 
5981 1344 82 2307 2636 
5982 2582 2688 2646 2737 
5983 1501 2609 643 2898 
5984 1532 654 2789 2883 
5985 2528 2743 2556 2872 
5986 1019 2697 1100 2717 
5987 2589 2784 2525 2918 
5988 1546 2752 2652 2941 
5989 2504 2523 2771 2847 
5990 1913 2755 1757 2940 
5991 2606 2635 2589 2918 
5992 1689 2708 413 2886 
5993 1216 2758 2530 2870 
5994 1254 2760 2773 2857 
5995 2668 2678 2515 2844 
5996 2623 2671 2541 2882 
5997 1922 1099 2697 2712 
5998 2601 2759 2505 2787 
5999 1614 12 1643 2547 
6000 1568 1567 1569 2611 
6001 2509 2646 2745 2970 
6002 1501 164 2653 2734 
6003 2552 2740 2679 2897 
6004 2673 2707 2513 2865 
6005 2668 2759 2532 2908 
6006 362 2786 2563 2943 
6007 2571 2572 2803 2922 
6008 663 662 2701 2751 
6009 2512 2665 2533 2971 
6010 2623 2671 2619 2771 
6011 2581 2652 2770 2793 
6012 2503 2772 2749 2920 
6013 1806 370 1345 2777 
6014 2519 2725 2749 2829 
6015 2632 2892 2728 2898 
6016 1249 2204 2577 2630 
6017 1793 2917 762 2992 
6018 2511 2532 2667 2797 
6019 2213 1019 1100 2717 
6020 2532 2757 2667 2922 
6021 2213 2662 1028 2735 
6022 2715 2792 2539 2823 
6023 2620 2728 1395 3004 
6024 2680 2792 2656 2942 
6025 1773 1069 2591 2818 
6026 2628 2601 2759 2928 
6027 2660 2934 2664 2969 
6028 95 1280 1709 1912 
6029 1377 662 663 2751 
6030 598 2572 1407 2954 
6031 2013 437 870 2710 
6032 2570 2634 2699 2802 
6033 164 2487 2653 2734 
6034 2517 2571 2803 2999 
6035 1266 2564 2434 2774 
6036 2926 2985 2682 2994 
6037 1281 1888 393 2580 
6038 2569 2507 2767 2899 
6039 2625 2634 2380 2800 
6040 795 2690 2607 2973 
6041 931 1557 2231 2973 
6042 2243 2242 2614 2909 
6043 1046 2602 334 2966 
6044 392 1581 1582 2629 
6045 599 598 180 2571 
6046 832 2021 823 2729 
6047 2541 2539 2613 2747 
6048 1848 2611 2607 2761 
6049 2647 2708 2545 2732 
6050 2231 1327 1031 2905 
6051 627 684 2430 2570 
6052 2571 2627 2601 2999 
6053 1798 852 2811 2958 
6054 103 2649 2483 2669 
6055 1454 575 455 2626 
6056 337 2651 49 2840 
6057 2537 2675 2640 2820 
6058 2570 2699 2645 2830 
6059 1277 2613 2633 2747 
6060 1440 1561 2565 2672 
6061 2590 2889 2746 3003 
6062 1557 44 2231 2973 
6063 2508 2671 2623 2771 
6064 2568 2916 2774 2936 
6065 905 906 223 2854 
6066 2506 2640 2829 2965 
6067 616 1873 930 2868 
6068 2606 2647 2525 2764 
6069 1344 1139 82 2960 
6070 202 2248 1443 2840 
6071 938 175 618 2931 
6072 1277 1761 354 2613 
6073 201 1203 1561 2672 
6074 1579 696 679 2655 
6075 2568 2869 2817 2875 
6076 2600 2687 2536 2812 
6077 2086 1689 413 2886 
6078 180 1129 35 2718 
6079 944 1579 2655 2953 
6080 2513 2865 2707 2997 
6081 537 1236 1237 2689 
6082 1336 29 2328 2777 
6083 2086 1017 1018 2886 
6084 1788 1195 1787 2591 
6085 1070 2634 2631 2882 
6086 2496 232 1501 2609 
6087 2623 2771 2521 2924 
6088 553 2812 2773 2901 
6089 2617 2847 2695 2860 
6090 1374 2734 2632 2974 
6091 2578 2817 2772 2936 
6092 2767 2899 2657 2958 
6093 2340 2742 537 2957 
6094 2602 2770 2652 2793 
6095 2620 2733 2701 3004 
6096 2582 2754 1345 2777 
6097 2687 2736 2582 2914 
6098 521 2634 1070 2882 
6099 1501 2653 2609 2734 
6100 2520 2579 2526 2648 
6101 1293 2606 2642 2938 
6102 2619 2771 2671 2948 
6103 1323 2593 2704 2769 
6104 123 2290 90 2560 
6105 2521 2771 2554 2963 
6106 2582 2736 2687 2848 
6107 180 2571 598 2627 
6108 1127 2635 2589 2906 
6109 1928 2839 2716 2844 
6110 1056 2682 2676 2700 
6111 2578 2749 2772 2920 
6112 2589 2656 210 2981 
6113 260 2755 2683 2896 
6114 2541 2709 2636 2937 
6115 1966 1970 1658 2702 
6116 465 2112 2111 2718 
6117 1704 1848 795 2849 
6118 2717 2744 2514 2890 
6119 327 722 888 2674 
6120 2518 2538 2552 2910 
6121 2663 2924 2521 2963 
6122 1345 2582 1916 2754 
6123 2592 2702 2602 2966 
6124 2617 2850 2683 2860 
6125 1881 2581 796 2928 
6126 2625 2667 2834 3002 
6127 2527 2726 2581 2825 
6128 2503 2665 2599 2911 
6129 715 2600 716 2868 
6130 2086 1018 2885 2886 
6131 2576 2756 2601 2928 
6132 2698 2721 2634 2802 
6133 2530 2601 2505 2787 
6134 1346 2596 2704 2806 
6135 783 1848 1704 2849 
6136 663 2701 2497 2751 
6137 1944 2732 2693 2886 
6138 1046 618 1714 2602 
6139 2558 2717 1027 2819 
6140 2740 2895 2586 2897 
6141 2409 2767 2657 2958 
6142 35 1202 2672 2718 
6143 1710 698 1912 2796 
6144 2505 2758 2757 2999 
6145 2571 2922 2803 2999 
6146 2561 2664 2660 2934 
6147 2505 2668 2667 2826 
6148 2617 2775 2676 2847 
6149 2664 2673 2561 2749 
6150 2510 2695 2617 2955 
6151 1398 174 656 2919 
6152 940 2658 1206 2928 
6153 1793 762 394 2992 
6154 2588 2524 2653 2734 
6155 2505 2601 2530 2999 
6156 756 2092 929 2986 
6157 1915 2372 1340 2634 
6158 1239 2606 2021 2764 
6159 2528 2575 2548 2626 
6160 1099 1333 2697 2712 
6161 1445 2648 948 2998 
6162 2642 2776 2708 2887 
6163 2523 2797 2504 2922 
6164 26 2880 1075 2889 
6165 2578 2704 2817 2936 
6166 2640 2506 2829 2972 
6167 2815 2917 2661 2992 
6168 1086 1248 364 2663 
6169 1202 1201 1203 2672 
6170 796 2750 2581 2825 
6171 264 49 2796 2893 
6172 2513 2851 2740 2879 
6173 919 2693 2585 2886 
6174 2776 2918 2525 2969 
6175 2581 2928 2628 2982 
6176 493 2637 2351 2727 
6177 2537 2723 2619 2820 
6178 462 2756 940 2928 
6179 1637 257 1726 2766 
6180 2543 2609 2632 2898 
6181 1374 2892 2632 2898 
6182 1971 2576 2179 2628 
6183 1714 2602 618 2652 
6184 1442 2683 2565 2946 
6185 1786 1680 1785 2779 
6186 2701 2812 2543 3004 
6187 1304 2714 2454 2723 
6188 2695 2847 2640 2965 
6189 1160 2600 633 2781 
6190 1288 2579 2333 2648 
6191 1267 2408 2704 2769 
6192 1848 2607 795 2849 
6193 2716 2839 1026 2904 
6194 2307 2636 82 2833 
6195 1711 2748 254 2896 
6196 2543 2620 2604 2780 
6197 2113 2697 2580 2717 
6198 2509 2736 2687 2914 
6199 2510 2531 2745 2996 
6200 1277 2335 534 2633 
6201 2518 2697 2538 2910 
6202 2557 2541 2709 2747 
6203 2529 2737 2696 2738 
6204 2455 2454 1304 2714 
6205 395 958 2547 2630 
6206 2328 2754 2536 2777 
6207 264 2796 2756 2893 
6208 2191 858 74 2564 
6209 1089 1459 1458 2802 
6210 893 2572 2629 2940 
6211 455 2746 2626 2979 
6212 358 2764 752 2967 
6213 756 1779 617 2706 
6214 2556 2866 2649 2872 
6215 2557 2709 2157 2989 
6216 2520 2792 2516 2942 
6217 43 298 248 2929 
6218 2521 2615 2815 2963 
6219 1966 1970 2702 2907 
6220 950 2618 2765 2862 
6221 2532 2667 2797 2922 
6222 1508 2566 418 2878 
6223 2576 2628 1971 2658 
6224 2623 2721 2521 2803 
6225 2501 2496 585 2751 
6226 2516 2520 2774 2792 
6227 2503 2664 2918 2920 
6228 2506 2829 2749 2965 
6229 2516 2715 2680 2792 
6230 2823 2890 2613 2945 
6231 1917 2605 1423 2941 
6232 1473 1688 1871 2708 
6233 699 1658 848 2966 
6234 2525 2647 2606 2776 
6235 2676 2682 1056 2820 
6236 2541 2557 2539 2747 
6237 1327 2231 2838 2905 
6238 1922 2538 1019 2595 
6239 2257 2298 495 2724 
6240 625 178 295 2840 
6241 2640 2695 2506 2768 
6242 1873 1694 2794 2935 
6243 455 2626 2789 2979 
6244 1851 699 848 2966 
6245 15 302 2611 2755 
6246 2537 2682 2820 2926 
6247 2313 2786 2641 2837 
6248 2486 69 1533 2993 
6249 1992 1625 1623 1094 
6250 2076 923 1788 2814 
6251 2517 2521 2721 2803 
6252 2623 2521 2721 2924 
6253 2657 2724 2507 2767 
6254 1382 2620 1395 3004 
6255 1254 2760 2857 2952 
6256 722 2586 1551 2674 
6257 756 2297 2585 2706 
6258 2519 2725 2578 2769 
6259 2633 2823 2613 2945 
6260 1550 2586 2674 2895 
6261 2676 2598 2800 2834 
6262 2743 2968 2528 2980 
6263 801 2259 508 2580 
6264 2496 2609 1501 2653 
6265 888 327 2674 2976 
6266 2639 2696 2604 2780 
6267 2638 2745 2646 2894 
6268 2740 2851 2553 2879 
6269 1987 2242 484 2564 
6270 223 813 1016 2624 
6271 2413 1750 1748 351 
6272 2646 2745 2638 2915 
6273 2545 2708 2647 2776 
6274 2592 2643 2515 2702 
6275 2552 2659 2910 2997 
6276 2047 422 83 2783 
6277 1807 2777 227 2848 
6278 2773 2857 2760 2915 
6279 2539 2671 2584 2900 
6280 2562 2531 2639 2932 
6281 1340 2634 2379 2800 
6282 2511 2850 2797 2996 
6283 2433 2826 1155 3002 
6284 2602 2628 2515 2982 
6285 1780 357 749 2915 
6286 2528 2695 2575 2980 
6287 799 2646 220 2688 
6288 2564 2691 1897 2875 
6289 2538 2697 2518 2895 
6290 2483 2669 2649 2808 
6291 1727 1757 2115 2615 
6292 1569 2611 302 2755 
6293 2531 2510 2850 2996 
6294 576 2452 550 2682 
6295 1310 2723 2598 2912 
6296 796 2581 1881 2825 
6297 1019 2595 2735 2929 
6298 1503 1843 1374 2892 
6299 1242 1675 165 2798 
6300 2209 2618 1171 2630 
6301 1293 1858 2110 2938 
6302 2609 2543 2812 3004 
6303 2178 2697 1333 2712 
6304 880 804 2025 2579 
6305 2017 1751 335 2790 
6306 1288 2334 2333 2579 
6307 1974 1730 121 2580 
6308 41 1614 299 2547 
6309 1773 359 1772 2978 
6310 463 549 2705 2913 
6311 815 2630 1249 2742 
6312 879 1956 1239 2764 
6313 742 2790 1850 2855 
6314 2520 2656 2792 2942 
6315 455 2789 423 2979 
6316 1322 2189 2570 2802 
6317 2581 2731 796 2928 
6318 937 2099 794 2913 
6319 577 2541 2539 2671 
6320 2658 1207 2825 2856 
6321 2545 2887 2776 2969 
6322 2510 2768 2695 2955 
6323 2660 2664 2561 2969 
6324 223 906 813 2624 
6325 2620 1382 2733 3004 
6326 362 2560 2786 2943 
6327 2681 2774 2568 2916 
6328 1578 1406 1579 2902 
6329 1610 2007 280 2630 
6330 1187 2808 2669 2880 
6331 831 2787 414 2904 
6332 2567 2517 2802 2870 
6333 88 2647 912 2732 
6334 798 557 2594 2782 
6335 2524 2588 2692 2974 
6336 1734 2242 1987 2845 
6337 1851 1849 2592 2855 
6338 2518 2712 2697 2821 
6339 2511 2565 2797 2850 
6340 1503 2892 1374 2898 
6341 797 798 357 2646 
6342 2643 2844 2702 2855 
6343 1959 2642 2425 2967 
6344 2505 2667 2532 2757 
6345 567 1293 2606 2642 
6346 2657 2520 2817 2959 
6347 2514 2697 2580 2910 
6348 2714 2926 2596 2985 
6349 2531 2562 2639 2696 
6350 2652 2770 2602 2966 
6351 838 1956 879 2764 
6352 1809 2255 1808 2691 
6353 1881 2658 2581 2928 
6354 2515 2602 2702 2904 
6355 66 2763 2889 3003 
6356 2666 2696 2562 2738 
6357 2514 2910 2822 2911 
6358 710 1944 315 2693 
6359 1423 2605 1228 2794 
6360 260 1582 1711 2683 
6361 2284 2596 2367 2806 
6362 2255 2875 2691 2959 
6363 2527 2692 2921 2941 
6364 2291 2681 2869 2888 
6365 2512 2673 2695 2860 
6366 2740 2897 981 2905 
6367 1431 715 716 2868 
6368 2659 2784 2589 2981 
6369 1267 2657 2409 2769 
6370 2644 2950 2684 3000 
6371 2679 2740 2552 2865 
6372 1395 1531 28 2858 
6373 1473 2708 1871 2967 
6374 537 2742 2625 2957 
6375 2524 2632 2734 2974 
6376 1850 2790 1849 2855 
6377 2562 2672 2565 2932 
6378 2524 2734 2588 2974 
6379 2647 2764 2606 2967 
6380 795 2849 2607 2867 
6381 388 1966 941 2702 
6382 178 1444 1443 2840 
6383 413 2708 2732 2886 
6384 176 248 298 2929 
6385 2518 2674 2552 2895 
6386 2598 2676 2800 2912 
6387 2646 2745 2594 2894 
6388 2598 2820 2676 2912 
6389 2584 2772 2599 2792 
6390 2669 2808 1657 2880 
6391 2532 2667 2505 2668 
6392 2671 2723 2584 2916 
6393 663 662 1554 2701 
6394 2556 2743 2522 2866 
6395 2533 2548 2670 2865 
6396 2467 2704 2596 2869 
6397 147 2699 2645 2828 
6398 1381 2701 2649 2733 
6399 1851 848 2855 2966 
6400 2688 2782 2529 2790 
6401 2560 2814 2786 2943 
6402 2578 2519 2769 2829 
6403 2299 2300 1090 2567 
6404 2611 2744 2607 2761 
6405 2667 2826 2668 3002 
6406 2528 2548 2695 2843 
6407 2030 441 2357 2923 
6408 2461 2541 2671 2882 
6409 407 1076 1926 2677 
6410 35 1129 1202 2718 
6411 2116 1351 512 2839 
6412 2017 2688 875 2790 
6413 2074 2585 2654 2706 
6414 2647 2606 2776 2967 
6415 1726 203 1637 2766 
6416 939 1807 1490 2848 
6417 2157 2557 2220 2709 
6418 1249 2577 1915 2742 
6419 2663 2819 2613 2963 
6420 2536 2687 2543 2812 
6421 1002 1001 2190 2616 
6422 2601 2571 2672 2718 
6423 2638 2743 2522 2745 
6424 2580 2514 2822 2911 
6425 2611 15 2755 2761 
6426 1027 2662 2558 2917 
6427 2538 2679 2607 2690 
6428 2575 2621 2510 2850 
6429 560 2404 1213 2883 
6430 2647 2776 2708 2967 
6431 562 1220 1828 2616 
6432 1271 2649 1270 2872 
6433 599 2572 2571 2827 
6434 64 912 1940 2647 
6435 2521 2615 2554 2771 
6436 2527 2921 2692 2974 
6437 1291 2682 2714 2985 
6438 2537 2640 2739 2820 
6439 2388 2743 2419 2872 
6440 2519 2786 2534 2818 
6441 1757 15 2115 2615 
6442 1770 358 752 2967 
6443 1435 664 1561 2932 
6444 15 2611 1567 2761 
6445 200 1451 2662 2762 
6446 2687 2736 2605 2848 
6447 577 2539 2541 2557 
6448 2697 2712 2518 2895 
6449 760 1423 2692 2941 
6450 2605 2736 2722 2848 
6451 1637 257 620 1726 
6452 877 2566 2067 2799 
6453 1112 2779 2588 2873 
6454 2182 2120 2406 2893 
6455 1423 760 2692 2794 
6456 1027 525 734 2662 
6457 2510 2528 2575 2980 
6458 2775 2884 2511 2996 
6459 1685 1526 385 2935 
6460 2581 2658 2628 2928 
6461 2529 2688 2736 2737 
6462 2532 2668 2505 2759 
6463 1310 2671 2723 2912 
6464 1783 910 362 2563 
6465 2524 2609 2543 2812 
6466 784 376 783 2849 
6467 2507 2776 2642 2887 
6468 568 764 1248 2833 
6469 1989 2171 859 2603 
6470 747 1232 2075 2650 
6471 1490 1807 227 2848 
6472 2640 2695 2617 2847 
6473 550 2385 2383 2788 
6474 618 2652 2602 2966 
6475 870 188 2013 2710 
6476 653 1528 2650 2781 
6477 684 2570 1448 2830 
6478 1881 2658 1207 2825 
6479 2062 913 2693 2732 
6480 1206 1207 1881 2658 
6481 1722 259 733 2661 
6482 1345 370 1807 2777 
6483 2210 2209 1171 2630 
6484 2733 2789 654 2883 
6485 1215 136 2366 2806 
6486 966 2589 210 2981 
6487 1263 566 2436 2715 
6488 1442 1581 2683 2946 
6489 265 502 268 2643 
6490 2505 2601 2532 2759 
6491 2511 2738 2562 2996 
6492 2526 2579 2520 2959 
6493 2538 2697 2514 2910 
6494 2523 2797 2617 2847 
6495 856 431 1986 2988 
6496 2568 2817 2704 2936 
6497 2641 2980 2743 2987 
6498 940 2903 2658 2928 
6499 2539 2792 2715 2900 
6500 2242 2614 2564 2845 
6501 2766 2953 257 2992 
6502 1638 2615 1727 2741 
6503 1350 1351 2839 2907 
6504 560 1531 244 2883 
6505 1757 2615 1638 2940 
6506 2180 2181 2758 2787 
6507 252 1561 664 2932 
6508 2628 2658 2581 2793 
6509 2562 2565 2511 2996 
6510 930 1873 1694 2794 
6511 1913 15 1757 2755 
6512 428 1976 1591 2579 
6513 677 1636 266 2902 
6514 1076 2851 127 2852 
6515 2313 1264 2786 2837 
6516 581 2702 2544 2907 
6517 2537 2640 2675 2829 
6518 2374 2564 2549 2614 
6519 715 2600 2719 2824 
6520 2694 2772 2520 2792 
6521 2558 2819 2226 2917 
6522 2517 2567 2583 2655 
6523 2192 1476 1735 2845 
6524 533 2635 1127 2906 
6525 2581 2731 2666 2807 
6526 940 2576 72 2903 
6527 1636 49 2651 2840 
6528 2521 2554 2615 2963 
6529 796 2731 2581 2807 
6530 2518 2552 2659 2910 
6531 1761 2613 1277 2747 
6532 413 1687 1218 2732 
6533 1811 1826 2648 2942 
6534 2508 2771 2623 2924 
6535 2562 2639 2696 2807 
6536 2510 2522 2743 2745 
6537 1964 1552 424 2712 
6538 570 2433 1155 3002 
6539 512 1026 2716 2839 
6540 1699 1752 875 2790 
6541 2738 2970 2531 2996 
6542 2496 2488 585 2653 
6543 2523 2512 2847 2860 
6544 2487 1367 1368 2801 
6545 2588 2524 2692 2873 
6546 2406 2530 467 2870 
6547 2564 2681 2587 2774 
6548 2722 2736 2582 2848 
6549 54 2622 583 2856 
6550 2552 2518 2659 2879 
6551 1848 2761 2607 2849 
6552 2537 2596 2714 2926 
6553 2520 2875 2817 2959 
6554 2573 2784 2659 2981 
6555 1917 2931 2605 2941 
6556 2521 2771 2623 2803 
6557 1407 482 296 2954 
6558 186 185 602 2546 
6559 424 253 2258 2712 
6560 1395 2620 174 2728 
6561 2510 2745 2594 2996 
6562 2706 2725 2585 2944 
6563 82 1139 2881 2960 
6564 2606 2764 1956 2967 
6565 519 1697 2659 2729 
6566 2575 2617 2695 2860 
6567 2524 446 2653 2812 
6568 625 1444 178 2840 
6569 2552 2910 2707 2997 
6570 2505 2668 2678 2759 
6571 1477 76 1478 2795 
6572 504 1122 2240 2713 
6573 940 2576 2903 2928 
6574 2213 2717 2662 2735 
6575 1583 1582 267 2940 
6576 1092 2765 2826 2862 
6577 2192 693 1476 2845 
6578 858 2587 1110 2845 
6579 2509 2736 2696 2861 
6580 2537 2829 2675 2936 
6581 2242 2564 1987 2845 
6582 2675 2948 2665 2971 
6583 2226 525 1027 2917 
6584 1764 301 2080 2591 
6585 2604 2780 2696 2861 
6586 1278 2034 1874 2624 
6587 678 1441 1887 2827 
6588 2503 2918 2694 2920 
6589 1501 2734 2609 2898 
6590 180 2627 1129 2718 
6591 1500 849 231 2811 
6592 2525 2659 2677 2997 
6593 861 1995 1985 2989 
6594 62 373 1816 2874 
6595 2794 2868 1873 2935 
6596 2514 2580 2822 2910 
6597 848 1658 2855 2966 
6598 2515 2759 2668 2983 
6599 2601 2627 2530 2999 
6600 1323 2704 2408 2769 
6601 2581 2726 2652 2793 
6602 2639 2780 2604 2919 
6603 2524 2632 2609 2734 
6604 48 2069 239 2560 
6605 893 1583 482 2940 
6606 1925 2610 1926 2799 
6607 1389 1388 592 2943 
6608 2515 2628 2602 2904 
6609 2604 2696 2639 2927 
6610 2642 2930 2708 2967 
6611 2592 2529 2666 2983 
6612 1283 981 1961 2586 
6613 1398 2728 2604 2892 
6614 146 2536 2773 2812 
6615 2695 2768 2617 2955 
6616 413 1218 1944 2732 
6617 2550 2861 2632 2892 
6618 1046 618 2602 2966 
6619 1100 2697 2113 2717 
6620 2036 443 2035 2546 
6621 2632 2892 2750 2921 
6622 986 622 985 2688 
6623 1032 931 2231 2905 
6624 2593 2769 2519 2829 
6625 1000 2822 2656 2823 
6626 1277 2633 1240 2747 
6627 2594 2738 2737 2782 
6628 1912 95 294 1710 
6629 1012 2209 2210 2630 
6630 2750 2892 2550 2921 
6631 2508 2771 2521 2963 
6632 1615 1614 41 2547 
6633 2656 2694 2520 2792 
6634 1423 1227 1228 2605 
6635 2425 2642 2606 2967 
6636 1564 2231 44 2670 
6637 1448 2570 627 2874 
6638 1398 2892 2604 2927 
6639 2700 2788 2598 2834 
6640 2575 2626 2621 2876 
6641 1004 2195 2194 2727 
6642 280 282 1610 2630 
6643 2538 2690 2607 2867 
6644 1206 2658 1881 2928 
6645 2673 2695 2548 2843 
6646 2043 2294 2701 2751 
6647 2526 2648 2579 2811 
6648 2290 1670 314 2560 
6649 303 1602 37 2547 
6650 1279 617 1779 2706 
6651 1714 618 1432 2652 
6652 2420 2438 2291 2875 
6653 622 2782 2688 2790 
6654 2743 2745 2638 2894 
6655 2567 2627 2530 2651 
6656 388 1966 2702 2907 
6657 2538 2514 2697 2717 
6658 2514 2717 2607 2744 
6659 2642 2713 2559 2930 
6660 2564 2587 2434 2774 
6661 2514 2538 2607 2717 
6662 1795 2709 2307 2833 
6663 103 2502 2483 2649 
6664 2580 2890 2823 2945 
6665 264 1580 266 2651 
6666 2521 2572 2771 2803 
6667 1689 1688 1687 2708 
6668 2588 2752 2692 2974 
6669 1790 2752 2692 2873 
6670 2559 2507 2724 2767 
6671 1023 1068 2729 2981 
6672 2619 2948 2675 2971 
6673 970 1314 2628 2904 
6674 519 2282 2799 2809 
6675 2673 2843 2561 2965 
6676 1080 2806 2739 2926 
6677 15 1567 1848 2761 
6678 1100 1922 1099 2697 
6679 919 2654 2585 2693 
6680 2504 2667 2625 2757 
6681 2682 520 2926 2994 
6682 2497 1554 2498 2701 
6683 831 970 2628 2904 
6684 2522 2543 2760 2780 
6685 2569 2913 2705 2958 
6686 2472 1894 1895 2633 
6687 2294 2701 2812 2901 
6688 2506 2561 2786 2835 
6689 151 1746 2348 2616 
6690 704 314 362 2560 
6691 2506 2695 2640 2965 
6692 931 2231 2670 2973 
6693 2679 2897 2740 2905 
6694 2596 2644 2367 2806 
6695 360 2585 756 2986 
6696 2519 2506 2786 2818 
6697 2543 2701 2522 2901 
6698 2379 521 2623 2634 
6699 2634 2517 2699 2802 
6700 2505 2678 2826 2962 
6701 1374 2632 2734 2898 
6702 2569 2899 2767 2958 
6703 2724 2887 2559 2986 
6704 2361 1162 2034 2976 
6705 555 2291 2869 2888 
6706 416 996 1295 1778 
6707 2619 2671 2623 2912 
6708 455 976 423 2789 
6709 2669 2789 2649 2872 
6710 2661 2558 2761 2849 
6711 2504 2623 2771 2803 
6712 1987 2564 858 2845 
6713 1049 1522 2831 2889 
6714 2619 2723 2671 2912 
6715 1407 2629 2572 2827 
6716 2509 2687 2736 2861 
6717 1793 2661 2917 2992 
6718 2632 2921 2720 2974 
6719 537 2625 2689 2957 
6720 1031 1327 2838 2905 
6721 2697 2822 2580 2910 
6722 581 2544 2702 2904 
6723 2587 2681 1170 2805 
6724 2513 2740 2555 2865 
6725 2169 1530 2586 2961 
6726 2231 2670 1564 2838 
6727 1456 135 1457 1368 
6728 791 2240 459 2713 
6729 2516 2715 2792 2900 
6730 2610 2677 1926 2799 
6731 2788 2800 2598 2834 
6732 1897 2691 2255 2875 
6733 1643 1602 303 2547 
6734 2550 2604 2696 2861 
6735 2566 2525 2647 2764 
6736 1946 2242 1736 2614 
6737 2607 2690 795 2867 
6738 1100 2113 2213 2717 
6739 2607 2849 2735 2867 
6740 2300 2567 2299 2802 
6741 1489 2897 658 2905 
6742 1130 1580 2112 2756 
6743 2665 2707 2514 2911 
6744 2617 2775 2511 2996 
6745 2632 2861 2550 2921 
6746 2509 2737 2646 2970 
6747 2692 2794 2605 2941 
6748 1399 1547 1546 2941 
6749 2601 2672 2532 2731 
6750 2701 2733 1382 3004 
6751 2553 2674 2740 2879 
6752 2637 2596 2714 2869 
6753 1019 2717 2213 2735 
6754 2619 2640 2820 2847 
6755 227 1807 370 2777 
6756 748 659 2674 2712 
6757 1915 2380 2625 2634 
6758 2506 2640 2768 2972 
6759 1635 1579 2766 2902 
6760 976 1532 753 2789 
6761 223 906 2624 2854 
6762 547 2551 2372 2577 
6763 1944 2693 710 2886 
6764 2523 2771 2572 2803 
6765 2758 2870 2699 2999 
6766 1923 2576 940 2756 
6767 2511 2797 2617 2996 
6768 878 1239 2021 2764 
6769 749 2638 2646 2894 
6770 1456 914 2064 2653 
6771 2510 2617 2575 2850 
6772 2205 547 1249 2577 
6773 2598 2723 2682 2820 
6774 2537 2820 2739 2926 
6775 2519 2725 2706 2944 
6776 2559 2885 2708 2930 
6777 2381 2637 2382 2684 
6778 2580 2890 2514 2911 
6779 1227 2605 1917 2931 
6780 2367 2644 2596 3000 
6781 2564 2614 2374 2845 
6782 2409 2724 2657 2767 
6783 2607 2735 2717 2867 
6784 1736 2242 1734 2845 
6785 2664 2944 2561 2969 
6786 1894 2633 1111 2686 
6787 1637 2766 203 2840 
6788 2660 2561 2944 2969 
6789 256 671 1571 369 
6790 1053 2767 2559 2986 
6791 2609 2653 2524 2734 
6792 743 1390 1874 2976 
6793 1346 2644 2596 2806 
6794 1123 1535 2856 2903 
6795 2538 2717 2735 2867 
6796 1972 2635 427 2648 
6797 395 958 137 2547 
6798 2113 2717 2580 2819 
6799 1302 1971 2179 2628 
6800 282 688 1610 2630 
6801 2617 2511 2775 2797 
6802 1206 940 72 2903 
6803 2708 2732 2647 2967 
6804 333 334 1714 2602 
6805 2648 2656 2520 2942 
6806 2692 2752 2527 2974 
6807 1155 2625 2834 3002 
6808 1067 2821 2659 2981 
6809 2483 2649 2502 2808 
6810 2544 2844 2515 2904 
6811 2770 2921 2605 2941 
6812 643 232 173 2609 
6813 2390 2701 2649 2808 
6814 176 2595 1549 2891 
6815 2676 2820 1056 2991 
6816 2550 2604 2861 2892 
6817 2369 2806 2593 2871 
6818 2205 2145 491 2645 
6819 572 1324 2438 2817 
6820 2641 2743 2535 2987 
6821 370 1282 172 2777 
6822 1693 2873 2692 2935 
6823 2634 2698 2570 2939 
6824 2678 2716 2826 2862 
6825 2671 2584 2900 2916 
6826 2510 2575 2617 2695 
6827 2695 2768 2640 2990 
6828 260 1582 2683 2755 
6829 663 1554 2497 2701 
6830 1693 1695 2692 2873 
6831 1344 82 2636 2960 
6832 1564 2670 44 2896 
6833 1395 2620 1382 2733 
6834 299 365 41 2547 
6835 2617 2768 2695 2990 
6836 1689 2885 1875 2930 
6837 1080 2596 2806 2926 
6838 2696 2780 2509 2861 
6839 1146 2348 1746 2616 
6840 1465 217 1463 2706 
6841 2504 2757 2634 2803 
6842 2760 2857 2638 2915 
6843 2023 2876 2621 2883 
6844 2696 2736 2550 2861 
6845 572 1267 2704 2817 
6846 2626 2836 2548 2877 
6847 2426 567 1293 2606 
6848 2619 2820 2676 2847 
6849 2770 2793 2602 2982 
6850 2650 2692 2524 2873 
6851 1772 2818 754 2978 
6852 1351 1026 512 2839 
6853 1445 945 1498 2811 
6854 2513 2707 2934 2997 
6855 2565 2850 2531 2932 
6856 2206 2184 1011 2853 
6857 1346 2596 2467 2704 
6858 2640 2675 2829 2965 
6859 1076 2187 2677 2852 
6860 1869 1944 710 2886 
6861 1164 210 2589 2656 
6862 1398 2728 174 2919 
6863 2284 2367 545 2806 
6864 1434 796 2731 2928 
6865 2613 2819 2890 2963 
6866 2642 2899 2569 2938 
6867 2186 2660 2188 2852 
6868 1848 376 2761 2849 
6869 2659 2729 1068 2981 
6870 880 2025 1224 2579 
6871 2543 2760 2536 2812 
6872 1887 893 678 2629 
6873 697 2080 301 2591 
6874 1251 2421 1193 2676 
6875 2523 2847 2617 2860 
6876 1997 2645 2200 2830 
6877 577 2461 2220 2541 
6878 2507 2776 2664 2918 
6879 2518 2659 2821 2910 
6880 1103 2721 2698 2802 
6881 2784 2934 2707 2997 
6882 2467 1324 2704 2869 
6883 1171 1172 2828 2962 
6884 2632 2550 2892 2921 
6885 49 266 1636 2651 
6886 180 2571 2627 2718 
6887 107 1687 1688 2708 
6888 2561 2725 2664 2749 
6889 1761 2747 568 2833 
6890 1787 1465 1788 2591 
6891 2513 2555 2730 2877 
6892 2625 2800 2689 2834 
6893 264 2651 49 2893 
6894 1364 209 583 2856 
6895 2512 2523 2847 2971 
6896 2621 2804 2531 2850 
6897 1873 2794 930 2868 
6898 2581 2793 2770 2982 
6899 1884 2565 1561 2932 
6900 2797 2850 2617 2996 
6901 679 735 680 2953 
6902 1443 2248 178 2840 
6903 2536 2773 2760 2915 
6904 2763 2831 1522 2889 
6905 2749 2829 2675 2965 
6906 2634 2721 2517 2802 
6907 2660 127 2851 2852 
6908 1638 2741 735 2954 
6909 2418 2933 2528 2968 
6910 2325 2795 221 2828 
6911 1900 810 958 2630 
6912 2508 2554 2771 2963 
6913 1851 2855 2592 2966 
6914 2641 2786 2506 2818 
6915 2667 2775 2511 2797 
6916 1373 1374 378 2720 
6917 653 122 1528 2781 
6918 2552 2740 2674 2879 
6919 1702 254 2748 2838 
6920 2410 1590 1976 2579 
6921 2461 2541 577 2671 
6922 1127 2589 966 2906 
6923 585 2653 2489 2751 
6924 1959 2093 2425 2642 
6925 2717 2735 2607 2849 
6926 1440 2672 2565 2827 
6927 1117 2577 1171 2828 
6928 2566 2841 418 2878 
6929 2573 2589 2784 2981 
6930 1216 2530 2228 2870 
6931 525 734 2662 2917 
6932 2607 2744 2558 2761 
6933 2505 2759 2678 2787 
6934 1398 656 1536 2927 
6935 678 1887 2629 2827 
6936 248 2595 176 2891 
6937 565 2872 2419 2933 
6938 480 2152 1632 2888 
6939 386 1872 31 2930 
6940 2585 2693 2545 2886 
6941 2510 2575 2695 2980 
6942 446 896 2650 2653 
6943 669 620 257 340 
6944 2503 2707 2665 2911 
6945 407 1076 2677 2851 
6946 2258 2712 253 2895 
6947 2746 2831 1488 2836 
6948 1689 1688 2708 2930 
6949 1228 2605 1227 2848 
6950 1155 2742 2625 2826 
6951 2511 2565 2562 2908 
6952 586 1372 2622 2993 
6953 2589 2635 2606 2906 
6954 2523 2504 2771 2803 
6955 2623 2721 2634 2882 
6956 717 2692 760 2794 
6957 1442 1440 1884 2565 
6958 2328 2777 2536 2868 
6959 2485 2752 2622 2995 
6960 2505 2757 2571 2999 
6961 1772 2535 1275 2818 
6962 2708 2776 2642 2967 
6963 2538 2607 2717 2867 
6964 446 2751 2609 2812 
6965 2409 2657 1152 2958 
6966 1301 2628 1314 2793 
6967 164 2495 2490 2964 
6968 278 303 277 2547 
6969 2613 2823 2539 2890 
6970 1426 2566 2799 2852 
6971 2605 2921 2692 2941 
6972 722 2258 1550 2674 
6973 1940 64 2647 2841 
6974 2298 2585 495 2724 
6975 1456 914 2653 2779 
6976 2530 2758 2505 2999 
6977 2559 2713 2569 2767 
6978 1027 525 2662 2917 
6979 807 2618 950 2962 
6980 534 2686 2207 2747 
6981 1100 1019 1922 2697 
6982 2486 1533 2856 2993 
6983 1796 364 764 2833 
6984 976 2789 753 2979 
6985 2530 2756 2576 2893 
6986 503 2544 2702 2907 
6987 282 810 1900 2630 
6988 2664 2918 2776 2969 
6989 2488 2487 1366 2653 
6990 1711 2683 2748 2896 
6991 2635 2694 2589 2918 
6992 278 1643 303 2547 
6993 385 1694 1873 2935 
6994 2537 2739 2640 2829 
6995 337 1113 2651 2840 
6996 858 2564 2191 2587 
6997 1323 2704 2593 2806 
6998 2506 2519 2749 2829 
6999 1099 2306 1333 2712 
7000 848 1850 1851 2855 
7001 2047 1650 422 2824 
7002 2750 2550 2892 2927 
7003 2599 2792 2539 2900 
7004 2592 2515 2666 2982 
7005 2034 1874 2624 2976 
7006 625 203 1444 2840 
7007 2604 2892 2550 2927 
7008 2578 2725 2724 2769 
7009 2547 2630 2618 2765 
7010 1894 2472 1111 2633 
7011 1165 2663 364 2833 
7012 1019 2460 2595 2929 
7013 2564 2681 2774 2875 
7014 2517 2721 2634 2803 
7015 1164 210 966 2589 
7016 1269 1268 1006 2916 
7017 1889 1792 1791 2819 
7018 2580 2717 2514 2890 
7019 2645 2699 2570 2939 
7020 1892 1445 1498 2811 
7021 2518 2809 2659 2879 
7022 797 220 799 2646 
7023 556 1810 371 2691 
7024 1311 2723 2671 2916 
7025 2519 2506 2818 2972 
7026 1503 1397 1398 2892 
7027 744 1760 353 2703 
7028 2536 2777 2687 2794 
7029 1274 2612 2535 2837 
7030 146 2719 2536 2812 
7031 2531 2804 2858 2919 
7032 1917 1423 818 2941 
7033 2521 2583 2741 2954 
7034 2661 1722 2761 2815 
7035 2515 2602 2592 2702 
7036 1847 2761 376 2849 
7037 1736 2614 2242 2845 
7038 1089 2567 1090 2766 
7039 313 2654 1671 2786 
7040 2102 2017 986 2688 
7041 2666 2759 2731 2982 
7042 1882 1206 1881 2928 
7043 660 722 1550 2586 
7044 928 976 455 2789 
7045 2708 2885 2559 2886 
7046 1266 2516 2549 2774 
7047 2558 2607 2761 2849 
7048 2508 2744 2554 2963 
7049 1285 1172 2758 2828 
7050 2674 2712 2258 2895 
7051 2634 2570 2699 2939 
7052 2575 2695 2548 2860 
7053 1882 2111 462 2947 
7054 795 1848 1570 2973 
7055 2580 2819 2717 2890 
7056 2544 2839 1351 2907 
7057 1546 1790 661 2752 
7058 2740 2879 2552 2997 
7059 1374 2720 1373 2964 
7060 1959 2425 1960 2967 
7061 266 2902 2651 2956 
7062 2615 2761 2741 2815 
7063 2687 2777 2582 2848 
7064 264 2756 2651 2893 
7065 651 2791 2783 2824 
7066 2524 2692 2650 2935 
7067 1138 2284 2994 3000 
7068 598 2571 2572 2954 
7069 2613 2633 2539 2823 
7070 2562 2807 2731 2932 
7071 2502 1381 2649 2733 
7072 2683 2850 2565 2946 
7073 1265 313 1671 2786 
7074 2563 2786 2534 2943 
7075 2536 2777 2794 2868 
7076 2200 2645 1997 2795 
7077 596 1401 1400 2929 
7078 1852 2844 2668 3001 
7079 2283 2591 1069 2703 
7080 2628 2658 2576 2928 
7081 2536 2754 2773 2915 
7082 1455 225 1488 2746 
7083 1893 394 762 2583 
7084 2519 2725 2561 2749 
7085 2638 2894 2846 2987 
7086 1790 1693 1695 2692 
7087 715 1431 2791 2868 
7088 1164 1972 2183 2656 
7089 2505 2826 2618 2962 
7090 462 940 1882 2928 
7091 2661 2662 2558 2849 
7092 2561 2749 2673 2965 
7093 1727 2615 1722 2741 
7094 2552 2879 2659 2997 
7095 1685 2781 1526 2935 
7096 2307 2709 2636 2833 
7097 1550 2258 782 2895 
7098 567 2606 2425 2642 
7099 1459 2583 631 2802 
7100 1772 1274 1275 2535 
7101 1579 1406 696 2655 
7102 1248 764 364 2833 
7103 2617 2695 2640 2990 
7104 1568 2611 1569 2896 
7105 1489 981 2897 2905 
7106 2567 2655 2627 2956 
7107 1227 2848 2605 2931 
7108 2531 2850 2804 2932 
7109 894 2650 896 2779 
7110 1434 796 1433 2731 
7111 2300 1192 2567 2870 
7112 1226 2732 1217 2967 
7113 491 2645 2145 2830 
7114 1427 1867 384 2566 
7115 1499 1391 216 2813 
7116 879 1239 878 2764 
7117 2059 710 315 2693 
7118 858 1735 1734 2845 
7119 1109 2700 2676 2834 
7120 2581 2726 2658 2825 
7121 2608 2763 1957 2863 
7122 2337 1297 2430 2830 
7123 2676 2800 2504 2834 
7124 1249 815 2204 2630 
7125 2507 2559 2724 2887 
7126 2638 2857 2760 2952 
7127 146 2773 553 2812 
7128 1232 2037 53 2650 
7129 1434 1882 796 2928 
7130 1406 2627 598 2655 
7131 1309 1731 1308 2909 
7132 699 941 1658 2966 
7133 1350 2839 1055 2907 
7134 2300 2567 2802 2870 
7135 1614 141 12 2547 
7136 2617 2850 2510 2996 
7137 2525 2677 2934 2997 
7138 2418 2528 2743 2968 
7139 756 2585 2297 2986 
7140 438 874 2457 2684 
7141 2167 2411 979 2691 
7142 2527 2652 2752 2941 
7143 2504 2771 2623 2912 
7144 2738 2782 2594 2884 
7145 2536 2719 146 2773 
7146 2545 2732 2693 2810 
7147 2541 2623 2882 2924 
7148 2585 2724 2298 2986 
7149 1961 981 2169 2586 
7150 2062 2059 315 2693 
7151 1973 2183 1972 2648 
7152 2623 2634 2721 2803 
7153 2660 2810 2188 2852 
7154 44 2670 2231 2973 
7155 2513 2879 2740 2997 
7156 270 1585 733 2992 
7157 1554 2701 2390 2808 
7158 2678 2826 2716 2844 
7159 1711 2103 254 2748 
7160 2655 1579 2902 2953 
7161 2670 2679 2905 2973 
7162 533 1127 1963 2906 
7163 2078 69 1363 2622 
7164 2757 2922 2571 2999 
7165 2597 2548 2836 2877 
7166 518 2566 2729 2799 
7167 1128 2627 1406 2956 
7168 2592 2666 2770 2982 
7169 2628 2793 2581 2982 
7170 2621 2733 2522 2858 
7171 427 2635 2465 2648 
7172 1957 2763 2608 2961 
7173 2539 2633 2542 2823 
7174 2503 2749 2664 2920 
7175 650 321 711 2624 
7176 1228 2794 2605 2848 
7177 2371 831 414 2904 
7178 2592 2722 1849 2931 
7179 1171 2618 2209 2962 
7180 1849 2722 2592 2790 
7181 2524 2650 2600 2935 
7182 2638 2846 2743 2987 
7183 2635 2899 2694 2918 
7184 1133 2651 1113 2840 
7185 1564 2838 2670 2896 
7186 2406 2228 2530 2870 
7187 503 2237 2544 2907 
7188 706 315 1944 2732 
7189 1096 2693 2732 2810 
7190 483 1649 2198 2824 
7191 1086 364 363 2663 
7192 598 2655 2571 2954 
7193 2652 2726 2527 2995 
7194 1395 2733 1531 2858 
7195 2034 886 887 2624 
7196 2074 2585 919 2654 
7197 413 2708 1687 2732 
7198 2646 2594 2745 2970 
7199 1570 725 795 2690 
7200 2604 2919 656 2927 
7201 2529 2782 2738 2983 
7202 2554 2744 2508 2971 
7203 1263 2542 566 2715 
7204 2534 2813 2591 2978 
7205 2506 2561 2835 2843 
7206 2548 2843 2528 2877 
7207 2238 2886 2585 2986 
7208 1917 818 2931 2941 
7209 1341 369 1571 2992 
7210 1637 620 177 1726 
7211 569 1296 2310 1262 
7212 2685 2994 2985 3000 
7213 861 345 1739 2853 
7214 2626 2789 2590 2872 
7215 1124 1880 2913 2949 
7216 2200 2645 1140 2830 
7217 1570 1848 1567 2973 
7218 26 1073 1521 2889 
7219 1950 419 1389 2563 
7220 59 2653 2044 2751 
7221 2615 1722 2741 2761 
7222 923 2076 1684 2814 
7223 1103 1102 2721 2802 
7224 1272 2590 2392 2669 
7225 1310 2454 2598 2723 
7226 798 749 357 2646 
7227 2617 2575 2850 2860 
7228 1731 2691 1308 2909 
7229 698 1563 1912 2796 
7230 2511 2532 2565 2908 
7231 2508 2665 2744 2890 
7232 2609 2653 446 2812 
7233 1645 300 1953 1647 
7234 240 649 2566 2878 
7235 2692 2752 2588 2873 
7236 2281 1066 1327 2838 
7237 2590 2669 1272 2872 
7238 2585 2545 2693 2944 
7239 1248 1761 568 2833 
7240 2554 2771 2523 2971 
7241 831 2628 1945 2787 
7242 2562 2666 2731 2807 
7243 520 2682 2753 2994 
7244 803 1811 2648 2942 
7245 1423 1228 760 2794 
7246 88 916 1226 2732 
7247 1958 1049 1522 2831 
7248 2551 2699 2645 2939 
7249 2329 1207 1206 2658 
7250 1296 1297 1261 2699 
7251 2646 2754 2582 2914 
7252 174 1395 28 2620 
7253 537 2380 1236 2625 
7254 2786 2835 2561 2944 
7255 2677 2851 2660 2934 
7256 2509 2745 2760 2780 
7257 2420 2817 2438 2875 
7258 1023 1696 629 2906 
7259 2372 2551 547 2939 
7260 2654 2835 2786 2944 
7261 845 2750 796 2825 
7262 2170 154 2647 2852 
7263 1406 2902 1578 2956 
7264 1847 2661 2761 2849 
7265 186 602 1412 2546 
7266 1022 2218 2217 2835 
7267 2327 1672 1120 2654 
7268 2606 2729 2021 2764 
7269 2544 2678 2844 2904 
7270 1080 545 2739 2806 
7271 1635 2766 1579 2953 
7272 1912 814 1709 2796 
7273 1488 2746 225 2831 
7274 107 1688 1473 2708 
7275 931 2905 2690 2973 
7276 386 31 2713 2930 
7277 1404 2445 7 1403 
7278 748 2712 2674 2809 
7279 2516 2792 2680 2942 
7280 2658 2825 2726 2856 
7281 1638 2940 2615 2954 
7282 244 1532 2089 2883 
7283 598 296 696 2954 
7284 193 2652 2752 2995 
7285 1536 2892 1398 2927 
7286 2515 2592 2666 2983 
7287 2606 2642 2776 2967 
7288 1792 1027 1791 2819 
7289 1303 2779 1784 2873 
7290 1603 750 1602 2547 
7291 826 2846 2638 2894 
7292 958 810 137 2547 
7293 2467 2596 2637 2869 
7294 2731 2759 2601 2928 
7295 2101 460 458 2913 
7296 1068 2659 1697 2729 
7297 1078 2730 1077 2851 
7298 2527 2752 2692 2941 
7299 939 724 2722 2848 
7300 2510 2745 2743 2894 
7301 1500 946 383 2705 
7302 1080 545 1927 2739 
7303 782 2258 253 2895 
7304 2556 2733 2649 2866 
7305 2523 2504 2803 2922 
7306 671 1571 369 2992 
7307 554 2649 1271 2669 
7308 2556 2649 2789 2872 
7309 669 670 1436 850 
7310 1078 2730 2851 3003 
7311 2676 2820 2640 2847 
7312 2673 2512 2695 2965 
7313 1351 1026 2544 2904 
7314 2498 1554 2497 663 
7315 2771 2847 2523 2971 
7316 688 282 1900 2630 
7317 1951 1504 1660 2791 
7318 2555 2597 2865 2905 
7319 715 2719 2600 2868 
7320 799 2688 1715 2782 
7321 2527 2720 2726 2825 
7322 1582 2629 2683 2755 
7323 2531 2804 2639 2932 
7324 2497 2498 1378 2701 
7325 2515 2702 2643 2844 
7326 1957 2608 1530 2961 
7327 307 753 1657 2669 
7328 1567 2611 1568 2973 
7329 1845 2825 1207 2856 
7330 37 1602 750 2547 
7331 1086 2663 363 2917 
7332 2661 2741 1722 2815 
7333 2680 2715 1136 2823 
7334 2416 2889 2590 3003 
7335 2531 2970 2745 2996 
7336 1067 2809 2659 2821 
7337 931 2670 2231 2905 
7338 309 1660 1504 2791 
7339 1791 1027 2662 2717 
7340 2782 2884 2738 3001 
7341 2513 2677 2879 2997 
7342 2555 2865 2740 2905 
7343 2726 2622 2856 2993 
7344 2741 2761 1722 2815 
7345 1121 715 1431 2791 
7346 2528 2626 2590 2872 
7347 2784 2934 2525 2969 
7348 2774 2792 2584 2900 
7349 1457 590 1456 2779 
7350 2537 2723 2714 2936 
7351 542 2729 2566 2878 
7352 653 2781 2650 2935 
7353 941 2702 1658 2966 
7354 1056 2820 2682 2991 
7355 832 2729 417 2878 
7356 2669 2789 2590 2979 
7357 934 2593 546 2769 
7358 2286 2681 1268 2774 
7359 2288 1361 1187 2880 
7360 2675 2772 2584 2936 
7361 1379 2483 2502 2808 
7362 2594 2745 2510 2894 
7363 1029 2699 2758 2870 
7364 521 2379 2623 2882 
7365 2678 2787 2371 2962 
7366 2388 2743 2866 2952 
7367 2506 2561 2843 2965 
7368 572 2704 1324 2817 
7369 2513 2730 2555 2851 
7370 2531 2850 2565 2996 
7371 653 1526 2781 2935 
7372 2518 2552 2538 2895 
7373 2202 2201 1008 2577 
7374 1985 856 1986 2988 
7375 362 1264 2563 2786 
7376 2536 2794 2600 2868 
7377 2545 2776 2647 2969 
7378 2750 2807 2550 2927 
7379 1764 2591 2080 2813 
7380 170 1499 216 2813 
7381 717 760 1228 2794 
7382 2515 2702 2544 2904 
7383 2683 2850 2575 2860 
7384 2525 2647 2776 2969 
7385 722 1550 2586 2674 
7386 1722 2741 2661 2992 
7387 2692 2873 2650 2935 
7388 459 31 791 2713 
7389 2532 2827 2571 2922 
7390 148 1069 2365 2818 
7391 747 2075 920 2650 
7392 906 905 1909 2854 
7393 1247 2968 2743 2980 
7394 1508 240 2566 2878 
7395 1097 2639 2807 2927 
7396 2580 2697 2514 2717 
7397 340 620 257 1726 
7398 2584 2723 2671 2948 
7399 1374 2734 1502 2898 
7400 633 1160 1085 2600 
7401 2426 1956 567 2606 
7402 2556 2522 2621 2733 
7403 2496 2653 585 2751 
7404 2507 2664 2725 2920 
7405 2566 2525 2677 2852 
7406 72 2576 2796 2903 
7407 2482 2082 2441 2987 
7408 2544 2702 2515 2844 
7409 1229 1001 2139 2616 
7410 2382 2596 2467 2644 
7411 2315 2697 1095 2821 
7412 264 49 120 2796 
7413 2592 2770 2602 2982 
7414 742 1752 1849 2790 
7415 2034 887 2361 2976 
7416 1291 2714 2455 2985 
7417 2380 2634 1340 2800 
7418 2510 2955 2894 2987 
7419 1023 1068 1697 2729 
7420 1890 73 2260 2580 
7421 486 2173 2005 2547 
7422 1571 1341 256 369 
7423 2662 2735 2717 2849 
7424 2513 2851 2677 2934 
7425 2561 2725 2519 2944 
7426 861 1985 2988 2989 
7427 1582 2103 1711 2683 
7428 1410 1135 136 2871 
7429 2661 2741 2815 2992 
7430 2602 2793 2628 2982 
7431 392 1887 1581 2629 
7432 2609 2751 232 3004 
7433 1516 2624 711 2854 
7434 1312 2623 2671 2912 
7435 734 2662 2661 2762 
7436 2748 2838 254 2896 
7437 2640 2829 2739 2972 
7438 2734 2801 2588 2964 
7439 2517 2699 2870 2999 
7440 492 2698 2634 2939 
7441 141 290 12 2547 
7442 2513 2660 2730 2851 
7443 527 116 153 2547 
7444 2573 2821 2659 2910 
7445 1267 2408 1323 2704 
7446 2511 2565 2850 2996 
7447 343 687 222 2603 
7448 2596 2644 2684 3000 
7449 2763 2831 2555 2961 
7450 1397 2728 1398 2892 
7451 2539 2633 2613 2747 
7452 178 625 947 1444 
7453 2417 2660 1077 2730 
7454 74 371 2191 2564 
7455 1536 846 2892 2927 
7456 1489 1283 658 2897 
7457 23 1510 511 2773 
7458 2622 2964 2720 2974 
7459 2530 2627 2567 2999 
7460 2554 2755 2615 2761 
7461 2602 2770 2592 2966 
7462 824 2851 2555 3003 
7463 2369 2593 546 2871 
7464 1845 2825 2856 2993 
7465 2746 1049 2831 2889 
7466 1112 1819 2588 2779 
7467 2561 2664 2725 2944 
7468 2508 2613 2890 2963 
7469 2758 2828 1172 2962 
7470 2513 2660 2851 2934 
7471 1848 783 376 2849 
7472 1440 1442 624 2827 
7473 1080 2596 2284 2806 
7474 1381 1382 1378 2701 
7475 2618 2630 2547 2742 
7476 1621 1765 690 2742 
7477 1618 740 2173 2547 
7478 1077 2660 127 2851 
7479 1991 2138 1002 2859 
7480 1636 2651 266 2840 
7481 2556 2789 2626 2872 
7482 2821 2822 2573 2981 
7483 1988 2603 2184 2686 
7484 2667 2504 2797 2922 
7485 985 622 1715 2688 
7486 2690 2905 2679 2973 
7487 2516 2436 2715 2900 
7488 1017 1944 1869 2886 
7489 1133 1113 2322 2840 
7490 2531 2804 2621 2858 
7491 2230 2758 2699 2828 
7492 1728 948 1446 2648 
7493 2082 993 2441 2798 
7494 1311 2671 2900 2916 
7495 2622 2726 2485 2995 
7496 1279 1072 2076 2814 
7497 1170 1897 2255 2875 
7498 2601 2731 2532 2759 
7499 8 2662 1451 2762 
7500 316 2056 913 2732 
7501 1957 1530 1040 2961 
7502 852 2526 2958 2959 
7503 2358 1087 2360 2727 
7504 2436 2431 2715 2900 
7505 1165 114 762 2663 
7506 2676 2775 2421 2834 
7507 1849 2722 1700 2931 
7508 748 2674 659 2976 
7509 565 2419 1234 2933 
7510 343 1732 746 2710 
7511 1389 2563 1388 2943 
7512 1727 2115 1722 2615 
7513 2551 2634 2699 2939 
7514 756 2297 2092 2986 
7515 717 1693 1790 2692 
7516 2105 2683 1581 2946 
7517 2668 2844 2515 2983 
7518 801 393 2259 2580 
7519 431 2747 2557 2988 
7520 2517 2803 2757 2999 
7521 330 1710 1912 2796 
7522 2382 2467 2596 2637 
7523 715 2719 2791 2824 
7524 2530 2870 2758 2999 
7525 2522 2866 2743 2952 
7526 1374 2495 2734 2964 
7527 2186 127 2660 2852 
7528 337 814 49 2796 
7529 1292 2547 690 2742 
7530 2649 2733 2556 2789 
7531 2701 2733 2522 2866 
7532 2596 2985 2926 3000 
7533 2620 2543 2728 3004 
7534 221 2325 1479 2795 
7535 1771 1770 752 2841 
7536 2766 2902 1579 2953 
7537 1075 26 230 642 
7538 2760 2812 2543 2901 
7539 2540 2677 2610 2879 
7540 931 2670 2905 2973 
7541 2568 2869 2681 2888 
7542 932 2606 2097 2906 
7543 2569 2767 2713 2913 
7544 2253 2657 2817 2959 
7545 2671 2723 2619 2948 
7546 1001 1229 562 2616 
7547 2376 2713 457 2767 
7548 164 2734 2495 2964 
7549 90 2290 523 2560 
7550 709 320 319 2610 
7551 319 320 144 2610 
7552 2514 2744 2665 2890 
7553 2506 2786 2641 2835 
7554 643 2609 173 2898 
7555 337 1709 814 2796 
7556 2626 2548 2836 2876 
7557 1236 2625 2380 2800 
7558 940 2756 2576 2928 
7559 966 2906 2589 2981 
7560 2255 2691 2254 2959 
7561 2511 2738 2594 2884 
7562 2661 2662 734 2917 
7563 1426 2799 2677 2852 
7564 2507 2918 2664 2920 
7565 2618 2742 2547 2765 
7566 2284 2367 2596 3000 
7567 2540 2851 2677 2879 
7568 1660 308 1659 2791 
7569 1123 2856 2329 2903 
7570 2803 2922 2757 2999 
7571 2622 2720 2527 2974 
7572 220 109 817 2754 
7573 1395 28 2620 2858 
7574 2371 2787 2678 2904 
7575 2756 2928 462 2947 
7576 2567 2651 2530 2870 
7577 2654 2706 2585 2944 
7578 2774 2900 2584 2916 
7579 706 1944 1218 2732 
7580 1363 2622 69 2993 
7581 2530 2505 2758 2787 
7582 2248 202 1051 2840 
7583 1207 2658 2329 2856 
7584 1140 1007 536 2645 
7585 1410 136 2806 2871 
7586 660 1551 722 2586 
7587 1301 1302 831 2628 
7588 2592 2602 2515 2982 
7589 2625 2667 2504 2834 
7590 381 1295 1778 2312 
7591 2610 2674 2624 2879 
7592 574 2267 1276 2907 
7593 1843 1536 846 2892 
7594 852 2579 2526 2959 
7595 2599 2539 2823 2890 
7596 1649 422 1650 2824 
7597 2739 2820 2640 2991 
7598 570 1155 2834 3002 
7599 2060 915 2061 2693 
7600 1722 2661 733 2992 
7601 1340 1339 521 2634 
7602 1132 2567 2651 2840 
7603 893 2629 1583 2940 
7604 201 624 1441 2827 
7605 2677 2799 2566 2852 
7606 797 799 798 2646 
7607 2625 2742 1155 2957 
7608 1002 2616 2190 2975 
7609 2291 2681 1170 2875 
7610 407 2677 2540 2851 
7611 2496 232 2609 2751 
7612 2371 414 2787 2904 
7613 596 2867 2595 2929 
7614 2574 2670 2548 2748 
7615 2283 1069 1466 2703 
7616 88 1226 2647 2732 
7617 1562 246 655 2639 
7618 1772 1275 754 2818 
7619 2578 2725 2749 2920 
7620 534 2633 2335 2686 
7621 545 1466 1927 2739 
7622 502 265 1577 2643 
7623 2426 1293 2098 2606 
7624 2525 2566 2729 2764 
7625 424 1552 2306 2712 
7626 335 1751 965 2790 
7627 2101 458 2713 2913 
7628 1268 2681 522 2888 
7629 1464 934 546 2769 
7630 2527 2720 2622 2726 
7631 2618 2826 2765 2862 
7632 226 2777 2794 2848 
7633 2666 2731 2581 2982 
7634 1451 1825 2735 2849 
7635 2511 2565 2532 2797 
7636 76 2577 1478 2795 
7637 25 591 650 2624 
7638 2524 2600 2794 2935 
7639 1583 2629 1582 2940 
7640 124 976 753 2979 
7641 684 2430 2570 2830 
7642 1710 727 698 2796 
7643 1577 2790 255 2855 
7644 2511 2562 2738 2908 
7645 2668 3001 2511 3002 
7646 2427 2846 2743 2952 
7647 2034 2624 887 2976 
7648 2582 2777 2687 2914 
7649 2515 2628 2759 2982 
7650 535 2335 763 2633 
7651 2564 2614 2242 2909 
7652 827 1933 2235 2950 
7653 716 1873 1431 2868 
7654 1927 1466 148 2739 
7655 1849 2790 2592 2855 
7656 2737 2738 2594 2970 
7657 2569 2713 2642 2949 
7658 2508 2890 2744 2963 
7659 981 2740 2905 2961 
7660 2743 2846 2638 2952 
7661 833 832 417 2878 
7662 2775 2955 2884 2996 
7663 796 1433 2731 2807 
7664 2645 2699 2551 2828 
7665 2660 2851 2677 2852 
7666 2277 2711 2743 2846 
7667 2128 1103 1102 2721 
7668 617 1463 1088 2706 
7669 1076 127 2187 2852 
7670 1047 1045 941 2966 
7671 1336 2328 2791 2868 
7672 2513 2677 2851 2879 
7673 2518 2809 2712 2821 
7674 1092 2765 527 2826 
7675 1199 798 2594 2894 
7676 1797 1798 2811 2958 
7677 2520 2691 2875 2959 
7678 1196 1928 2716 2844 
7679 1341 338 2661 2762 
7680 28 174 2620 2919 
7681 2616 2680 2190 2975 
7682 2648 2811 2526 2998 
7683 1497 2121 1891 2811 
7684 549 1797 2705 2958 
7685 2558 2661 2761 2815 
7686 2527 2622 2752 2995 
7687 1175 2587 1170 2805 
7688 266 49 264 2651 
7689 1881 796 1882 2928 
7690 2624 2674 2610 2976 
7691 925 992 993 2798 
7692 2566 2764 2647 2841 
7693 832 2764 2729 2878 
7694 2804 2932 2850 2946 
7695 2553 2624 2674 2879 
7696 2186 1065 2188 2660 
7697 2545 2732 2708 2886 
7698 1395 2620 2733 2858 
7699 275 347 98 2603 
7700 1382 1395 594 3004 
7701 2381 2193 2194 2684 
7702 2750 2892 846 2927 
7703 1381 1382 2701 2733 
7704 2567 2627 2655 2999 
7705 1441 624 1887 2827 
7706 2371 2787 414 2962 
7707 193 194 2652 2995 
7708 577 2671 2539 2900 
7709 2664 2749 2725 2920 
7710 2315 2697 2821 2822 
7711 2507 2724 2725 2887 
7712 1109 1156 509 2700 
7713 2262 2698 1103 2721 
7714 2596 2926 2284 3000 
7715 93 823 1921 2906 
7716 527 2765 2618 2826 
7717 2532 2601 2571 2672 
7718 2186 127 2219 2660 
7719 1313 1386 130 2779 
7720 1374 2495 1502 2734 
7721 1797 1798 852 2811 
7722 59 2489 2653 2751 
7723 751 163 1292 2547 
7724 1031 2836 2597 2838 
7725 938 618 1883 2966 
7726 1582 2755 267 2940 
7727 740 1618 141 2547 
7728 2559 2886 2885 2986 
7729 2227 2658 2628 2793 
7730 964 143 292 2805 
7731 1853 2643 269 2844 
7732 1548 2586 720 2891 
7733 1406 2655 1579 2902 
7734 1105 2189 1103 2570 
7735 2531 2780 2639 2919 
7736 1312 2671 2623 2882 
7737 2539 2715 2431 2900 
7738 2539 2542 2431 2715 
7739 1562 1097 246 2639 
7740 2506 2519 2561 2749 
7741 519 2659 1067 2809 
7742 1076 1077 127 2851 
7743 1582 2105 2103 2683 
7744 2531 2696 2639 2780 
7745 2172 486 1914 2547 
7746 2881 2882 2636 2960 
7747 2467 2596 1346 2644 
7748 2617 2955 2768 2990 
7749 27 498 2221 2560 
7750 878 2764 832 2878 
7751 1893 762 114 2663 
7752 2508 2744 2665 2971 
7753 1019 2735 2460 2929 
7754 1585 2741 1722 2992 
7755 2267 2839 2544 2907 
7756 1685 2600 2781 2935 
7757 2523 2803 2572 2922 
7758 2613 2580 2819 2945 
7759 22 1946 1736 2614 
7760 2786 2814 2534 2943 
7761 2515 2844 2678 2904 
7762 2364 2535 2768 2818 
7763 1500 946 2705 2811 
7764 226 2794 2777 2868 
7765 82 2881 2636 2960 
7766 1323 572 1267 2704 
7767 2634 2757 2517 2803 
7768 2605 2931 2770 2941 
7769 1187 554 2669 2808 
7770 1761 1983 568 2747 
7771 2670 2838 2231 2905 
7772 2295 734 525 2917 
7773 267 302 1913 2755 
7774 2379 2623 1312 2912 
7775 2528 2510 2743 2980 
7776 148 2818 2398 2972 
7777 1305 3001 2668 3002 
7778 2244 1566 667 2591 
7779 1497 1039 2121 2811 
7780 1399 32 1432 2652 
7781 2519 2706 2725 2769 
7782 2524 2794 2692 2935 
7783 1226 1217 107 2967 
7784 2561 2730 2660 2835 
7785 161 1730 2580 2945 
7786 2625 2689 1155 2834 
7787 2100 2713 937 2913 
7788 222 687 603 2603 
7789 2515 2643 2592 2983 
7790 2277 516 2711 2846 
7791 6 1562 655 2639 
7792 2579 2648 2520 2942 
7793 2505 2678 2668 2826 
7794 82 2833 2636 2881 
7795 1006 493 2351 2727 
7796 2594 2955 2510 2996 
7797 2511 2594 2738 2996 
7798 2681 2568 2774 2875 
7799 698 1563 2796 2903 
7800 274 682 1593 2547 
7801 2357 2374 2549 2614 
7802 1847 2661 1722 2761 
7803 2576 2756 1923 2796 
7804 502 2643 1577 2855 
7805 2514 2890 2665 2911 
7806 1699 939 724 2722 
7807 2238 2585 2354 2986 
7808 2506 2749 2561 2965 
7809 1018 1017 1869 2886 
7810 2569 2526 2705 2938 
7811 2545 2585 2886 2887 
7812 2713 2885 2559 2930 
7813 1478 76 1938 2951 
7814 1081 2682 2926 2991 
7815 1434 2928 2731 2947 
7816 2184 2603 1011 2853 
7817 2594 2782 557 2884 
7818 2521 2741 2615 2954 
7819 586 2964 2494 2993 
7820 619 1434 2731 2947 
7821 1080 2284 2596 2926 
7822 2545 2693 2732 2886 
7823 266 2651 1580 2956 
7824 2333 2648 2579 2942 
7825 2701 2543 2812 2901 
7826 2103 1702 254 2748 
7827 595 1397 173 2728 
7828 2183 1250 1164 2656 
7829 2572 2521 2615 2954 
7830 919 2585 2238 2886 
7831 2709 2747 2541 2833 
7832 1106 2174 1783 2837 
7833 2543 2898 2728 3004 
7834 2387 2649 2701 2866 
7835 2522 2743 2638 2952 
7836 1155 2689 2625 2957 
7837 2667 2511 2775 3002 
7838 2270 512 1026 2716 
7839 1770 2841 2647 2967 
7840 2530 2651 2756 2893 
7841 2658 2726 2581 2793 
7842 1304 2723 1311 2916 
7843 2438 1324 555 2869 
7844 2525 2729 2606 2764 
7845 2637 2714 2596 2985 
7846 321 1430 711 2624 
7847 2364 2818 2768 2972 
7848 1226 2647 2732 2967 
7849 2061 915 2059 2693 
7850 147 2230 2699 2828 
7851 2511 2668 2908 3001 
7852 2178 2096 2697 2712 
7853 1848 376 15 2761 
7854 2220 2541 497 2636 
7855 1448 627 1062 2874 
7856 2674 2879 2610 2976 
7857 54 583 209 2856 
7858 758 1527 2650 2873 
7859 702 1120 1672 2654 
7860 2190 2616 562 2680 
7861 2667 2668 2511 3002 
7862 2506 2768 2641 2818 
7863 2702 2855 1658 2966 
7864 2536 2719 2600 2812 
7865 335 2643 622 2790 
7866 337 391 49 814 
7867 1203 2672 1201 2947 
7868 383 1858 1124 2705 
7869 2369 1346 2593 2806 
7870 158 652 714 2608 
7871 2654 2810 2835 2944 
7872 939 1490 724 2848 
7873 2609 2653 2496 2751 
7874 1434 1433 619 2731 
7875 2536 2754 159 2773 
7876 1319 2014 1115 2785 
7877 1638 735 296 2954 
7878 2620 2604 2780 2919 
7879 186 1411 185 2546 
7880 2494 387 586 2993 
7881 2554 2744 2611 2761 
7882 1118 447 2653 2779 
7883 2551 2828 2758 2962 
7884 1363 2856 2622 2993 
7885 1165 2263 2128 2881 
7886 2128 2721 1102 2802 
7887 2585 2693 2654 2944 
7888 1459 1893 631 2583 
7889 335 199 622 2643 
7890 1138 2994 2685 3000 
7891 2609 2734 2632 2898 
7892 235 236 2837 2925 
7893 2351 2455 2714 2985 
7894 2259 393 1888 2580 
7895 2532 2759 2731 2908 
7896 1443 1405 178 1403 
7897 2548 2528 2626 2877 
7898 2128 2721 114 2881 
7899 241 132 2560 2814 
7900 2716 2826 2302 2844 
7901 1000 2656 1250 2823 
7902 1044 22 1736 2845 
7903 1215 2236 136 2806 
7904 173 2609 232 3004 
7905 1222 2724 2393 2769 
7906 1754 352 1753 2546 
7907 2620 2522 2733 2858 
7908 2434 2286 1268 2774 
7909 2515 2759 2666 2982 
7910 2638 2743 2894 2987 
7911 1795 1347 1101 2709 
7912 364 1165 363 2663 
7913 2467 1324 1323 2704 
7914 2561 2810 2660 2944 
7915 2646 2737 2594 2970 
7916 1029 2758 1216 2870 
7917 1396 232 2751 3004 
7918 1358 2846 2894 2987 
7919 1302 1945 831 2628 
7920 2206 2686 2184 2853 
7921 1843 846 2750 2892 
7922 2684 2950 2546 3000 
7923 1029 2699 2230 2758 
7924 518 2067 2566 2799 
7925 266 2840 2651 2902 
7926 2739 2926 2820 2991 
7927 975 2165 1507 2799 
7928 2093 567 2425 2642 
7929 757 362 314 2560 
7930 1500 383 1857 2705 
7931 2188 2647 154 2852 
7932 1844 1373 378 2720 
7933 1884 1885 2565 2932 
7934 1155 2689 1174 2834 
7935 93 2729 823 2906 
7936 2659 2879 2677 2997 
7937 784 1825 1451 2849 
7938 2421 2775 2676 2990 
7939 853 2018 183 2644 
7940 378 2720 2750 2825 
7941 358 1768 752 2764 
7942 2528 2556 2626 2872 
7943 66 2763 2051 2889 
7944 2554 2611 2755 2761 
7945 1231 688 1900 2630 
7946 2528 2968 2843 2980 
7947 2647 2841 2764 2967 
7948 1197 2580 1219 2822 
7949 2335 1277 763 2633 
7950 1582 2629 1581 2683 
7951 2506 2835 2641 2843 
7952 2566 2647 2525 2852 
7953 2559 2887 2886 2986 
7954 1165 762 363 2663 
7955 174 2728 2620 2919 
7956 1697 1068 519 2659 
7957 1344 2636 2307 2937 
7958 1634 301 1633 2591 
7959 314 704 1673 2560 
7960 2187 1926 1076 2677 
7961 2511 2738 2884 3001 
7962 2502 654 1381 2733 
7963 2277 2743 2427 2846 
7964 386 2930 2713 2949 
7965 981 2905 2831 2961 
7966 2619 2847 2771 2971 
7967 1256 2876 2748 2946 
7968 1585 1722 733 2992 
7969 551 2386 2453 2598 
7970 2720 2921 2527 2974 
7971 2521 2815 2663 2963 
7972 814 120 49 2796 
7973 1503 1397 2892 2898 
7974 717 1693 2692 2935 
7975 555 1190 2291 2888 
7976 2507 2694 2899 2918 
7977 1278 1874 1390 2624 
7978 2668 2826 1305 3002 
7979 567 2093 2330 2642 
7980 887 2610 2361 2976 
7981 2592 2643 2529 2983 
7982 363 2663 762 2917 
7983 1112 2321 2779 2873 
7984 1029 2758 2230 2828 
7985 377 2069 132 2560 
7986 2731 2759 2666 2908 
7987 2664 2934 2784 2969 
7988 2132 1319 1115 2778 
7989 1991 860 961 2859 
7990 1236 2383 2689 2800 
7991 1638 2615 2741 2954 
7992 1065 2188 2660 2810 
7993 527 2742 2618 2765 
7994 1971 390 2576 2658 
7995 2142 2143 1110 2587 
7996 2439 2637 2351 2714 
7997 927 1499 170 2813 
7998 2522 2733 2556 2866 
7999 1442 2105 1581 2946 
8000 2306 253 424 2712 
8001 2334 2333 2579 2942 
8002 537 2689 2338 2957 
8003 640 2637 2194 2684 
8004 2659 2821 2573 2981 
8005 2517 2870 2567 2999 
8006 1852 2668 1305 3001 
8007 560 2858 1531 2883 
8008 375 1005 2570 2939 
8009 2507 2694 2918 2920 
8010 598 2627 2571 2655 
8011 264 1580 2651 2756 
8012 2227 1971 2628 2658 
8013 2562 2731 2666 2908 
8014 1909 2624 906 2854 
8015 2670 2748 2574 2896 
8016 560 1213 2858 2883 
8017 2376 2101 457 2713 
8018 2601 2627 2571 2718 
8019 1967 1970 1966 2907 
8020 1478 2577 76 2951 
8021 1131 1192 2429 2870 
8022 2687 2794 2777 2848 
8023 2846 2857 2638 2952 
8024 2387 2649 2390 2701 
8025 590 1457 1387 2779 
8026 888 1390 743 2976 
8027 1884 252 1885 2932 
8028 1458 1459 631 2802 
8029 795 725 1704 2867 
8030 998 452 1507 2165 
8031 2658 2903 2576 2928 
8032 2379 1180 2800 2912 
8033 971 1865 403 2783 
8034 328 720 2586 2891 
8035 1351 2544 2269 2904 
8036 2337 536 1297 2830 
8037 2528 2843 2695 2980 
8038 1223 1285 1172 2758 
8039 582 1657 2483 2808 
8040 1443 178 947 1444 
8041 2617 2955 2775 2996 
8042 794 2100 937 2913 
8043 2555 2851 2730 3003 
8044 2723 2916 2714 2936 
8045 1560 619 1433 2731 
8046 554 1271 1272 2669 
8047 2572 2940 482 2954 
8048 2329 2658 1206 2903 
8049 1710 1654 294 698 
8050 1110 2143 2192 2587 
8051 696 679 2655 2954 
8052 2497 2701 1382 3004 
8053 2383 551 550 2788 
8054 929 2354 360 2986 
8055 1277 1240 2443 2747 
8056 2508 2771 2554 2971 
8057 2510 2768 2955 2987 
8058 2576 2658 390 2903 
8059 1696 1963 1127 2906 
8060 2597 2670 2548 2865 
8061 1764 1691 2591 2813 
8062 2627 2655 1406 2956 
8063 1362 2622 2485 2752 
8064 1446 341 1728 2648 
8065 1354 2331 2591 2978 
8066 1396 588 2497 2751 
8067 1214 2804 2621 2946 
8068 2641 2506 2843 2980 
8069 724 2722 2848 2931 
8070 2090 2240 1875 2885 
8071 1885 2932 2804 2946 
8072 1710 294 1912 698 
8073 2536 2773 2328 2868 
8074 162 608 194 2652 
8075 781 1550 782 2891 
8076 2529 2738 2666 2983 
8077 826 1358 2846 2894 
8078 1097 2807 2639 2932 
8079 249 1800 193 2752 
8080 1712 851 1586 2871 
8081 2595 2891 782 2895 
8082 2416 66 2889 3003 
8083 484 979 2564 2691 
8084 583 2622 1363 2856 
8085 2659 2809 2518 2821 
8086 1305 2826 2433 3002 
8087 2271 1061 513 2871 
8088 2532 2797 2827 2922 
8089 43 248 2595 2929 
8090 2351 2714 2637 2985 
8091 1097 246 2639 2927 
8092 717 2692 2794 2935 
8093 870 437 1416 2603 
8094 2375 2713 2767 2913 
8095 107 2708 1473 2967 
8096 2622 2726 2720 2993 
8097 159 2536 2328 2754 
8098 2605 2794 2687 2848 
8099 1726 1803 203 2766 
8100 2128 2262 2721 2881 
8101 562 2616 1828 2680 
8102 1531 2858 2733 2883 
8103 2486 1363 69 2993 
8104 2523 2572 2629 2827 
8105 2553 2608 2763 2961 
8106 1346 2704 1323 2806 
8107 2559 2708 2886 2887 
8108 2689 2800 2788 2834 
8109 906 1909 813 2624 
8110 1784 1303 1786 2779 
8111 2248 1443 178 1403 
8112 2506 2768 2695 2980 
8113 43 2476 298 2929 
8114 2545 2585 2887 2944 
8115 390 731 2120 2576 
8116 2409 2253 1152 2657 
8117 2532 2672 2571 2827 
8118 810 2547 958 2630 
8119 2594 2970 2738 2996 
8120 1660 80 308 2791 
8121 1124 2913 2705 2938 
8122 2525 2852 2647 2969 
8123 1027 2717 1791 2819 
8124 1006 2439 573 2916 
8125 2696 2738 2737 2970 
8126 2704 2817 2568 2869 
8127 1562 2639 6 2932 
8128 2 1650 2047 2824 
8129 1023 2906 629 2981 
8130 1852 1305 2668 2844 
8131 1031 1032 2231 2905 
8132 2668 2826 2678 2844 
8133 2364 2398 2818 2972 
8134 320 144 2610 2799 
8135 2286 2587 1177 2805 
8136 2804 2850 2621 2946 
8137 1130 1580 2756 2956 
8138 2643 2529 2782 2790 
8139 1122 504 456 2885 
8140 2533 2679 2670 2973 
8141 450 2832 1073 2889 
8142 2536 2812 2760 2901 
8143 753 2789 2669 2979 
8144 937 458 2099 2913 
8145 2745 2970 2594 2996 
8146 2583 2655 2567 2766 
8147 2625 2504 2800 2834 
8148 1656 124 307 2880 
8149 1453 2821 1067 2981 
8150 547 2372 1249 2577 
8151 1 235 236 2837 
8152 2434 2564 2374 2587 
8153 1735 739 1734 2845 
8154 407 1926 829 2610 
8155 586 2622 2964 2993 
8156 1202 1201 2672 2718 
8157 624 1442 1581 2827 
8158 437 2603 870 2710 
8159 2696 2737 2509 2970 
8160 2425 567 1956 2606 
8161 1607 1632 292 2152 
8162 2128 1102 631 2802 
8163 2510 2695 2768 2980 
8164 2462 2900 2774 2916 
8165 404 1918 820 2960 
8166 2329 2856 2658 2903 
8167 1550 2586 782 2891 
8168 2226 2819 58 2917 
8169 699 1047 941 2966 
8170 176 2595 248 2929 
8171 2605 2848 2722 2931 
8172 1794 2618 2742 2826 
8173 2503 2694 2772 2920 
8174 1569 302 261 2755 
8175 193 2752 1800 2995 
8176 2580 2697 1974 2822 
8177 172 226 227 2777 
8178 1861 2633 1111 2945 
8179 2416 2590 1272 2872 
8180 2552 2674 2518 2879 
8181 715 2791 2719 2868 
8182 2528 2730 2843 2968 
8183 2206 2207 2686 2853 
8184 44 1568 2896 2973 
8185 985 637 1475 2688 
8186 434 863 1479 2795 
8187 724 2848 1227 2931 
8188 1078 1233 2730 3003 
8189 1657 307 2669 2880 
8190 748 2809 2674 2976 
8191 499 2726 2793 2995 
8192 1078 1233 1077 2730 
8193 1124 2913 2938 2949 
8194 1351 581 2544 2907 
8195 2326 221 1117 2828 
8196 1711 2683 2103 2748 
8197 796 845 846 2750 
8198 1002 2138 959 2859 
8199 2115 2615 15 2761 
8200 1275 2535 2364 2818 
8201 81 826 2318 2857 
8202 2730 2877 2555 3003 
8203 2529 2643 2782 2983 
8204 1128 1130 2627 2956 
8205 2652 2527 2752 2995 
8206 44 1557 1568 2973 
8207 2208 950 2678 2962 
8208 710 2059 915 2693 
8209 575 2626 1454 2876 
8210 2570 2830 2645 2939 
8211 515 2612 2535 2798 
8212 1874 1390 2624 2976 
8213 2098 1239 2426 2606 
8214 2184 2686 2603 2853 
8215 2740 2865 2679 2905 
8216 243 1526 653 2935 
8217 2613 2819 2580 2890 
8218 1974 1219 161 2580 
8219 1427 611 1867 2566 
8220 1870 2693 919 2886 
8221 2049 2553 2608 2763 
8222 1945 2628 2179 2787 
8223 2543 2522 2760 2901 
8224 173 2728 1397 2898 
8225 1473 1871 1474 2967 
8226 447 897 2044 2751 
8227 2120 2576 731 2893 
8228 2093 1959 843 2642 
8229 1791 2717 2113 2819 
8230 1082 1731 1309 2909 
8231 2583 2815 2741 2992 
8232 555 2869 1190 2888 
8233 1172 1117 1171 2828 
8234 1751 2017 875 2790 
8235 761 667 1566 2591 
8236 1406 598 696 2655 
8237 1915 2380 537 2625 
8238 2574 2748 2548 2860 
8239 1695 1790 2692 2873 
8240 2545 2810 2944 2969 
8241 136 2236 184 2806 
8242 2377 463 549 2705 
8243 2743 2846 2711 2987 
8244 627 2310 1062 2874 
8245 2520 2579 2691 2959 
8246 1426 2187 2677 2799 
8247 2652 2793 2726 2995 
8248 869 2005 2173 2547 
8249 1131 467 2651 2870 
8250 2683 2755 2574 2896 
8251 1531 1395 1381 2733 
8252 622 2643 2782 2790 
8253 2567 2655 2517 2999 
8254 2542 1981 2686 2710 
8255 414 831 1945 2787 
8256 2548 2838 2836 2876 
8257 2399 2823 2633 2945 
8258 1783 2563 1264 2837 
8259 2557 2853 431 2988 
8260 2571 2655 2572 2954 
8261 1797 2811 2705 2958 
8262 2513 2934 2677 2997 
8263 2567 2870 2530 2999 
8264 2202 1008 1009 2577 
8265 1236 2383 1237 2689 
8266 2213 1791 1028 2662 
8267 2596 2684 2985 3000 
8268 1554 2498 2500 663 
8269 1645 318 104 2612 
8270 1182 2684 2382 2950 
8271 2548 2575 2748 2876 
8272 1715 637 985 2688 
8273 1144 2682 2343 2753 
8274 2695 2843 2673 2965 
8275 562 2190 1001 2616 
8276 1101 1984 2308 2709 
8277 758 1695 1527 2873 
8278 959 1001 1002 2616 
8279 1144 2682 2753 2864 
8280 1809 2691 2579 2959 
8281 1133 1113 2651 2893 
8282 852 2958 1798 2959 
8283 2682 2985 576 2994 
8284 1694 717 930 2794 
8285 2439 2714 573 2916 
8286 1271 1270 1272 2872 
8287 782 1922 2595 2895 
8288 1728 341 1343 2648 
8289 1063 2544 2267 2839 
8290 2744 2761 2554 2963 
8291 1121 2791 1431 2868 
8292 1310 2598 1180 2912 
8293 2714 2723 1304 2916 
8294 2677 2852 2525 2934 
8295 242 1520 1522 2832 
8296 861 2988 2557 2989 
8297 1024 2208 950 2678 
8298 2093 2330 2642 2949 
8299 2371 414 494 2962 
8300 2543 2609 2898 3004 
8301 587 584 70 2856 
8302 1252 2857 2846 2952 
8303 536 1140 2645 2830 
8304 2392 2669 2590 2889 
8305 2380 1340 2379 2800 
8306 763 1975 535 2633 
8307 2568 2714 2916 2936 
8308 1446 803 341 2648 
8309 843 1959 842 2642 
8310 796 2750 846 2807 
8311 2676 2847 2640 2990 
8312 2771 2948 2619 2971 
8313 1440 2565 1442 2827 
8314 226 227 2777 2848 
8315 1794 2433 1306 2826 
8316 220 2646 109 2754 
8317 164 1501 1502 2734 
8318 1302 2227 1971 2628 
8319 423 2789 976 2979 
8320 2641 2768 2535 2818 
8321 378 1844 2720 2825 
8322 1457 630 1387 2779 
8323 2528 2872 2590 2933 
8324 2354 2585 360 2986 
8325 1464 546 2408 2769 
8326 2529 2737 2738 2782 
8327 148 2365 2398 2818 
8328 1722 2615 2115 2761 
8329 1607 2152 2805 2888 
8330 2340 537 2338 2957 
8331 1526 713 653 2781 
8332 2488 1366 585 2653 
8333 264 1923 1580 2756 
8334 791 1689 1875 2930 
8335 1644 1645 300 2837 
8336 1571 2661 1341 2992 
8337 301 1634 793 2591 
8338 1068 1067 2659 2981 
8339 417 542 1948 2878 
8340 127 1077 2417 2660 
8341 1894 535 2633 2686 
8342 2392 1272 2416 2590 
8343 2089 575 532 2883 
8344 1828 2680 2616 2715 
8345 2640 2768 2972 2990 
8346 2554 2611 2574 2755 
8347 2641 2843 2968 2980 
8348 368 128 2752 2873 
8349 1568 2611 2896 2973 
8350 500 1007 2447 2828 
8351 2033 887 886 2624 
8352 1024 1025 2678 2904 
8353 1025 2371 2678 2904 
8354 484 2691 2564 2909 
8355 2518 2821 2697 2910 
8356 1885 2565 2932 2946 
8357 1878 1124 1880 2913 
8358 1189 2724 2409 2767 
8359 1488 1066 1455 2836 
8360 577 2542 2539 2557 
8361 2482 2768 2535 2987 
8362 2576 2796 731 2893 
8363 784 1847 376 2849 
8364 295 2766 1637 2840 
8365 2521 2741 2583 2815 
8366 2515 2666 2759 2983 
8367 2679 2865 2670 2905 
8368 2558 2761 2744 2963 
8369 1123 1207 2329 2856 
8370 2303 2302 2826 2844 
8371 520 2682 2285 2753 
8372 2036 2546 2035 2684 
8373 2660 2852 2677 2934 
8374 2611 2755 1569 2896 
8375 2724 2767 2257 2986 
8376 2292 1607 2805 2888 
8377 2376 457 2378 2767 
8378 1882 462 2928 2947 
8379 2302 2826 2716 2862 
8380 1382 2497 1378 2701 
8381 2746 2836 2626 2877 
8382 1582 2629 2755 2940 
8383 791 2713 31 2930 
8384 1852 3001 1305 3002 
8385 2600 2868 2794 2935 
8386 2528 2590 2626 2877 
8387 2566 2841 2647 2852 
8388 1578 677 266 2902 
8389 2660 2944 2810 2969 
8390 2305 2822 2821 2981 
8391 964 2150 143 2805 
8392 2494 1373 1844 2720 
8393 2462 2774 1269 2916 
8394 2773 2791 2328 2868 
8395 2525 2934 2852 2969 
8396 2754 2536 2914 2915 
8397 2469 2633 1861 2945 
8398 1216 1029 2229 2758 
8399 669 1572 671 2992 
8400 1223 2758 1172 2962 
8401 2243 2614 1208 2909 
8402 253 2712 1922 2895 
8403 2336 1139 1344 2960 
8404 1234 2419 2418 2933 
8405 2579 2691 1731 2942 
8406 2189 1103 2570 2802 
8407 1358 2711 2846 2987 
8408 2532 2565 2672 2827 
8409 1226 1770 2647 2967 
8410 2506 2641 2768 2980 
8411 2728 2892 1397 2898 
8412 422 2783 2047 2824 
8413 2036 1181 443 2546 
8414 2701 2866 2522 2901 
8415 1346 546 2369 2593 
8416 2561 2730 2835 2843 
8417 2381 2382 1182 2684 
8418 1945 1302 2179 2628 
8419 2585 2725 2724 2887 
8420 1692 1698 2813 2978 
8421 2053 701 451 2846 
8422 2219 2417 1246 2968 
8423 2526 2648 2635 2899 
8424 425 2658 2726 2856 
8425 1006 573 1269 2916 
8426 1550 782 2586 2895 
8427 2557 2853 861 2989 
8428 1271 552 1270 2866 
8429 2585 2887 2724 2986 
8430 2699 2802 2517 2870 
8431 2580 2823 161 2945 
8432 2699 2758 2551 2828 
8433 2317 577 2220 2557 
8434 221 2795 2577 2828 
8435 1109 1056 2676 2700 
8436 655 2639 246 2919 
8437 2611 2670 2574 2896 
8438 2558 2815 2761 2963 
8439 69 2486 1533 1365 
8440 545 1080 2284 2806 
8441 1240 534 2207 2747 
8442 798 557 1199 2594 
8443 595 174 1398 2728 
8444 2688 2737 2529 2782 
8445 1049 2746 1050 2979 
8446 1007 147 2645 2828 
8447 1715 2688 622 2782 
8448 871 382 1856 2778 
8449 226 1490 227 2848 
8450 2196 1268 522 2888 
8451 1731 2691 2909 2942 
8452 2667 2757 2504 2922 
8453 2655 2902 1406 2956 
8454 2617 2510 2955 2996 
8455 1084 2294 2751 2812 
8456 877 2067 2020 2799 
8457 1259 1138 2284 2994 
8458 363 762 1793 2917 
8459 28 1537 174 2919 
8460 2539 2542 2715 2823 
8461 1045 1046 334 2966 
8462 2565 2850 2932 2946 
8463 1965 1849 1700 2931 
8464 1096 2732 517 2810 
8465 2670 2838 2748 2896 
8466 170 592 1388 2943 
8467 347 275 1482 2603 
8468 1152 2958 2657 2959 
8469 418 2841 911 2878 
8470 734 336 2662 2762 
8471 2418 2743 1247 2968 
8472 2510 2594 2894 2955 
8473 2770 2931 2592 2966 
8474 2573 2910 2707 2911 
8475 1426 2677 2187 2852 
8476 1462 2773 2754 2915 
8477 2506 2768 2818 2972 
8478 1187 2669 554 2880 
8479 2708 2776 2545 2887 
8480 1298 2381 2194 2637 
8481 1336 2791 1282 2868 
8482 2229 2758 1029 2828 
8483 1420 1483 1837 2874 
8484 2100 386 31 2713 
8485 2540 1924 2555 2961 
8486 1488 1455 2746 2836 
8487 172 2777 1282 2868 
8488 1097 2639 1562 2932 
8489 1451 2735 2662 2849 
8490 309 1504 2773 2791 
8491 2493 1651 726 2903 
8492 1312 2623 2379 2882 
8493 120 1563 72 2796 
8494 677 2840 1636 2902 
8495 2731 2928 2601 2947 
8496 1310 1312 2671 2912 
8497 1027 734 336 2662 
8498 858 2564 2587 2845 
8499 487 293 1644 2612 
8500 2574 2748 2683 2896 
8501 2256 1800 249 2752 
8502 2539 2557 2542 2747 
8503 2705 2811 2526 2958 
8504 1311 2671 577 2900 
8505 2522 2760 2745 2780 
8506 1560 2807 1097 2932 
8507 1671 2217 1265 2786 
8508 2467 1346 1244 2644 
8509 1201 465 2111 2718 
8510 2636 2709 2307 2937 
8511 1593 342 274 2547 
8512 1271 2649 2387 2866 
8513 1607 2152 292 2805 
8514 172 227 370 2777 
8515 519 1068 1067 2659 
8516 2590 2789 2669 2872 
8517 335 965 1577 2790 
8518 1130 2756 2627 2956 
8519 2573 2822 2910 2911 
8520 2584 2916 2723 2936 
8521 1368 1456 135 2064 
8522 1268 2196 1006 2888 
8523 408 636 2283 2703 
8524 2130 2881 1139 2960 
8525 1790 760 2692 2941 
8526 2598 2700 550 2788 
8527 2441 2711 1358 2987 
8528 491 2145 1814 2830 
8529 2712 2809 2106 2821 
8530 1636 2840 266 2902 
8531 2178 2096 984 2697 
8532 2374 2587 2564 2845 
8533 2471 2633 2399 2823 
8534 2756 2796 2576 2893 
8535 846 2807 2750 2927 
8536 1448 1062 1419 2874 
8537 2126 2909 1208 2984 
8538 940 1206 1882 2928 
8539 2540 2555 824 2851 
8540 1790 1547 760 2941 
8541 2294 2812 1185 2901 
8542 1834 2570 1005 2830 
8543 673 2705 1878 2913 
8544 532 2876 2023 2883 
8545 2532 2797 2565 2827 
8546 566 2436 2715 2778 
8547 2248 202 1443 1403 
8548 6 2639 655 2804 
8549 2581 2770 2666 2982 
8550 292 2152 964 2805 
8551 2820 2926 2682 2991 
8552 627 2430 1262 2570 
8553 1152 2657 2253 2959 
8554 2574 2611 2533 2670 
8555 2093 2642 843 2949 
8556 2733 2858 2621 2883 
8557 1254 2773 1255 2857 
8558 1170 1175 1897 2587 
8559 1000 210 2656 2981 
8560 1095 2315 1974 2697 
8561 2375 2101 2376 2713 
8562 2528 2843 2730 2877 
8563 1775 1776 1777 2710 
8564 2508 2948 2771 2971 
8565 542 518 2566 2729 
8566 1794 2742 1155 2826 
8567 2725 2887 2585 2944 
8568 6 655 247 2804 
8569 2569 2767 1179 2958 
8570 2516 2680 2909 2942 
8571 1199 2894 2594 2955 
8572 1797 852 428 2811 
8573 673 936 262 2913 
8574 1560 1097 664 2932 
8575 2416 2590 2872 2933 
8576 1632 2152 1607 2888 
8577 1081 1056 2682 2991 
8578 1723 338 734 2661 
8579 725 795 2690 2867 
8580 2586 782 2891 2895 
8581 282 2547 810 2630 
8582 2599 2665 2890 2911 
8583 2649 2669 554 2808 
8584 1250 2656 1929 2680 
8585 222 737 343 2603 
8586 2600 2781 2719 2824 
8587 2527 2726 2622 2995 
8588 467 1133 2651 2893 
8589 438 2457 2546 2684 
8590 1857 673 849 2705 
8591 410 2546 827 2950 
8592 2165 2610 1507 2799 
8593 2392 2590 2416 2889 
8594 747 920 758 2650 
8595 1913 1757 1638 2940 
8596 2128 2262 1103 2721 
8597 1276 676 96 2907 
8598 1267 2253 2657 2817 
8599 1867 2566 611 2841 
8600 2610 2879 2809 2976 
8601 2435 2549 571 2616 
8602 1194 570 2834 3002 
8603 278 1609 299 2547 
8604 308 80 2783 2791 
8605 2666 2738 2562 2908 
8606 1868 911 418 2841 
8607 2522 2638 2745 2760 
8608 2539 2542 2633 2747 
8609 1796 1165 364 2833 
8610 2170 2647 64 2841 
8611 1982 2132 1115 2778 
8612 833 878 832 2878 
8613 2260 1890 2580 2945 
8614 2130 1139 2336 2960 
8615 217 1088 1463 2706 
8616 224 1488 225 2831 
8617 2690 2867 2538 2897 
8618 1046 1883 618 2966 
8619 920 758 2650 2873 
8620 2529 2722 2688 2790 
8621 1346 1323 2593 2806 
8622 1208 2126 1082 2909 
8623 98 2603 1449 2853 
8624 1575 1802 670 369 
8625 2695 2843 2506 2980 
8626 679 2741 735 2953 
8627 2034 1162 1874 2976 
8628 1853 2782 2643 3001 
8629 2626 2590 2789 2979 
8630 754 1275 2364 2818 
8631 1137 2685 1138 2994 
8632 1991 961 2138 2859 
8633 323 1685 325 2824 
8634 790 1863 2608 2863 
8635 2209 1012 807 2630 
8636 247 1213 1214 2858 
8637 1700 2722 724 2931 
8638 2309 394 1893 2583 
8639 2627 2756 2651 2956 
8640 2529 2592 2722 2790 
8641 2609 173 2898 3004 
8642 2553 2610 2624 2879 
8643 2255 1238 1170 2875 
8644 1951 1660 1659 2791 
8645 1929 1250 2183 2656 
8646 330 1912 1709 2796 
8647 260 261 267 2755 
8648 280 2547 282 2630 
8649 2170 2841 612 2852 
8650 2730 2528 2933 2968 
8651 860 960 2859 2923 
8652 2467 2637 2394 2869 
8653 1131 2651 2567 2870 
8654 1323 1346 2467 2704 
8655 82 1796 1795 2833 
8656 1219 2580 1974 2822 
8657 2408 1267 2409 2769 
8658 2375 2713 2376 2767 
8659 425 2726 2658 2793 
8660 2494 2964 2720 2993 
8661 1955 1692 1392 2813 
8662 22 2614 1736 2845 
8663 2169 1040 1530 2961 
8664 794 1879 2100 2913 
8665 1364 583 1363 2856 
8666 1363 2486 2856 2993 
8667 1268 1269 2434 2774 
8668 1007 147 536 2645 
8669 2640 2820 2676 2991 
8670 2317 1263 2431 2542 
8671 2342 1143 538 2710 
8672 1103 2698 2570 2802 
8673 753 307 124 2669 
8674 852 1798 1052 2959 
8675 396 395 2474 2765 
8676 390 2796 2576 2903 
8677 2257 2298 2724 2986 
8678 2506 2843 2695 2965 
8679 2569 2899 2526 2938 
8680 185 957 1754 2546 
8681 2626 2876 575 2883 
8682 2596 2684 2637 2985 
8683 888 1430 321 2624 
8684 2590 2746 2626 2877 
8685 1940 1771 1941 2841 
8686 2696 2509 2780 2970 
8687 1478 638 2577 2951 
8688 1681 1388 2563 2978 
8689 1274 2083 2084 2837 
8690 2620 2728 2604 2919 
8691 703 2061 2059 2693 
8692 1310 2671 1311 2723 
8693 491 2645 2830 2939 
8694 594 2497 1382 3004 
8695 220 797 109 2646 
8696 2649 2733 2701 2866 
8697 749 2638 1781 2915 
8698 2034 1278 886 2624 
8699 1539 837 1842 2925 
8700 1937 2214 281 2951 
8701 1259 1137 1138 2994 
8702 2553 2851 2540 2879 
8703 1347 568 1983 2747 
8704 1709 1710 1912 330 
8705 1256 2104 2022 2946 
8706 2142 1110 1896 2587 
8707 2556 2733 2621 2883 
8708 1104 1089 1090 2766 
8709 2626 2746 2590 2979 
8710 2439 2351 2455 2714 
8711 1274 2084 2612 2837 
8712 78 437 2342 2603 
8713 1816 1834 2570 2874 
8714 2594 2884 1199 2955 
8715 754 2365 1069 2818 
8716 226 2794 930 2848 
8717 580 167 1342 2846 
8718 1019 2460 1877 2595 
8719 1050 1049 225 2746 
8720 2377 549 1797 2705 
8721 1150 2028 52 2614 
8722 320 2610 2165 2799 
8723 252 1562 6 2932 
8724 1302 1301 2227 2628 
8725 2617 2640 2847 2990 
8726 2650 2781 2600 2935 
8727 2453 2598 2454 2682 
8728 1340 2380 1915 2634 
8729 1719 202 1443 2840 
8730 1001 959 2139 2616 
8731 1074 1075 2880 2889 
8732 1877 1922 1019 2595 
8733 44 2896 2670 2973 
8734 1875 1689 2086 2885 
8735 698 2796 727 2903 
8736 378 1843 846 2750 
8737 1723 1804 369 2992 
8738 509 2682 2700 2864 
8739 1374 1373 2495 2964 
8740 164 1502 2495 2734 
8741 1541 1525 1524 2608 
8742 937 2713 458 2913 
8743 2291 1170 1238 2875 
8744 2558 2917 2815 2963 
8745 782 1922 1877 2595 
8746 717 2794 1694 2935 
8747 2529 2643 2592 2790 
8748 2303 1196 2302 2844 
8749 2080 2591 1648 2813 
8750 199 335 265 2643 
8751 764 1347 1795 2833 
8752 420 2048 83 2783 
8753 735 2741 679 2954 
8754 60 1577 255 2855 
8755 2364 2535 2482 2768 
8756 1816 2570 1834 2830 
8757 903 2763 2608 2863 
8758 2598 2788 551 2800 
8759 2219 1065 2186 2660 
8760 2555 2877 2746 3003 
8761 2379 1340 521 2634 
8762 877 2020 89 2799 
8763 1208 2909 2614 2984 
8764 246 656 2919 2927 
8765 2382 2381 2467 2637 
8766 1373 2720 2494 2964 
8767 2241 504 2090 2885 
8768 2251 3001 1852 3002 
8769 2252 1400 1401 2929 
8770 2745 2780 2509 2970 
8771 225 1455 1050 2746 
8772 534 2206 2207 2686 
8773 522 2287 2681 2805 
8774 2821 2822 2697 2910 
8775 803 2648 2333 2942 
8776 993 2711 2441 2798 
8777 2332 2884 2775 2955 
8778 495 2393 2257 2724 
8779 2518 2712 2674 2895 
8780 491 547 2205 2645 
8781 99 2247 1907 2614 
8782 665 162 194 2652 
8783 1194 2421 2775 2834 
8784 1011 2026 2206 2853 
8785 1476 739 1735 2845 
8786 1347 568 2747 2833 
8787 1215 2644 2236 2806 
8788 1031 2838 2597 2905 
8789 1219 1197 161 2580 
8790 2287 522 2681 2888 
8791 2548 2670 2597 2838 
8792 2561 2660 2810 2835 
8793 2746 2877 2590 3003 
8794 2597 2836 2746 2877 
8795 2586 2891 2595 2895 
8796 225 2746 1049 2831 
8797 655 247 2804 2919 
8798 2575 2548 2748 2860 
8799 2546 2684 1181 2950 
8800 731 2576 390 2796 
8801 2661 1847 2762 2849 
8802 2315 1974 2697 2822 
8803 1656 839 2880 2889 
8804 343 2603 1732 2710 
8805 2738 2983 2782 3001 
8806 1044 1736 739 2845 
8807 2342 2603 437 2710 
8808 571 2616 2516 2778 
8809 737 1732 343 2603 
8810 2617 2847 2676 2990 
8811 1324 572 1323 2704 
8812 1478 1938 638 2951 
8813 489 130 1785 2779 
8814 2558 2661 2815 2917 
8815 1341 2661 1571 2762 
8816 2545 2886 2708 2887 
8817 2759 2908 2668 2983 
8818 2340 2341 2172 2742 
8819 1347 2747 2709 2833 
8820 33 2252 2475 2735 
8821 627 2570 2310 2874 
8822 742 255 965 2790 
8823 724 1700 1699 2722 
8824 944 679 680 2953 
8825 2595 2538 2735 2867 
8826 2295 2661 734 2917 
8827 2638 2846 826 2857 
8828 2393 1222 1189 2724 
8829 1196 1928 2302 2716 
8830 2049 904 2608 2854 
8831 1396 173 232 3004 
8832 2754 2777 2582 2914 
8833 1698 2591 326 2813 
8834 1791 1027 1028 2662 
8835 1872 791 31 2930 
8836 947 1405 178 1443 
8837 2558 2662 2661 2917 
8838 2145 2645 476 2830 
8839 1096 2056 891 2732 
8840 570 1305 2433 3002 
8841 1086 2226 58 2917 
8842 2884 3001 2251 3002 
8843 839 124 2880 2979 
8844 644 1951 1504 1659 
8845 1319 1115 2778 2785 
8846 998 709 822 2610 
8847 2713 2913 2100 2949 
8848 1312 2461 2671 2882 
8849 386 2713 2100 2949 
8850 2379 1180 2380 2800 
8851 655 246 656 2919 
8852 2128 114 1165 2881 
8853 2583 2953 2766 2992 
8854 173 595 2728 3004 
8855 2594 2884 2955 2996 
8856 1654 250 294 698 
8857 365 280 2009 2547 
8858 1768 752 2764 2841 
8859 1266 571 2435 2549 
8860 2393 2706 1464 2769 
8861 1903 2937 2470 2960 
8862 2285 2753 2682 2864 
8863 194 665 2652 2995 
8864 1983 1761 2443 2747 
8865 72 2329 1206 2903 
8866 1226 107 1770 2967 
8867 1818 922 2622 2801 
8868 2252 2475 2735 2929 
8869 1571 733 2661 2992 
8870 1199 749 798 2894 
8871 2288 1187 2391 2880 
8872 385 1526 243 2935 
8873 916 1218 1217 2732 
8874 2364 2398 2365 2818 
8875 1929 1827 1154 2680 
8876 857 2747 431 2988 
8877 807 950 2618 2765 
8878 236 2175 1 2837 
8879 1727 1722 1585 2741 
8880 2538 2595 2895 2897 
8881 6 2639 2804 2932 
8882 446 896 894 2650 
8883 1453 2305 2821 2981 
8884 2530 2651 2627 2756 
8885 244 2404 560 2883 
8886 1105 2570 2131 2874 
8887 2603 2686 2542 2853 
8888 1143 2013 42 2710 
8889 2639 2804 2531 2919 
8890 390 2658 800 2903 
8891 2721 2881 2631 2882 
8892 693 2192 2587 2845 
8893 2567 2902 2655 2956 
8894 2678 2505 2787 2962 
8895 2375 2101 2713 2913 
8896 1311 2900 2462 2916 
8897 522 2681 2286 2805 
8898 684 2337 2430 2830 
8899 2666 2908 2759 2983 
8900 432 1988 75 2686 
8901 1499 593 1391 2813 
8902 574 2839 2267 2907 
8903 1571 270 733 2992 
8904 189 42 604 2710 
8905 1132 2651 1133 2840 
8906 2643 2515 2844 2983 
8907 150 1677 318 2612 
8908 1963 1221 533 2906 
8909 2554 2615 2755 2940 
8910 2676 2775 2617 2990 
8911 931 1705 1556 2690 
8912 1233 2933 2730 3003 
8913 2549 2909 2680 2975 
8914 1252 1254 2857 2952 
8915 598 696 2655 2954 
8916 849 1574 231 2811 
8917 1306 2303 1794 2826 
8918 1958 225 1049 2831 
8919 125 937 459 2713 
8920 1927 2422 1080 2739 
8921 2367 2644 1215 2806 
8922 843 2642 842 2949 
8923 1005 2830 2570 2939 
8924 2542 2686 2603 2710 
8925 1844 2494 2720 2993 
8926 1776 2686 1981 2710 
8927 362 2560 757 2786 
8928 1536 1098 846 2927 
8929 1710 330 727 2796 
8930 2548 2748 2670 2838 
8931 572 2438 2420 2817 
8932 144 2280 1163 2799 
8933 1731 2909 736 2942 
8934 1297 2230 1261 2699 
8935 2452 2700 2682 2864 
8936 239 1679 48 2560 
8937 2575 2876 2621 2946 
8938 1896 1897 1931 2587 
8939 331 1651 30 698 
8940 580 1669 167 2846 
8941 1073 1496 1494 2832 
8942 395 807 2630 2765 
8943 887 2624 2610 2976 
8944 2423 529 2603 2710 
8945 520 1080 1081 2926 
8946 2555 2746 2597 2831 
8947 653 713 122 2781 
8948 2655 2902 2766 2953 
8949 1570 1556 725 2690 
8950 857 431 856 2988 
8951 270 2741 1585 2992 
8952 2635 2526 2899 2938 
8953 2366 545 2367 2806 
8954 557 1199 2594 2884 
8955 158 1523 652 2608 
8956 2758 2787 2505 2962 
8957 721 5 1530 2586 
8958 547 2645 491 2939 
8959 2479 2269 1351 2544 
8960 1049 2889 2746 2979 
8961 1594 1287 1596 2984 
8962 826 2846 2318 2857 
8963 2013 2342 437 2710 
8964 889 890 2036 2684 
8965 1276 505 676 2907 
8966 1584 557 1337 2782 
8967 495 1088 217 2706 
8968 2707 2910 2514 2911 
8969 1570 2690 795 2973 
8970 2113 1791 2213 2717 
8971 1507 2165 452 2610 
8972 327 2258 722 2674 
8973 1826 1258 1929 2680 
8974 44 1568 1569 2896 
8975 1809 2254 2691 2959 
8976 2360 1833 1159 2684 
8977 2674 2809 2879 2976 
8978 2291 1190 524 2888 
8979 1792 58 2226 2819 
8980 1257 115 1285 2758 
8981 2569 2642 2938 2949 
8982 2783 2791 2719 2824 
8983 1684 2076 1072 2814 
8984 1847 1722 2115 2761 
8985 261 302 267 2755 
8986 1278 591 886 2624 
8987 2561 2835 2810 2944 
8988 1197 2580 2822 2823 
8989 1347 1983 857 2747 
8990 2353 2546 2842 2985 
8991 1794 2618 527 2742 
8992 1202 1129 465 2718 
8993 1310 1304 2454 2723 
8994 1315 1513 57 2563 
8995 581 2479 2544 2904 
8996 2058 991 57 2925 
8997 2213 1791 2662 2717 
8998 2293 1085 2600 2812 
8999 839 1049 1050 2979 
9000 590 1387 1386 2779 
9001 2572 2615 2940 2954 
9002 269 2643 268 2844 
9003 854 2710 2542 2785 
9004 111 1728 1343 2998 
9005 356 748 1767 2809 
9006 417 2729 542 2878 
9007 1727 1585 735 2741 
9008 425 499 2726 2793 
9009 2670 2679 2533 2865 
9010 2436 2516 2715 2778 
9011 1986 1738 345 2853 
9012 2595 2867 2735 2929 
9013 2528 2877 2730 2933 
9014 175 1399 2652 2941 
9015 528 2314 2768 2955 
9016 82 1139 2263 2881 
9017 1313 130 489 2779 
9018 760 717 1790 2692 
9019 447 2044 2653 2751 
9020 535 2335 2633 2686 
9021 2501 1376 588 2751 
9022 735 2741 680 2953 
9023 1180 2379 1312 2912 
9024 504 2240 2090 2885 
9025 2180 2758 1257 2787 
9026 552 2388 1270 2866 
9027 2482 2535 2082 2987 
9028 2674 2809 2518 2879 
9029 1644 2612 1645 2837 
9030 1794 527 2618 2826 
9031 1351 2269 1026 2904 
9032 1328 286 862 2795 
9033 2387 2043 2294 2701 
9034 2170 982 611 2841 
9035 2594 2511 2884 2996 
9036 2436 2516 2437 2900 
9037 1927 148 2397 2739 
9038 2635 2526 2938 2998 
9039 2142 1896 1931 2587 
9040 2353 2684 2546 2985 
9041 2639 2807 2562 2932 
9042 1560 2731 1433 2807 
9043 2437 2462 2431 2900 
9044 1067 1108 2282 2809 
9045 2366 2367 1215 2806 
9046 1452 2839 96 2907 
9047 2508 2665 2948 2971 
9048 655 2804 2639 2919 
9049 1287 2247 99 2614 
9050 2467 2394 1324 2869 
9051 1238 2420 2291 2875 
9052 386 842 1872 2930 
9053 458 937 125 2713 
9054 1002 959 2616 2859 
9055 888 321 1390 2624 
9056 1809 1808 766 2691 
9057 144 1163 2610 2799 
9058 810 342 137 2547 
9059 896 2653 447 2779 
9060 1957 1040 1958 2831 
9061 2651 2756 1580 2956 
9062 2281 2836 1066 2838 
9063 2516 2792 2774 2900 
9064 1183 2636 2882 2960 
9065 1574 849 673 2705 
9066 2490 586 1370 2964 
9067 1367 2490 1370 2801 
9068 2597 2831 2746 2836 
9069 1839 233 813 2624 
9070 473 37 472 2547 
9071 2556 2789 2733 2883 
9072 1010 1008 40 2795 
9073 815 1249 1915 2742 
9074 124 753 2669 2979 
9075 1890 2819 2580 2945 
9076 1698 326 1692 2813 
9077 734 2661 338 2762 
9078 458 125 2101 2713 
9079 2511 2884 2775 3002 
9080 1609 365 299 2547 
9081 2592 2790 2643 2855 
9082 2713 2930 2642 2949 
9083 792 1845 1207 2856 
9084 2590 2889 2669 2979 
9085 2437 2516 2774 2900 
9086 2541 2636 2833 2881 
9087 2726 2856 2825 2993 
9088 1895 2633 1975 2945 
9089 1480 2577 1481 2951 
9090 1975 2633 763 2945 
9091 2465 2635 157 2648 
9092 839 2880 2889 2979 
9093 1416 1414 870 2603 
9094 698 1651 1563 2903 
9095 812 56 1908 2845 
9096 261 1569 2755 2896 
9097 1582 260 267 2755 
9098 2392 2880 2669 2889 
9099 1197 1219 2305 2822 
9100 1310 1311 1304 2723 
9101 1228 930 717 2794 
9102 694 293 487 2612 
9103 754 1069 1773 2818 
9104 1264 1265 2313 2786 
9105 23 511 1510 1832 
9106 928 1532 976 2789 
9107 2528 2590 2877 2933 
9108 2638 2760 2522 2952 
9109 1595 2126 1208 2984 
9110 236 990 2837 2925 
9111 86 1660 309 2791 
9112 1064 2743 2711 2987 
9113 2417 2219 127 2660 
9114 98 882 275 2603 
9115 1182 2382 1245 2950 
9116 6 2804 1885 2932 
9117 1124 2705 1858 2938 
9118 378 846 845 2750 
9119 1301 2227 2628 2793 
9120 1042 1444 203 2840 
9121 2660 2852 2934 2969 
9122 1080 520 2284 2926 
9123 2569 2526 2899 2958 
9124 1845 2856 792 2993 
9125 2363 2768 2314 2955 
9126 1128 1406 1578 2956 
9127 1879 2100 2913 2949 
9128 793 697 301 2591 
9129 2427 1252 2846 2952 
9130 90 1517 123 2560 
9131 2510 2894 2743 2987 
9132 2661 2762 2662 2849 
9133 2437 2516 1266 2774 
9134 1242 165 2711 2798 
9135 1817 729 793 2591 
9136 577 2317 2542 2557 
9137 857 2443 431 2747 
9138 87 613 196 2781 
9139 710 1870 1869 2886 
9140 497 2636 2541 2882 
9141 1180 2598 2800 2912 
9142 710 2693 1870 2886 
9143 723 1023 2729 2906 
9144 247 1537 2858 2919 
9145 1282 1336 2070 2791 
9146 2679 2690 2538 2897 
9147 404 2636 1183 2960 
9148 378 2750 845 2825 
9149 2595 2891 2586 2897 
9150 1289 94 563 1721 
9151 2745 2760 2638 2915 
9152 389 2658 2856 2903 
9153 1244 2382 2467 2644 
9154 171 2813 170 2978 
9155 1829 2616 959 2859 
9156 814 1912 1563 2796 
9157 1368 2079 135 2801 
9158 827 2546 410 2842 
9159 1245 2382 2644 2950 
9160 142 394 1803 2992 
9161 520 1081 2682 2926 
9162 1521 1073 2832 2889 
9163 833 417 1948 2878 
9164 2462 1269 573 2916 
9165 1271 2649 554 2808 
9166 740 1615 869 2547 
9167 2351 2637 2439 2727 
9168 42 189 787 2785 
9169 2545 2810 2693 2944 
9170 1223 2787 2758 2962 
9171 1950 2563 1315 2925 
9172 1584 622 199 2643 
9173 805 2564 1897 2587 
9174 2434 2437 1266 2774 
9175 2593 2806 408 2871 
9176 1393 715 1121 2791 
9177 596 1400 2867 2929 
9178 610 67 609 2798 
9179 1882 2928 1434 2947 
9180 2201 2577 2202 2951 
9181 1577 965 255 2790 
9182 1148 2985 2685 2994 
9183 2601 2756 2718 2947 
9184 2397 2739 148 2972 
9185 1181 2546 2036 2684 
9186 250 1654 847 698 
9187 1009 2577 1008 2795 
9188 1401 176 298 2929 
9189 788 1836 310 2608 
9190 1097 1562 664 2932 
9191 553 2293 146 2812 
9192 2646 2754 2914 2915 
9193 2631 2882 2881 2960 
9194 1728 2114 948 2998 
9195 757 2560 2654 2786 
9196 2530 2627 2601 2756 
9197 329 1454 2281 2836 
9198 728 2703 851 2871 
9199 2363 2768 2955 2990 
9200 182 1284 181 2839 
9201 2511 3001 2884 3002 
9202 2291 524 2681 2888 
9203 1880 935 1878 2913 
9204 2555 2597 2746 2877 
9205 1536 1503 1398 2892 
9206 2597 2838 2670 2905 
9207 1522 2832 2763 2889 
9208 575 2876 532 2883 
9209 2728 2898 173 3004 
9210 16 736 1083 2909 
9211 2103 2683 2104 2748 
9212 1347 2709 1795 2833 
9213 1171 494 1172 2962 
9214 2049 2608 2553 2854 
9215 179 984 2119 2697 
9216 2429 569 1296 2699 
9217 559 2577 76 2795 
9218 2392 2416 66 2889 
9219 1396 2497 594 3004 
9220 2112 1580 1923 2756 
9221 246 1536 656 2927 
9222 1955 840 1692 2813 
9223 577 2539 2431 2900 
9224 258 1571 733 2661 
9225 2393 1189 2257 2724 
9226 1053 2257 2767 2986 
9227 1196 2716 2302 2844 
9228 2431 2542 1263 2715 
9229 1312 1310 1180 2912 
9230 2815 2917 2663 2963 
9231 1392 171 1388 2978 
9232 572 2420 2253 2817 
9233 1803 2309 2766 2992 
9234 1142 1143 42 2785 
9235 1381 654 1531 2733 
9236 2583 2655 2953 2954 
9237 2621 2858 1213 2883 
9238 2775 2834 2667 3002 
9239 1656 839 124 2880 
9240 1115 1982 2778 2785 
9241 2640 2676 2990 2991 
9242 1572 257 2953 2992 
9243 2573 2822 2821 2910 
9244 826 2638 1781 2894 
9245 186 1349 443 2546 
9246 149 2419 2388 2743 
9247 2416 2590 2933 3003 
9248 2595 2586 2895 2897 
9249 2642 2930 842 2949 
9250 935 1880 794 2913 
9251 1596 963 860 2923 
9252 566 2350 2778 2785 
9253 221 2577 1117 2828 
9254 1728 948 2648 2998 
9255 927 170 171 2813 
9256 2386 1310 2454 2598 
9257 2292 2805 2681 2888 
9258 1323 546 1346 2593 
9259 2152 2287 2805 2888 
9260 711 2624 1430 2854 
9261 186 443 1411 2546 
9262 2327 1120 134 2654 
9263 2575 2621 2850 2946 
9264 1132 2567 1131 2651 
9265 2386 1180 1310 2598 
9266 440 476 2645 2830 
9267 1452 96 676 2907 
9268 2541 2636 2881 2882 
9269 2533 2670 2611 2973 
9270 404 2631 1918 2960 
9271 1268 2286 522 2681 
9272 2597 2555 2831 2905 
9273 1906 2216 1905 2845 
9274 1218 916 706 2732 
9275 2705 2913 2569 2938 
9276 356 1767 2712 2809 
9277 1965 1700 1917 2931 
9278 2104 1256 2748 2946 
9279 2760 2914 2536 2915 
9280 919 2238 2088 2886 
9281 945 2114 946 2998 
9282 532 2023 2404 2883 
9283 1190 2394 2727 2869 
9284 8 2662 2762 2849 
9285 2251 2884 2782 3001 
9286 1028 1027 336 2662 
9287 2523 2827 2797 2922 
9288 2117 2839 1452 2907 
9289 1190 2869 2727 2888 
9290 216 170 2813 2943 
9291 2349 2348 1146 2616 
9292 821 968 404 2636 
9293 595 1398 1397 2728 
9294 1728 111 2114 2998 
9295 1657 1360 307 2880 
9296 1878 2705 1124 2913 
9297 713 324 2781 2824 
9298 2005 1914 486 2547 
9299 207 1967 1966 2907 
9300 1228 930 2794 2848 
9301 270 680 1585 2953 
9302 2595 2867 596 2897 
9303 1118 1652 1119 2779 
9304 713 323 324 2824 
9305 1191 2567 1132 2840 
9306 502 1577 60 2855 
9307 54 1818 583 2622 
9308 2460 1299 2466 2735 
9309 1950 419 2563 2925 
9310 390 110 2796 2903 
9311 520 2753 1259 2994 
9312 2548 2597 2836 2838 
9313 829 119 407 2610 
9314 1025 831 2371 2904 
9315 535 19 2335 2686 
9316 543 1179 2767 2958 
9317 124 2669 307 2880 
9318 432 1862 1014 2686 
9319 2235 410 827 2950 
9320 977 2580 978 2945 
9321 1803 1104 203 2766 
9322 924 2082 2535 2798 
9323 948 2114 945 2998 
9324 2490 1370 2801 2964 
9325 2626 2836 1454 2876 
9326 162 2652 665 2793 
9327 848 1968 1850 2855 
9328 2574 2683 2748 2860 
9329 616 1431 1873 2868 
9330 1766 604 188 2710 
9331 1754 957 352 2546 
9332 2351 2439 1006 2727 
9333 2358 2360 1307 2637 
9334 1321 2716 1928 2839 
9335 1809 2254 2255 2691 
9336 962 2859 960 2923 
9337 1388 2943 2563 2978 
9338 780 838 879 2764 
9339 2536 2777 2754 2914 
9340 1064 2535 2743 2987 
9341 2364 2768 2363 2972 
9342 992 2177 488 2798 
9343 1065 517 2188 2810 
9344 1029 1216 2228 2870 
9345 2383 2788 2689 2800 
9346 2416 2872 565 2933 
9347 317 609 67 2798 
9348 1080 2739 2422 2926 
9349 46 319 2361 2610 
9350 903 2608 1863 2863 
9351 1915 2340 815 2742 
9352 1005 491 2830 2939 
9353 2601 2928 2756 2947 
9354 2202 2577 2204 2951 
9355 2652 665 2793 2995 
9356 2436 2431 1263 2715 
9357 2316 529 1263 2542 
9358 1144 2452 2682 2864 
9359 2205 2577 1009 2795 
9360 543 1151 1179 2958 
9361 782 2595 1877 2891 
9362 2328 2536 159 2773 
9363 1759 1713 729 2703 
9364 1038 2635 2097 2938 
9365 1914 815 2547 2630 
9366 2510 2980 2768 2987 
9367 2375 460 2101 2913 
9368 2052 65 2832 2863 
9369 757 2560 1670 2654 
9370 2285 2682 1081 2864 
9371 2313 2612 1106 2837 
9372 485 2616 1146 2859 
9373 2687 2777 2536 2914 
9374 1734 739 1736 2845 
9375 2023 532 1256 2876 
9376 1082 2243 1208 2909 
9377 206 1350 1055 2907 
9378 91 1805 1954 2978 
9379 824 2555 1924 3003 
9380 1590 1891 804 2025 
9381 2491 387 792 2993 
9382 1152 1151 543 2958 
9383 586 1373 2494 2964 
9384 1448 1419 10 2874 
9385 2272 802 513 2703 
9386 563 391 1289 1721 
9387 2571 2655 2627 2999 
9388 1247 149 2277 2743 
9389 246 2919 2639 2927 
9390 785 2636 1344 2937 
9391 1228 1227 724 2848 
9392 2186 2187 127 2852 
9393 1235 2933 1233 3003 
9394 2209 807 2618 2630 
9395 1489 981 1283 2897 
9396 1044 739 1906 2845 
9397 56 693 1629 2587 
9398 2112 1923 462 2756 
9399 1392 1955 2813 2978 
9400 2310 2570 1105 2874 
9401 2641 2843 2835 2968 
9402 492 2634 1339 2939 
9403 1187 554 2391 2880 
9404 2453 2386 2454 2598 
9405 1391 216 2813 2943 
9406 1967 2108 1970 2907 
9407 2120 426 390 2576 
9408 33 1400 2252 2735 
9409 1913 267 2755 2940 
9410 2404 2089 532 2883 
9411 2693 2810 2654 2944 
9412 2523 2572 2827 2922 
9413 2139 2616 1030 2778 
9414 1897 1175 1931 2587 
9415 2338 2689 1058 2816 
9416 192 1483 1420 2874 
9417 1768 1769 1332 2878 
9418 19 535 997 2686 
9419 759 781 14 2891 
9420 1931 2587 1175 2805 
9421 2429 2802 2699 2870 
9422 861 1994 1995 2989 
9423 340 669 1802 2992 
9424 1510 511 79 1832 
9425 66 2289 824 3003 
9426 1442 1885 2105 2946 
9427 2721 2882 2623 2924 
9428 2219 2810 2660 2835 
9429 1278 650 591 2624 
9430 1559 1800 2752 2995 
9431 1920 62 1816 2830 
9432 846 1098 2807 2927 
9433 1856 382 474 2778 
9434 2364 1275 2482 2535 
9435 2531 2696 2780 2970 
9436 1298 2394 2381 2637 
9437 1775 1777 2603 2710 
9438 1315 2563 57 2925 
9439 807 2618 2630 2765 
9440 440 2645 476 2795 
9441 573 1311 2462 2916 
9442 1700 724 1227 2931 
9443 28 2620 2858 2919 
9444 2479 1351 581 2544 
9445 1889 2819 1890 2945 
9446 528 2894 2314 2955 
9447 257 1637 464 2766 
9448 576 2682 1291 2985 
9449 1190 555 2394 2869 
9450 149 2388 2389 2952 
9451 1347 2709 2747 2988 
9452 1893 1459 2309 2583 
9453 2357 2614 2549 2923 
9454 1692 2813 840 2978 
9455 1241 2542 2710 2785 
9456 1588 1471 1316 2871 
9457 566 2350 2347 2778 
9458 1133 1717 1113 2893 
9459 72 2796 1563 2903 
9460 2431 2436 2437 2900 
9461 1253 2846 1252 2857 
9462 62 685 1601 2830 
9463 2321 1784 2779 2873 
9464 2542 2603 529 2710 
9465 529 2423 2603 2853 
9466 1681 2563 837 2978 
9467 2535 2641 1064 2743 
9468 2557 2542 2686 2853 
9469 2705 2938 2526 2998 
9470 1462 159 2754 2773 
9471 494 1223 1172 2962 
9472 2684 2546 2985 3000 
9473 2542 529 2603 2853 
9474 1381 1395 1382 2733 
9475 757 314 1670 2560 
9476 2053 907 701 2846 
9477 571 2549 2516 2616 
9478 1914 2005 2203 2630 
9479 83 422 420 2783 
9480 2600 2719 2536 2868 
9481 2357 2028 1150 2614 
9482 1426 1925 2187 2799 
9483 492 1339 2373 2939 
9484 261 2755 260 2896 
9485 495 217 2393 2706 
9486 2575 2850 2683 2946 
9487 842 2930 386 2949 
9488 1267 2253 2409 2657 
9489 2569 2938 2913 2949 
9490 559 76 2577 2951 
9491 1251 2676 1056 2991 
9492 874 1159 2016 2684 
9493 697 1787 1195 2591 
9494 2541 2881 2833 2924 
9495 2726 2825 2720 2993 
9496 2666 2738 2908 2983 
9497 341 803 1729 2648 
9498 2681 2805 2287 2888 
9499 2670 2865 2597 2905 
9500 1389 592 1518 2943 
9501 2547 2630 815 2742 
9502 2569 2705 2526 2958 
9503 1453 2305 1067 2821 
9504 1201 2672 2718 2947 
9505 2338 2689 2816 2957 
9506 1251 2421 2676 2990 
9507 2295 1793 2661 2917 
9508 2521 2615 2741 2815 
9509 2103 2104 1256 2748 
9510 2394 555 1324 2869 
9511 1064 2711 2535 2987 
9512 1914 2547 2005 2630 
9513 1544 931 658 2690 
9514 1544 2690 658 2897 
9515 1229 2616 2139 2778 
9516 2583 2766 2309 2992 
9517 328 1548 720 2891 
9518 2540 2610 2553 2879 
9519 2377 2705 1797 2811 
9520 1241 2355 2350 2785 
9521 1570 1567 1568 2973 
9522 1552 356 2178 2712 
9523 1101 1347 1984 2709 
9524 566 2542 1241 2785 
9525 606 192 1420 2874 
9526 1108 2809 1067 2821 
9527 2381 2194 2637 2684 
9528 575 1454 329 2876 
9529 1597 2184 859 2603 
9530 1007 500 147 2828 
9531 1097 2807 1098 2927 
9532 1079 2440 686 2888 
9533 1022 2786 2654 2835 
9534 558 351 2412 2842 
9535 2352 2684 2353 2985 
9536 1754 212 602 2977 
9537 1571 2661 258 2762 
9538 542 417 93 2729 
9539 1000 1250 1136 2823 
9540 2206 2026 2207 2853 
9541 126 2470 2937 2960 
9542 2583 2655 2766 2953 
9543 550 2453 576 2682 
9544 409 2268 2544 2844 
9545 2052 1863 65 2863 
9546 149 2743 2388 2952 
9547 6 1885 252 2932 
9548 1698 1805 765 2978 
9549 684 683 1599 2830 
9550 2309 2583 1459 2766 
9551 1443 1444 1719 2840 
9552 1514 1516 711 2854 
9553 988 146 2719 2773 
9554 867 1230 2308 2989 
9555 1676 2424 317 2798 
9556 629 1696 966 2906 
9557 796 846 1433 2807 
9558 151 2616 2348 2778 
9559 1347 2747 857 2988 
9560 247 1214 2804 2858 
9561 573 1304 1311 2916 
9562 808 1411 443 2546 
9563 34 1341 1571 2762 
9564 1194 570 1155 2834 
9565 2748 2838 2548 2876 
9566 927 2085 1499 2813 
9567 1131 1153 467 2870 
9568 319 144 1163 2610 
9569 785 1344 2636 2960 
9570 1299 2213 1028 2735 
9571 376 2115 15 2761 
9572 1466 2593 408 2703 
9573 1151 1152 1052 2959 
9574 780 1768 838 2764 
9575 2269 2544 2479 2904 
9576 1233 2417 1077 2730 
9577 286 1328 139 2795 
9578 761 718 719 2591 
9579 598 1407 296 2954 
9580 1793 1723 2661 2992 
9581 2439 2455 1304 2714 
9582 426 1971 390 2576 
9583 2250 2775 2332 2884 
9584 2361 2610 544 2976 
9585 1148 2353 541 2985 
9586 158 322 1523 2608 
9587 1348 2837 657 2925 
9588 2439 1304 573 2714 
9589 1939 958 1012 2630 
9590 161 2580 1197 2823 
9591 540 52 2028 2614 
9592 1700 1227 1917 2931 
9593 1784 2321 1112 2873 
9594 408 2703 2593 2871 
9595 254 260 1711 2896 
9596 1827 1828 1154 2680 
9597 24 2608 789 2854 
9598 2393 217 1464 2706 
9599 2478 2595 1877 2929 
9600 2117 1055 2839 2907 
9601 1728 2648 1343 2998 
9602 474 382 2133 2778 
9603 322 1836 24 2608 
9604 2416 1272 565 2872 
9605 680 2741 1585 2953 
9606 33 1451 1825 2735 
9607 1296 1261 2428 2699 
9608 574 1063 2267 2839 
9609 1656 1521 839 2889 
9610 1813 1816 1834 2830 
9611 1194 2834 2775 3002 
9612 576 2985 1148 2994 
9613 203 2766 1104 2840 
9614 839 2889 1049 2979 
9615 2364 2363 2398 2972 
9616 859 639 1597 2603 
9617 2364 2365 754 2818 
9618 468 2121 1039 2811 
9619 1024 1026 1025 2904 
9620 1818 2622 1362 2801 
9621 2541 2882 2881 2924 
9622 28 2858 1537 2919 
9623 2298 2257 1053 2986 
9624 1748 1749 1626 2685 
9625 566 2778 2715 2785 
9626 368 1800 2256 2752 
9627 2363 2972 2768 2990 
9628 429 852 1809 2579 
9629 2103 1703 1702 2748 
9630 790 789 788 2608 
9631 58 1889 354 2819 
9632 2309 394 2583 2992 
9633 2637 2727 2394 2869 
9634 8 259 1847 2762 
9635 2067 2066 2020 2799 
9636 1781 2638 749 2894 
9637 24 1505 648 2854 
9638 854 1981 2542 2710 
9639 2203 2005 2004 2630 
9640 149 2389 2427 2952 
9641 2575 2748 2683 2860 
9642 295 677 1635 2902 
9643 602 1412 2546 2977 
9644 1608 785 279 2960 
9645 249 1546 661 2752 
9646 1768 1332 752 2841 
9647 629 2906 966 2981 
9648 2670 2896 2611 2973 
9649 275 639 1482 2603 
9650 1009 1008 1010 2795 
9651 571 2516 2436 2778 
9652 830 638 1938 2951 
9653 2813 2943 170 2978 
9654 149 2427 2743 2952 
9655 1473 358 1770 2967 
9656 494 1171 2209 2962 
9657 1753 352 1755 2546 
9658 2643 2782 2983 3001 
9659 2316 2542 2557 2853 
9660 990 2175 236 2837 
9661 1594 1946 1287 2614 
9662 764 568 1347 2833 
9663 800 389 110 2903 
9664 2635 2648 2526 2998 
9665 1585 680 735 2741 
9666 275 1597 639 2603 
9667 137 342 1593 2547 
9668 2295 363 1793 2917 
9669 1193 2676 2421 2834 
9670 1081 2926 2422 2991 
9671 2437 1269 2462 2774 
9672 1327 1564 1702 2838 
9673 247 2858 2804 2919 
9674 2570 2698 2131 2874 
9675 1109 2676 1193 2834 
9676 667 761 1565 2591 
9677 2566 612 2841 2852 
9678 2535 2612 924 2798 
9679 2241 456 504 2885 
9680 844 723 93 2906 
9681 2399 161 2823 2945 
9682 1671 2654 2279 2810 
9683 2301 2766 2567 2840 
9684 2088 1870 919 2886 
9685 2504 2757 2803 2922 
9686 2287 2196 522 2888 
9687 395 807 958 2630 
9688 2373 1339 1340 2939 
9689 2531 2780 2745 2970 
9690 1266 2516 571 2549 
9691 208 2856 1706 2903 
9692 1203 1201 619 2947 
9693 2043 1084 2294 2751 
9694 1005 1834 375 2570 
9695 661 2256 249 2752 
9696 1225 2167 2168 2691 
9697 1151 2958 1152 2959 
9698 684 1599 2337 2830 
9699 1494 1496 1495 2832 
9700 325 422 1649 2824 
9701 1261 2428 2699 2870 
9702 782 253 1922 2895 
9703 1320 2133 2015 2778 
9704 1631 1607 292 2805 
9705 2748 2876 2575 2946 
9706 1684 2560 132 2814 
9707 520 1081 2285 2682 
9708 2104 2748 2683 2946 
9709 1190 2394 2395 2727 
9710 110 390 800 2903 
9711 552 2388 2866 2952 
9712 1256 1703 2748 2876 
9713 686 2440 1273 2888 
9714 2028 2357 441 2923 
9715 1213 247 1537 2858 
9716 1635 464 1637 2766 
9717 731 2796 1718 2893 
9718 2220 2461 497 2541 
9719 270 1585 2741 2953 
9720 1883 1046 1047 2966 
9721 2149 1094 1992 2788 
9722 2332 1199 2884 2955 
9723 727 1651 698 2903 
9724 1077 1076 1078 2851 
9725 1148 2344 2343 2994 
9726 266 1578 2902 2956 
9727 525 2226 1086 2917 
9728 724 1490 1228 2848 
9729 1116 2859 962 2923 
9730 1228 226 930 2848 
9731 1262 2310 627 2570 
9732 80 2719 2783 2791 
9733 566 2715 2542 2785 
9734 2318 826 1358 2846 
9735 1902 510 2265 2689 
9736 259 258 733 2661 
9737 1499 2081 593 2813 
9738 2760 2901 2522 2952 
9739 254 261 260 2896 
9740 409 2544 1063 2839 
9741 2669 2889 2880 2979 
9742 104 318 1677 2612 
9743 119 2540 407 2610 
9744 1722 1847 259 2661 
9745 2341 1621 2172 2742 
9746 2250 2775 2884 3002 
9747 222 639 737 2603 
9748 1577 2643 2790 2855 
9749 1645 2612 104 2837 
9750 1076 407 1078 2851 
9751 1751 875 1752 2790 
9752 2277 2711 1064 2743 
9753 1199 2314 2894 2955 
9754 2563 2837 990 2925 
9755 1266 2436 571 2516 
9756 2252 2735 1400 2929 
9757 1095 1974 2107 2697 
9758 600 876 1408 2950 
9759 2251 1852 1305 3002 
9760 660 781 759 2891 
9761 657 2837 2563 2925 
9762 573 2714 1304 2916 
9763 2571 2827 2572 2922 
9764 1907 1905 2614 2845 
9765 183 600 601 2644 
9766 2443 857 1983 2747 
9767 2377 1039 943 2811 
9768 1879 386 2100 2949 
9769 1503 1374 1502 2898 
9770 752 1332 1771 2841 
9771 1677 2177 104 2612 
9772 1257 1285 1223 2758 
9773 2350 1319 2778 2785 
9774 2734 2964 2588 2974 
9775 2189 1322 2299 2802 
9776 1174 1992 1158 2788 
9777 2720 2825 1844 2993 
9778 728 2368 152 2703 
9779 2332 2775 1134 2955 
9780 1426 195 2055 2799 
9781 1241 2542 529 2710 
9782 1644 300 487 2837 
9783 1982 855 2778 2785 
9784 2337 1599 1140 2830 
9785 383 2705 946 2998 
9786 2567 2766 2655 2902 
9787 521 497 2379 2882 
9788 2431 2539 577 2542 
9789 1609 274 342 2547 
9790 924 993 2082 2798 
9791 2201 2202 1212 2951 
9792 1070 1918 404 2631 
9793 731 390 110 2796 
9794 2669 2880 124 2979 
9795 2406 2120 949 2893 
9796 800 2658 389 2903 
9797 1312 2461 577 2671 
9798 1840 374 1661 2863 
9799 1688 1872 1871 2930 
9800 1357 1449 2603 2853 
9801 1230 2937 2308 2989 
9802 2082 2482 1275 2535 
9803 2511 2908 2738 3001 
9804 1723 142 1804 2992 
9805 645 904 2049 2854 
9806 1825 783 1704 2849 
9807 2013 1143 2342 2710 
9808 1123 792 1207 2856 
9809 378 845 1844 2825 
9810 1311 577 2462 2900 
9811 3 2763 1520 2832 
9812 56 693 2587 2845 
9813 2429 2428 1131 2870 
9814 2170 611 612 2841 
9815 1449 187 1357 2603 
9816 499 1558 2726 2995 
9817 2577 2795 2645 2828 
9818 2421 1134 2775 2990 
9819 2674 2712 2518 2809 
9820 1257 2758 1223 2787 
9821 1131 2428 1153 2870 
9822 800 425 209 2856 
9823 1047 1046 1045 2966 
9824 1817 729 2591 2703 
9825 528 2364 2482 2768 
9826 1271 2390 2649 2808 
9827 1162 2361 544 2976 
9828 336 730 2662 2762 
9829 643 173 1397 2898 
9830 622 2643 1584 2782 
9831 945 946 2811 2998 
9832 1481 2577 638 2951 
9833 1659 1951 1504 1660 
9834 490 2822 1000 2823 
9835 748 1200 2809 2976 
9836 528 2314 2363 2768 
9837 2308 2709 1984 2988 
9838 2270 2123 2122 2862 
9839 206 1452 676 2907 
9840 2592 2855 2702 2966 
9841 1295 2312 381 2864 
9842 1982 1979 1220 2778 
9843 999 2783 2719 2824 
9844 1022 2654 2810 2835 
9845 2387 1271 2390 2649 
9846 420 421 2048 2783 
9847 394 142 1793 2992 
9848 1117 1172 2326 2828 
9849 2111 1201 2718 2947 
9850 1081 1080 2422 2926 
9851 2375 549 460 2913 
9852 2549 2614 2564 2909 
9853 1703 1702 2748 2838 
9854 2381 2394 2467 2637 
9855 409 268 2268 2844 
9856 2453 2454 1291 2682 
9857 1988 997 75 2686 
9858 409 269 268 2844 
9859 1002 2859 2616 2975 
9860 2358 2360 2637 2727 
9861 778 1387 630 2779 
9862 1782 361 2754 2915 
9863 1108 2315 1095 2821 
9864 80 2719 999 2783 
9865 2318 1358 2711 2846 
9866 1793 142 1723 2992 
9867 1955 840 2813 2978 
9868 964 2152 2150 2805 
9869 1222 2409 1189 2724 
9870 2368 1166 2703 2871 
9871 2437 2774 2462 2900 
9872 676 207 206 2907 
9873 1594 2614 1287 2984 
9874 1825 1704 1400 2867 
9875 528 2768 2482 2987 
9876 362 1264 1783 2563 
9877 2066 2280 144 2799 
9878 849 2705 1574 2811 
9879 149 2427 2277 2743 
9880 845 796 1881 2825 
9881 1343 2465 157 2648 
9882 126 2636 821 2960 
9883 259 2661 1847 2762 
9884 2169 981 2831 2961 
9885 1454 2836 329 2876 
9886 304 1649 483 2824 
9887 1554 2390 251 2808 
9888 1473 1770 107 2967 
9889 1393 1282 2070 2791 
9890 2583 2953 2741 2954 
9891 1183 2882 2631 2960 
9892 2908 2983 2738 3001 
9893 224 225 1958 2831 
9894 2881 2882 2721 2924 
9895 960 860 963 2923 
9896 453 2164 591 2624 
9897 2208 2678 2371 2962 
9898 2398 2397 148 2972 
9899 2088 2885 1018 2886 
9900 677 1578 1635 2902 
9901 1090 2567 2301 2766 
9902 2510 2743 2980 2987 
9903 2273 2689 1155 2957 
9904 2640 2972 2739 2991 
9905 808 443 1181 2546 
9906 1107 1199 2314 2894 
9907 1993 1623 1992 2689 
9908 2149 1992 1290 2788 
9909 377 27 1517 2560 
9910 2775 2955 2617 2990 
9911 409 1063 2276 2839 
9912 1118 2653 1652 2779 
9913 1193 1155 1174 2834 
9914 1917 818 938 2931 
9915 2313 2218 2641 2786 
9916 270 2953 2741 2992 
9917 1359 2471 1197 2823 
9918 821 968 2636 2937 
9919 524 2681 2292 2805 
9920 1560 1098 1097 2807 
9921 1521 1049 839 2889 
9922 2392 2051 1074 2889 
9923 860 2859 1991 2975 
9924 2668 2983 2908 3001 
9925 2429 569 2699 2802 
9926 2626 2789 2556 2883 
9927 2886 2887 2585 2986 
9928 1392 2813 171 2978 
9929 723 1023 1697 2729 
9930 1065 2660 2219 2810 
9931 1562 252 664 2932 
9932 540 2614 2028 2923 
9933 2443 1761 1277 2747 
9934 1276 2237 505 2907 
9935 257 2766 464 2953 
9936 577 1311 1312 2671 
9937 389 2856 208 2903 
9938 1793 1723 734 2661 
9939 2432 1134 2250 2775 
9940 2095 248 1545 2891 
9941 1411 957 185 2546 
9942 1809 2579 852 2959 
9943 837 1681 1842 2925 
9944 1245 2382 1244 2644 
9945 2595 2538 2867 2897 
9946 1880 1879 794 2913 
9947 2469 1861 2166 2945 
9948 1367 1370 1371 2801 
9949 375 2698 2570 2874 
9950 1845 1881 1207 2825 
9951 2323 2859 1116 2923 
9952 896 2653 446 2751 
9953 612 2566 1426 2852 
9954 759 14 328 2891 
9955 2368 2703 728 2871 
9956 1494 2234 242 2832 
9957 670 669 1802 850 
9958 1499 2085 1091 2813 
9959 843 842 386 2949 
9960 1995 867 2308 2989 
9961 1540 105 1348 2925 
9962 826 1781 1358 2894 
9963 1132 1133 2322 2840 
9964 412 1943 2909 2975 
9965 634 2781 899 2824 
9966 2651 2902 2567 2956 
9967 2318 1358 2441 2711 
9968 86 309 2773 2791 
9969 943 1039 2109 2811 
9970 1132 1131 1133 2651 
9971 474 2133 2132 2778 
9972 486 2172 987 2547 
9973 1500 1498 946 2811 
9974 2383 1236 551 2800 
9975 1684 1072 2560 2814 
9976 52 2614 1905 2845 
9977 2563 2943 2534 2978 
9978 2419 565 1270 2872 
9979 1479 2325 434 2795 
9980 2496 1396 232 2751 
9981 1321 1928 2276 2839 
9982 2368 1166 152 2703 
9983 389 2658 800 2856 
9984 2391 2669 2392 2880 
9985 697 793 1787 2591 
9986 787 1142 42 2785 
9987 1782 357 361 2915 
9988 1497 231 2109 2811 
9989 800 2658 425 2856 
9990 1488 2831 224 2905 
9991 2746 2889 2590 2979 
9992 2162 2781 324 2824 
9993 1148 541 2685 2985 
9994 1674 2563 1513 2943 
9995 1097 1098 246 2927 
9996 824 2540 1924 2555 
9997 259 258 2661 2762 
9998 1776 1859 755 2686 
9999 839 1050 423 2979 
10000 2574 2755 2611 2896 
10001 1222 2393 1464 2769 
10002 2720 2964 2622 2993 
10003 780 2764 879 2878 
10004 1521 2832 1522 2889 
10005 2394 2637 1298 2727 
10006 2340 2341 2742 2957 
10007 1651 72 1563 2903 
10008 2729 2764 2566 2878 
10009 1943 2680 2909 2975 
10010 2651 2840 2567 2902 
10011 1256 532 1703 2876 
10012 2341 1621 2742 2957 
10013 1148 2685 2344 2994 
10014 2520 2691 2579 2942 
10015 1105 1103 2131 2570 
10016 860 2923 2859 2975 
10017 442 165 1383 2711 
10018 1754 2546 1753 2977 
10019 2636 2709 2541 2833 
10020 1885 6 1041 2804 
10021 2635 2938 1038 2998 
10022 1180 2598 551 2800 
10023 515 2218 2535 2612 
10024 2636 2937 785 2960 
10025 2577 2645 2551 2828 
10026 111 1343 1037 2998 
10027 1426 2187 2186 2852 
10028 2639 2919 2604 2927 
10029 2516 2549 2680 2975 
10030 1909 905 645 2854 
10031 2110 1038 1293 2938 
10032 1188 2390 554 2808 
10033 580 1668 1669 2846 
10034 2683 2748 2575 2946 
10035 409 1196 1853 2844 
10036 926 29 816 2754 
10037 949 1718 1717 2893 
10038 911 1769 705 2878 
10039 2676 1251 2990 2991 
10040 16 736 2909 2942 
10041 732 675 202 1051 
10042 1134 2955 2775 2990 
10043 954 860 1991 2975 
10044 178 1636 295 2840 
10045 340 1802 1804 2992 
10046 1520 2763 1522 2832 
10047 831 1025 970 2904 
10048 2557 2747 2709 2988 
10049 2352 2637 2684 2985 
10050 931 1556 1557 2973 
10051 1062 2310 1105 2874 
10052 1322 569 2299 2802 
10053 1644 487 2612 2837 
10054 1754 1753 211 2977 
10055 1455 1066 2281 2836 
10056 2461 497 2541 2882 
10057 1150 2614 52 2845 
10058 1582 1581 2105 2683 
10059 2295 1793 734 2661 
10060 2739 2422 2926 2991 
10061 105 2837 1348 2925 
10062 1754 211 212 2977 
10063 2138 1831 959 2859 
10064 2350 2355 1319 2785 
10065 2392 66 2051 2889 
10066 54 2485 1818 2622 
10067 1389 1518 2563 2943 
10068 295 1636 677 2840 
10069 1154 1979 1978 2715 
10070 2601 2718 2672 2947 
10071 2361 319 1163 2610 
10072 28 1213 1537 2858 
10073 749 1781 1780 2915 
10074 295 2840 677 2902 
10075 357 1780 361 2915 
10076 1560 846 1098 2807 
10077 1271 2387 552 2866 
10078 1765 1621 1620 2957 
10079 226 1228 1490 2848 
10080 2730 2933 2877 3003 
10081 1877 2478 1876 2595 
10082 1558 2485 2726 2995 
10083 551 2598 550 2788 
10084 1818 1819 779 2801 
10085 1339 2634 1340 2939 
10086 1287 2923 1596 2984 
10087 2440 2395 2727 2888 
10088 2313 1783 1264 2837 
10089 326 2591 719 2813 
10090 329 2836 2281 2838 
10091 879 2764 878 2878 
10092 947 178 1405 597 
10093 372 1033 2190 2975 
10094 611 2566 612 2841 
10095 1119 1652 85 2779 
10096 2478 1877 2460 2929 
10097 926 816 817 2754 
10098 1804 142 1803 2992 
10099 295 1635 2766 2902 
10100 1058 1059 2339 2816 
10101 2208 1024 1025 2678 
10102 1544 1705 931 2690 
10103 1597 1011 2184 2603 
10104 1193 1056 1251 2676 
10105 1768 1332 2841 2878 
10106 1184 552 2866 2952 
10107 28 1531 560 2858 
10108 1765 2742 1621 2957 
10109 1299 1028 2662 2735 
10110 1705 725 1556 2690 
10111 2553 2763 2050 2961 
10112 1124 2938 1125 2949 
10113 2345 1145 381 2700 
10114 2201 559 2577 2951 
10115 1541 1530 1543 2608 
10116 1266 2437 2436 2516 
10117 536 2337 1140 2830 
10118 1780 2857 2773 2915 
10119 946 2705 2811 2998 
10120 2284 520 1259 2994 
10121 2374 2356 2587 2845 
10122 516 1667 2711 2846 
10123 1409 513 1061 2871 
10124 231 1498 1500 2811 
10125 1151 1798 1179 2958 
10126 1778 1294 416 2700 
10127 594 173 1396 3004 
10128 924 2082 1274 2535 
10129 769 1200 2362 2809 
10130 2641 2786 2218 2835 
10131 410 2546 2950 3000 
10132 488 2424 1676 2798 
10133 1825 2849 1704 2867 
10134 1131 467 1133 2651 
10135 582 1380 2484 2808 
10136 1853 1196 1852 2844 
10137 2091 2354 929 2986 
10138 1968 1969 255 2855 
10139 2452 550 2682 2700 
10140 1163 544 2361 2610 
10141 2730 2933 1233 2968 
10142 2047 2046 448 2824 
10143 187 1413 1416 2603 
10144 2105 2104 2103 2683 
10145 2462 577 2431 2900 
10146 814 1563 120 2796 
10147 70 792 1123 2856 
10148 2363 2364 528 2768 
10149 335 1577 2643 2790 
10150 1577 265 335 2643 
10151 2835 2843 2730 2968 
10152 1801 1303 1784 2873 
10153 1825 1400 2735 2867 
10154 2522 2901 2866 2952 
10155 1465 1787 933 2591 
10156 860 2923 2975 2984 
10157 423 976 124 2979 
10158 2275 2816 2689 2957 
10159 1041 1214 2022 2946 
10160 2095 2477 248 2891 
10161 2866 2901 1184 2952 
10162 1307 2637 2360 2684 
10163 2106 2809 1108 2821 
10164 1299 2662 730 2762 
10165 261 44 1569 2896 
10166 510 398 2264 2816 
10167 2546 2842 2985 3000 
10168 79 511 1510 2773 
10169 1002 1991 2859 2975 
10170 1768 780 1769 2878 
10171 62 1920 685 2830 
10172 1825 784 783 2849 
10173 75 1862 432 2686 
10174 84 2846 1669 2857 
10175 1113 1718 2796 2893 
10176 1411 808 957 2546 
10177 2172 2547 815 2742 
10178 1871 1872 842 2930 
10179 1635 1637 295 2766 
10180 755 1774 1776 2686 
10181 1019 1299 2460 2735 
10182 2640 2990 2972 2991 
10183 404 1183 2631 2960 
10184 1056 509 2682 2700 
10185 674 256 1341 369 
10186 1364 1363 2486 2856 
10187 2169 2831 1040 2961 
10188 1540 1348 657 2925 
10189 1256 1703 2103 2748 
10190 854 2542 2715 2785 
10191 705 1769 780 2878 
10192 1033 1002 2190 2975 
10193 830 1937 1231 2951 
10194 1271 554 2390 2808 
10195 167 1669 84 2846 
10196 1174 2689 1992 2788 
10197 1772 754 1773 2978 
10198 1187 1188 554 2808 
10199 2353 2546 2450 2977 
10200 2735 2867 1400 2929 
10201 1778 1295 416 1294 
10202 1267 572 2253 2817 
10203 1134 2332 2250 2775 
10204 2275 433 1174 2689 
10205 2271 513 2703 2871 
10206 1738 2207 2026 2853 
10207 2357 2549 2435 2923 
10208 1521 1522 1049 2889 
10209 1022 2217 2786 2835 
10210 757 2654 313 2786 
10211 1312 2379 2461 2882 
10212 1982 855 1979 2778 
10213 936 935 2099 2913 
10214 1896 805 1897 2587 
10215 336 730 1299 2662 
10216 2088 1869 1870 2886 
10217 830 1938 1937 2951 
10218 467 1717 1133 2893 
10219 1182 1181 2036 2684 
10220 248 1548 1545 2891 
10221 1128 1580 1130 2956 
10222 1179 2376 2378 2767 
10223 1913 1583 267 2940 
10224 3 1957 1520 2763 
10225 2274 1292 1765 2742 
10226 1185 1184 2866 2901 
10227 1932 2002 2587 2805 
10228 2351 1291 2455 2985 
10229 1867 982 1866 2841 
10230 1651 331 727 698 
10231 126 821 2636 2937 
10232 2375 2376 1179 2767 
10233 679 2741 2953 2954 
10234 2217 2218 2786 2835 
10235 2352 2353 1148 2985 
10236 2111 1882 1434 2947 
10237 175 1547 1399 2941 
10238 2299 1458 2189 2802 
10239 1464 2408 1222 2769 
10240 1019 2213 1299 2735 
10241 2404 244 2089 2883 
10242 1794 2303 527 2826 
10243 1852 1306 1305 2844 
10244 2461 2379 497 2882 
10245 375 1815 772 2874 
10246 2739 2972 2397 2991 
10247 561 2048 421 2783 
10248 2177 2612 2424 2798 
10249 2308 2937 2709 2989 
10250 2877 2933 2590 3003 
10251 1109 1056 1193 2676 
10252 528 1107 2314 2894 
10253 1179 1798 1797 2958 
10254 1081 2422 1056 2991 
10255 903 2052 2832 2863 
10256 499 2793 665 2995 
10257 1952 104 2084 2837 
10258 1943 372 2680 2975 
10259 2058 57 2563 2925 
10260 2172 1914 815 2547 
10261 2216 1020 812 2845 
10262 789 790 1864 2608 
10263 203 1104 1042 2840 
10264 633 634 2185 2781 
10265 720 1548 5 2586 
10266 33 1825 1400 2735 
10267 1885 2804 1041 2946 
10268 1068 1453 1067 2981 
10269 2432 2421 1134 2775 
10270 2312 1778 381 2700 
10271 554 2669 2391 2880 
10272 1348 2083 657 2837 
10273 924 2535 1274 2612 
10274 245 1707 2493 587 
10275 786 867 436 2989 
10276 2316 529 2542 2853 
10277 605 996 381 1778 
10278 425 2658 2227 2793 
10279 825 2142 1931 2587 
10280 1199 1107 749 2894 
10281 1113 1717 1718 2893 
10282 933 793 729 2591 
10283 2109 231 1574 2811 
10284 1056 509 1081 2682 
10285 1662 1034 65 2863 
10286 546 2593 934 2703 
10287 1127 966 1696 2906 
10288 1845 1844 2825 2993 
10289 261 254 44 2896 
10290 1321 2302 1928 2716 
10291 1705 1549 596 2897 
10292 268 199 265 2643 
10293 1651 2329 72 2903 
10294 1068 1023 629 2981 
10295 1973 1972 427 2648 
10296 2394 1298 2395 2727 
10297 907 2054 1667 2711 
10298 1202 465 1201 2718 
10299 494 2208 2371 2962 
10300 1184 2901 553 2952 
10301 1497 2109 1039 2811 
10302 2216 812 1150 2845 
10303 490 1000 2822 2981 
10304 1025 2371 2208 2678 
10305 1359 2633 2471 2823 
10306 1962 248 1549 2891 
10307 566 1241 2350 2785 
10308 2088 2087 1018 2885 
10309 812 1908 2356 2845 
10310 126 2937 2636 2960 
10311 949 731 1718 2893 
10312 1454 1455 2281 2836 
10313 84 1665 168 2857 
10314 524 1190 1079 2888 
10315 2399 1335 161 2945 
10316 1857 383 1124 2705 
10317 1984 2709 1347 2988 
10318 566 2347 571 2778 
10319 118 1209 2135 2816 
10320 237 1315 57 2925 
10321 2157 2317 2220 2557 
10322 451 1161 1353 2846 
10323 2210 1939 2630 2951 
10324 1163 544 2610 2976 
10325 1078 407 824 2851 
10326 1681 2563 419 2925 
10327 1295 1778 2312 1294 
10328 1031 1488 224 2905 
10329 2484 1380 2499 2808 
10330 529 1241 566 2542 
10331 2429 2300 2802 2870 
10332 2627 2718 2601 2756 
10333 710 915 1870 2693 
10334 2308 2709 2988 2989 
10335 1519 2560 707 2943 
10336 869 2173 740 2547 
10337 1462 2754 361 2915 
10338 2054 907 908 2711 
10339 1296 2428 2429 2699 
10340 1703 532 329 2876 
10341 42 2710 189 2785 
10342 1002 1033 1991 2975 
10343 2447 2326 1285 2828 
10344 1844 1845 2494 2993 
10345 1539 2563 837 2925 
10346 138 2296 526 2727 
10347 2251 557 2782 2884 
10348 1284 2442 181 2839 
10349 2516 2680 2616 2975 
10350 410 2842 2546 3000 
10351 1208 2614 1594 2984 
10352 1385 85 1652 2779 
10353 48 1679 707 2560 
10354 1588 681 1471 2871 
10355 411 2909 2680 2942 
10356 1233 2933 1234 2968 
10357 56 2587 1908 2845 
10358 1556 2690 1570 2973 
10359 2315 2821 2305 2822 
10360 2088 1018 1869 2886 
10361 36 1762 271 2716 
10362 2616 2680 2516 2715 
10363 524 2292 2681 2888 
10364 216 592 170 2943 
10365 2049 2050 2553 2763 
10366 2316 2542 2317 2557 
10367 1503 643 1397 2898 
10368 571 2347 2616 2778 
10369 410 2950 2235 3000 
10370 2553 2610 2540 2624 
10371 946 1498 945 2811 
10372 1028 336 1299 2662 
10373 1845 1844 845 2825 
10374 2373 2372 547 2939 
10375 2049 902 2050 2763 
10376 1961 2586 1548 2891 
10377 2131 1103 2262 2698 
10378 1483 2698 1837 2874 
10379 1106 515 1425 2612 
10380 2352 2351 2637 2985 
10381 2235 2644 2367 3000 
10382 2285 1081 509 2864 
10383 2282 519 1067 2809 
10384 381 1145 1854 2864 
10385 1386 1387 130 2779 
10386 1305 570 2432 3002 
10387 445 2693 1096 2810 
10388 206 2480 1350 2907 
10389 1579 1635 1578 2902 
10390 1143 2710 42 2785 
10391 1259 520 2285 2753 
10392 2434 1269 2437 2774 
10393 215 2650 895 2781 
10394 1318 1299 2662 2735 
10395 574 2442 1284 2839 
10396 1694 385 1693 2935 
10397 26 242 1494 2234 
10398 86 2773 2719 2791 
10399 1503 1502 643 2898 
10400 510 1057 2265 2689 
10401 1537 656 174 2919 
10402 2028 2614 2357 2923 
10403 2549 2516 2680 2909 
10404 807 396 950 2765 
10405 1867 611 982 2841 
10406 1136 2715 1980 2823 
10407 2534 2814 2813 2943 
10408 1213 28 560 2858 
10409 1291 576 2453 2682 
10410 1231 2630 1939 2951 
10411 421 68 561 2783 
10412 2741 2953 2583 2992 
10413 1252 1666 1253 2857 
10414 2340 2338 2341 2957 
10415 1669 312 1060 2857 
10416 1181 808 2546 2950 
10417 1705 725 2690 2867 
10418 2348 1320 2015 2778 
10419 2283 1466 408 2703 
10420 1124 1858 1125 2938 
10421 2186 2188 612 2852 
10422 2358 1307 493 2637 
10423 2392 1074 2880 2889 
10424 425 499 1558 2726 
10425 1794 527 2274 2742 
10426 2885 2886 2088 2986 
10427 566 1263 529 2542 
10428 1831 2138 961 2859 
10429 931 2690 1556 2973 
10430 1108 769 2282 2809 
10431 1825 2735 2849 2867 
10432 1879 843 386 2949 
10433 1148 1291 2351 2985 
10434 1343 1729 2465 2648 
10435 818 1423 1547 2941 
10436 2120 731 949 2893 
10437 119 2540 2610 2624 
10438 1640 1639 2032 2753 
10439 477 288 1616 2874 
10440 723 1696 1023 2906 
10441 551 1180 2386 2598 
10442 1753 1755 346 2977 
10443 1253 1666 312 2857 
10444 2363 2955 1134 2990 
10445 600 2644 876 2950 
10446 2117 1055 2116 2839 
10447 2239 2087 2088 2885 
10448 1182 2193 2381 2684 
10449 173 594 595 3004 
10450 1768 2764 780 2878 
10451 734 338 336 2762 
10452 1314 2602 2464 2793 
10453 2289 66 2416 3003 
10454 2366 408 545 2806 
10455 2363 2314 1134 2955 
10456 2276 1928 409 2839 
10457 1768 2841 2764 2878 
10458 2334 1942 2333 2942 
10459 758 1789 1695 2873 
10460 694 487 1425 2612 
10461 1041 2804 1214 2946 
10462 87 895 613 2781 
10463 860 1596 2923 2984 
10464 1879 2913 1880 2949 
10465 1212 2202 2204 2951 
10466 209 1364 389 2856 
10467 2105 2104 2683 2946 
10468 1375 662 1377 2751 
10469 1606 1641 11 2994 
10470 2429 2699 2428 2870 
10471 2281 1327 1702 2838 
10472 1433 846 1560 2807 
10473 1931 825 2587 2805 
10474 1208 1946 1594 2614 
10475 1246 1247 1064 2968 
10476 1732 355 746 2710 
10477 169 1684 132 2814 
10478 1272 1270 565 2872 
10479 727 726 1651 2903 
10480 723 2729 93 2906 
10481 2352 2637 1307 2684 
10482 1943 2680 411 2909 
10483 247 1214 6 2804 
10484 2106 1108 1095 2821 
10485 329 532 575 2876 
10486 1177 2374 2356 2587 
10487 1305 2432 2251 3002 
10488 2032 38 1640 2753 
10489 860 1990 1596 2984 
10490 104 2612 2084 2837 
10491 1081 2682 509 2864 
10492 1104 1090 2301 2766 
10493 2406 949 467 2893 
10494 2294 1084 1185 2812 
10495 2316 2557 481 2853 
10496 2301 2567 1191 2840 
10497 505 2108 1967 2907 
10498 1401 298 2252 2929 
10499 2239 1317 2087 2885 
10500 596 1400 725 2867 
10501 1542 1034 2232 2863 
10502 407 2540 824 2851 
10503 379 785 786 2937 
10504 1235 1234 1233 2933 
10505 2210 1480 1939 2951 
10506 1036 2019 1215 2644 
10507 345 1738 882 2853 
10508 1842 1540 1539 2925 
10509 93 723 542 2729 
10510 1669 167 84 1665 
10511 2172 815 2340 2742 
10512 1966 388 207 2907 
10513 348 820 1918 2960 
10514 2453 550 551 2598 
10515 751 1292 153 2547 
10516 1621 885 1620 2957 
10517 271 2716 2468 2839 
10518 686 2292 1079 2888 
10519 1309 2243 1082 2909 
10520 586 2495 1373 2964 
10521 84 1669 1665 2857 
10522 2383 551 2788 2800 
10523 1613 40 287 2795 
10524 1190 2727 2395 2888 
10525 2353 2450 2473 2977 
10526 1703 329 2838 2876 
10527 1194 2421 2432 2775 
10528 735 679 296 2954 
10529 2569 2913 2713 2949 
10530 1703 2838 2748 2876 
10531 1992 2689 1290 2788 
10532 790 788 700 2863 
10533 2416 2933 1235 3003 
10534 155 2711 1949 2798 
10535 1705 2690 1544 2897 
10536 1021 2218 1022 2835 
10537 951 2975 2909 2984 
10538 1748 1626 2413 2685 
10539 967 297 2716 2862 
10540 2362 2809 1200 2976 
10541 2362 1162 544 2976 
10542 1416 437 78 2603 
10543 2130 2631 2881 2960 
10544 1215 2235 1036 2644 
10545 1128 1578 1580 2956 
10546 2251 2250 2332 2884 
10547 761 719 1565 2591 
10548 1684 377 132 2560 
10549 1152 2253 1052 2959 
10550 2346 1145 2345 2700 
10551 1845 792 387 2993 
10552 1231 1939 830 2951 
10553 391 1280 563 1289 
10554 108 1541 1525 1524 
10555 789 2608 1864 2854 
10556 1863 1662 65 2863 
10557 2235 1215 2367 2644 
10558 1503 1536 1843 2892 
10559 167 84 1342 2846 
10560 1510 836 79 2773 
10561 2131 2570 1103 2698 
10562 2336 1141 2130 2960 
10563 295 2766 2840 2902 
10564 2208 494 2209 2962 
10565 1497 1498 231 2811 
10566 1108 1067 2315 2821 
10567 1733 410 2685 2842 
10568 336 338 1439 2762 
10569 1864 2608 904 2854 
10570 237 1950 1315 2925 
10571 2271 513 802 2703 
10572 1595 1208 1594 2984 
10573 1985 2308 1984 2988 
10574 655 656 1537 2919 
10575 2210 1939 1012 2630 
10576 2349 2347 2350 2778 
10577 1311 1310 1312 2671 
10578 1461 1141 2336 2960 
10579 2099 935 794 2913 
10580 1357 2603 1415 2853 
10581 903 1863 2052 2863 
10582 16 2334 736 2942 
10583 1686 325 715 2824 
10584 1118 2044 1653 2653 
10585 655 1537 247 2919 
10586 1155 1193 1194 2834 
10587 2235 1036 2644 2950 
10588 490 1136 1980 2823 
10589 1513 2563 1518 2943 
10590 538 1241 2710 2785 
10591 2241 2087 1317 2885 
10592 2105 1885 2104 2946 
10593 2309 1803 394 2992 
10594 1194 2775 2432 3002 
10595 2111 1434 1201 2947 
10596 1276 2267 2237 2907 
10597 341 1729 1343 2648 
10598 1984 856 1985 2988 
10599 1369 501 3 2832 
10600 951 412 16 2909 
10601 1358 1781 1107 2894 
10602 1052 1809 852 2959 
10603 2412 351 1750 2842 
10604 11 2134 1606 2994 
10605 210 1000 1453 2981 
10606 836 1682 79 2773 
10607 2277 516 1064 2711 
10608 1113 1718 1204 2796 
10609 298 2476 2252 2929 
10610 719 326 1565 2591 
10611 21 772 1815 2874 
10612 2090 2087 2241 2885 
10613 1520 1957 1522 2763 
10614 790 2608 788 2863 
10615 61 1969 848 2855 
10616 1584 2643 1853 2782 
10617 211 1753 346 2977 
10618 400 2937 1015 2989 
10619 830 1481 638 2951 
10620 2614 2909 2549 2984 
10621 1875 2086 2090 2885 
10622 971 2783 106 2791 
10623 1197 2471 2399 2823 
10624 2305 2315 1067 2821 
10625 2095 14 1876 2891 
10626 1040 224 1958 2831 
10627 27 377 1684 2560 
10628 2299 569 2300 2802 
10629 471 2019 1036 2644 
10630 375 772 2698 2874 
10631 1703 329 1702 2838 
10632 2470 400 126 2937 
10633 708 1513 1518 2943 
10634 1573 1438 1439 2762 
10635 1992 1094 1114 2788 
10636 509 1056 1109 2700 
10637 209 389 800 2856 
10638 1400 1704 725 2867 
10639 2431 577 2317 2542 
10640 2516 2616 2549 2975 
10641 2166 1335 2469 2945 
10642 1904 2937 400 2989 
10643 1547 175 818 2941 
10644 2460 2735 2466 2929 
10645 2909 2975 2549 2984 
10646 2235 2950 2644 3000 
10647 2250 2432 2775 3002 
10648 845 1881 1845 2825 
10649 1155 2433 1794 2826 
10650 924 2612 925 2798 
10651 686 1273 160 2888 
10652 1969 60 255 2855 
10653 275 2026 1597 2603 
10654 2353 2842 2546 2977 
10655 1950 20 419 2925 
10656 1236 1180 551 2800 
10657 1906 1020 2216 2845 
10658 1693 385 243 2935 
10659 68 402 561 2783 
10660 981 224 2831 2905 
10661 2106 2712 1767 2809 
10662 242 1522 1521 2832 
10663 490 1980 1359 2823 
10664 1026 2269 970 2904 
10665 1364 1706 208 2856 
10666 786 785 1230 2937 
10667 1524 652 1523 2608 
10668 331 30 1651 2493 
10669 1189 2257 2724 2767 
10670 86 989 1660 2791 
10671 667 2591 1126 2703 
10672 3 1957 2763 2863 
10673 1795 1796 764 2833 
10674 1706 726 208 2903 
10675 329 2836 2838 2876 
10676 2270 2122 2716 2862 
10677 926 817 109 2754 
10678 1852 1196 1306 2844 
10679 1193 2421 1194 2834 
10680 1774 1981 1776 2686 
10681 447 2653 896 2751 
10682 2715 2778 855 2785 
10683 447 896 897 2751 
10684 954 951 1990 2984 
10685 2416 565 1235 2933 
10686 2614 2923 1287 2984 
10687 571 2436 566 2778 
10688 1263 2317 2316 2542 
10689 1682 632 2773 2791 
10690 1962 658 1283 2897 
10691 821 2636 404 2960 
10692 1172 1285 2326 2828 
10693 2309 1104 1803 2766 
10694 1877 2595 2460 2929 
10695 1360 229 641 2880 
10696 210 1453 629 2981 
10697 2399 161 1197 2823 
10698 717 1694 1693 2935 
10699 481 2157 2158 2989 
10700 1729 427 2465 2648 
10701 807 395 396 2765 
10702 615 2608 198 2854 
10703 1765 2274 2742 2957 
10704 1163 2282 544 2976 
10705 1818 2485 1362 2622 
10706 837 2563 1681 2925 
10707 2342 2423 2603 2710 
10708 2235 2367 1138 3000 
10709 1341 1575 674 369 
10710 2764 2841 2566 2878 
10711 1109 1193 1174 2834 
10712 2241 1317 456 2885 
10713 2616 2715 2516 2778 
10714 1984 1347 857 2988 
10715 2239 1317 2885 2986 
10716 446 1084 2751 2812 
10717 1632 964 292 2152 
10718 1942 2334 16 2942 
10719 192 2698 1483 2874 
10720 2352 2351 493 2637 
10721 1782 361 1462 2754 
10722 1565 1126 667 2591 
10723 576 1291 1148 2985 
10724 1425 1424 610 2798 
10725 2349 2348 2616 2778 
10726 2031 2753 45 2864 
10727 2189 1102 1103 2802 
10728 2709 2557 2988 2989 
10729 528 1358 2894 2987 
10730 381 2700 1145 2864 
10731 38 883 2222 2753 
10732 464 944 680 2953 
10733 1968 848 1969 2855 
10734 2338 2816 2339 2957 
10735 1570 1568 1557 2973 
10736 963 2140 960 2923 
10737 1469 1936 1935 2862 
10738 1337 622 1584 2782 
10739 1649 304 323 2824 
10740 1180 1236 2380 2800 
10741 966 210 629 2981 
10742 1845 387 2494 2993 
10743 1595 1594 1596 2984 
10744 108 1701 759 1524 
10745 954 2975 951 2984 
10746 606 1421 192 2874 
10747 1058 2339 2338 2816 
10748 1671 313 702 2654 
10749 1431 616 172 2868 
10750 2352 1148 2351 2985 
10751 1927 2397 2422 2739 
10752 2312 1294 1778 2700 
10753 711 1430 614 2854 
10754 750 751 953 2547 
10755 786 436 2937 2989 
10756 1654 331 847 698 
10757 2362 2282 769 2809 
10758 2433 1305 1306 2826 
10759 1639 1640 1605 2753 
10760 759 328 2586 2891 
10761 1908 2587 2356 2845 
10762 819 820 348 2960 
10763 266 1580 1578 2956 
10764 1996 1477 862 2795 
10765 990 2563 1783 2837 
10766 1885 1041 2104 2946 
10767 1247 2277 1064 2743 
10768 1740 346 1755 2977 
10769 1996 862 286 2795 
10770 2332 2314 1199 2955 
10771 857 856 1984 2988 
10772 2281 1702 329 2838 
10773 270 1572 2953 2992 
10774 116 527 1092 2765 
10775 2264 1059 510 2816 
10776 2189 1458 1102 2802 
10777 760 1547 1423 2941 
10778 949 1717 467 2893 
10779 660 759 2586 2891 
10780 207 388 1886 2907 
10781 952 472 37 2547 
10782 1705 596 2867 2897 
10783 1157 2312 2311 2700 
10784 768 775 39 2631 
10785 1787 793 933 2591 
10786 1701 108 759 2586 
10787 2050 2051 66 2763 
10788 1197 2822 490 2823 
10789 124 839 423 2979 
10790 1011 2603 2026 2853 
10791 1540 1841 105 2925 
10792 3 1543 1957 2863 
10793 936 2099 262 2913 
10794 1285 2448 2447 2828 
10795 769 1108 2106 2809 
10796 924 1274 2084 2612 
10797 1274 2082 1275 2535 
10798 2763 2832 3 2863 
10799 2239 2885 2088 2986 
10800 1932 2587 825 2805 
10801 389 1364 208 2856 
10802 363 2295 525 2917 
10803 970 1025 1026 2904 
10804 765 1805 91 2978 
10805 1822 819 2631 2960 
10806 2422 1251 1056 2991 
10807 1183 1070 2631 2882 
10808 993 924 925 2798 
10809 20 1950 237 2925 
10810 2047 2783 901 2824 
10811 1660 989 80 2791 
10812 2166 1861 2319 2945 
10813 1771 1868 1941 2841 
10814 2022 2104 1041 2946 
10815 2495 586 2490 2964 
10816 699 1883 1047 2966 
10817 755 1330 1774 2686 
10818 1098 1536 246 2927 
10819 488 2177 2424 2798 
10820 1104 2766 2301 2840 
10821 1733 827 410 2842 
10822 2395 1298 2195 2727 
10823 2416 1235 2289 3003 
10824 2130 2262 1139 2881 
10825 2279 445 1096 2810 
10826 1776 1981 1777 2710 
10827 1868 1866 1941 2841 
10828 2032 45 2031 2753 
10829 807 1012 958 2630 
10830 356 2096 2178 2712 
10831 1705 2867 2690 2897 
10832 1425 2612 515 2798 
10833 660 759 1551 2586 
10834 1753 2546 1755 2977 
10835 844 1921 1221 2906 
10836 1234 2933 2418 2968 
10837 2458 2312 1295 2864 
10838 412 954 1033 2975 
10839 2417 2730 1233 2968 
10840 2567 2840 2766 2902 
10841 1166 934 152 2703 
10842 1913 1638 482 2940 
10843 1137 2134 738 2994 
10844 2032 1639 45 2753 
10845 1708 2796 110 2903 
10846 1548 328 1545 2891 
10847 635 592 216 2943 
10848 1831 1830 415 2859 
10849 907 2711 1667 2846 
10850 780 1846 705 2878 
10851 1980 1136 1978 2715 
10852 1732 2603 1777 2710 
10853 187 1415 1357 2603 
10854 490 1000 1136 2823 
10855 1234 1235 565 2933 
10856 66 824 1924 3003 
10857 938 1965 1917 2931 
10858 1183 2636 497 2882 
10859 1453 490 2305 2981 
10860 86 309 2266 2773 
10861 2414 346 1750 2977 
10862 2353 2473 2842 2977 
10863 1775 1777 1732 2603 
10864 543 1179 2378 2767 
10865 2275 433 2689 2816 
10866 1818 779 922 2801 
10867 119 2610 829 2624 
10868 696 296 679 2954 
10869 1911 829 1839 2624 
10870 1444 2249 1719 2840 
10871 781 1876 14 2891 
10872 632 79 1682 2773 
10873 2126 1083 1082 2909 
10874 2318 2441 1178 2711 
10875 306 95 1280 1720 
10876 1683 1523 198 2608 
10877 765 1354 1698 2978 
10878 1166 546 934 2703 
10879 2401 2385 2346 2700 
10880 2493 30 1651 1534 
10881 2285 1356 2753 2864 
10882 601 1245 1244 2644 
10883 2055 2610 1925 2799 
10884 2040 2765 828 2862 
10885 634 2185 2781 2824 
10886 497 521 1183 2882 
10887 483 2159 304 2824 
10888 493 1307 2352 2637 
10889 1290 2689 2383 2788 
10890 1763 1762 1043 2862 
10891 2223 2710 2225 2785 
10892 2842 2685 2985 3000 
10893 2197 1087 2358 2727 
10894 1656 1360 641 2880 
10895 270 464 680 2953 
10896 1961 1548 1283 2891 
10897 2405 561 402 2783 
10898 1529 2608 1543 2863 
10899 481 2557 2317 2989 
10900 490 2822 2305 2981 
10901 1877 2595 1876 2891 
10902 2026 275 882 2603 
10903 58 1792 1889 2819 
10904 855 2715 1979 2778 
10905 1748 2413 351 2842 
10906 925 104 2177 2612 
10907 1022 2654 1671 2810 
10908 1573 1439 34 2762 
10909 547 491 2373 2939 
10910 903 2832 2763 2863 
10911 1444 1042 2249 2840 
10912 2423 78 2342 2603 
10913 1011 1597 2026 2603 
10914 658 931 1032 2905 
10915 1032 1031 224 2905 
10916 1137 1259 2134 2994 
10917 1708 1204 110 2796 
10918 2126 951 2909 2984 
10919 2160 403 402 2783 
10920 612 1426 2186 2852 
10921 1161 1342 530 2846 
10922 1604 1640 38 2753 
10923 1121 172 1282 2868 
10924 1473 1474 358 2967 
10925 325 1686 422 2824 
10926 765 359 1354 2978 
10927 515 2711 155 2798 
10928 1666 1255 2773 2857 
10929 1858 1293 1125 2938 
10930 2282 2809 2362 2976 
10931 4 714 652 2608 
10932 410 2685 2842 3000 
10933 951 412 2909 2975 
10934 601 1244 1977 2644 
10935 425 2227 499 2793 
10936 2160 402 68 2783 
10937 213 768 39 2631 
10938 999 900 2783 2824 
10939 330 1204 1708 2796 
10940 1755 2546 827 2977 
10941 1743 349 2146 2631 
10942 1613 1010 40 2795 
10943 1073 2052 1496 2832 
10944 672 1576 8 2762 
10945 988 2719 86 2773 
10946 2151 1176 1908 2587 
10947 1733 1740 827 2842 
10948 2051 902 450 2763 
10949 924 2084 925 2612 
10950 1251 1134 2421 2990 
10951 1336 2328 2070 2791 
10952 2429 2300 569 2802 
10953 1913 482 1583 2940 
10954 1991 1033 954 2975 
10955 2032 883 38 2753 
10956 1605 2753 133 2864 
10957 106 2783 2072 2791 
10958 1391 635 216 2943 
10959 402 1865 2405 2783 
10960 963 2141 2140 2923 
10961 2088 2886 2238 2986 
10962 2417 1233 2418 2968 
10963 2358 2637 493 2727 
10964 363 525 1086 2917 
10965 1115 435 2224 2785 
10966 1982 2407 2132 2778 
10967 1676 1243 488 2798 
10968 2314 2332 1134 2955 
10969 648 1515 1422 2854 
10970 92 358 1474 2967 
10971 2237 2108 505 2907 
10972 1015 2937 436 2989 
10973 1598 685 1600 2830 
10974 1316 1712 1588 2871 
10975 2383 1290 1237 2689 
10976 409 1928 1196 2844 
10977 538 1143 1142 2785 
10978 381 2312 2700 2864 
10979 2317 2557 2157 2989 
10980 855 854 2715 2785 
10981 1148 541 2344 2685 
10982 992 925 2177 2798 
10983 1941 1866 982 2841 
10984 1358 1107 528 2894 
10985 1036 2235 1933 2950 
10986 2402 1210 344 2685 
10987 21 2698 772 2874 
10988 606 1419 1421 2874 
10989 268 269 199 2643 
10990 2129 1484 1483 2698 
10991 2149 1290 2400 2788 
10992 1038 2938 2110 2998 
10993 1183 521 1070 2882 
10994 1990 1595 1596 2984 
10995 2149 479 283 2788 
10996 1283 1548 1962 2891 
10997 1041 6 1214 2804 
10998 1096 517 2279 2810 
10999 2447 2448 500 2828 
11000 619 1201 1434 2947 
11001 2397 2398 2363 2972 
11002 2328 2073 918 2791 
11003 2616 2859 2549 2975 
11004 2483 1379 582 2808 
11005 84 548 2846 2857 
11006 524 1079 2292 2888 
11007 490 1453 1000 2981 
11008 2422 2739 2397 2991 
11009 992 2711 993 2798 
11010 286 1010 1613 2795 
11011 2318 2711 1178 2846 
11012 57 991 237 2925 
11013 669 620 340 621 
11014 349 2146 2631 2698 
11015 2415 190 212 2977 
11016 129 2484 2499 2808 
11017 1040 981 224 2831 
11018 865 866 2003 2805 
11019 270 257 464 2953 
11020 1740 827 2842 2977 
11021 771 1828 1827 2680 
11022 1158 1992 1114 2788 
11023 514 2140 2141 2923 
11024 308 449 2405 2783 
11025 404 1183 1070 2631 
11026 1901 2689 2137 2816 
11027 1812 767 372 2680 
11028 3 1520 1369 2832 
11029 356 1767 2096 2712 
11030 1118 447 2044 2653 
11031 1744 1745 1460 2960 
11032 2263 1139 2262 2881 
11033 372 1943 1033 2975 
11034 2324 2140 514 2923 
11035 1141 2631 2130 2960 
11036 194 1559 665 2995 
11037 2414 1750 564 2977 
11038 2046 899 448 2824 
11039 1359 1980 2715 2823 
11040 769 2106 1767 2809 
11041 2212 168 589 2857 
11042 1961 1283 2586 2891 
11043 2110 383 946 2998 
11044 257 270 1572 2953 
11045 1300 2423 2316 2853 
11046 1812 1828 771 2680 
11047 2026 882 1738 2853 
11048 629 1453 1068 2981 
11049 198 615 1683 2608 
11050 1841 2063 105 2925 
11051 1802 1575 670 850 
11052 2546 2842 827 2977 
11053 86 2719 989 2791 
11054 925 2612 2177 2798 
11055 2040 1169 2765 2862 
11056 2466 1299 1318 2735 
11057 946 2114 2110 2998 
11058 2195 2440 2395 2727 
11059 323 325 1649 2824 
11060 2400 479 2149 2788 
11061 1083 2126 951 2909 
11062 1356 956 2285 2753 
11063 2026 2603 882 2853 
11064 1301 499 2227 2793 
11065 2534 2943 2813 2978 
11066 759 328 1701 2586 
11067 80 449 308 2783 
11068 1419 606 10 2874 
11069 1780 81 2773 2857 
11070 1321 2276 2468 2839 
11071 895 2042 613 1491 
11072 844 1221 1963 2906 
11073 781 782 1877 2891 
11074 2273 1174 1155 2689 
11075 1740 1755 827 2977 
11076 1744 1460 279 2960 
11077 300 1647 1646 2837 
11078 1233 1234 2418 2968 
11079 2859 2923 2549 2975 
11080 1841 1842 20 2925 
11081 1189 543 2257 2767 
11082 2052 65 1496 2832 
11083 2418 1246 2417 2968 
11084 854 2225 2710 2785 
11085 2283 1126 2591 2703 
11086 1705 596 725 2867 
11087 450 902 903 2763 
11088 1419 1062 1421 2874 
11089 1194 2432 570 3002 
11090 1962 1548 248 2891 
11091 237 647 20 2925 
11092 1555 662 1375 2751 
11093 895 634 633 2781 
11094 1022 1671 2279 2810 
11095 539 2753 2343 2994 
11096 2161 2160 68 2783 
11097 1474 841 92 2967 
11098 631 1102 1458 2802 
11099 348 1918 2631 2960 
11100 2391 2392 1074 2880 
11101 307 1360 1656 2880 
11102 1162 1200 1874 2976 
11103 2429 1192 2300 2870 
11104 522 2286 1177 2805 
11105 951 954 412 2975 
11106 668 1126 636 2703 
11107 1556 1570 1557 2973 
11108 1176 2587 2151 2805 
11109 847 331 30 698 
11110 2131 1421 1062 2874 
11111 2349 2616 2347 2778 
11112 544 2282 2362 2976 
11113 17 1210 2402 2685 
11114 2049 1910 645 2854 
11115 410 1138 2685 3000 
11116 2549 2975 2923 2984 
11117 1200 743 1874 2976 
11118 2124 1036 1933 2950 
11119 1059 77 1260 2816 
11120 2276 1063 574 2839 
11121 2341 2338 2339 2957 
11122 2030 2027 441 2923 
11123 1260 2339 1059 2816 
11124 119 824 407 2540 
11125 2384 2400 1290 2788 
11126 471 2644 1036 2950 
11127 104 925 2084 2612 
11128 399 1745 1744 2960 
11129 1431 172 1121 2868 
11130 1280 563 306 1720 
11131 981 1489 224 2905 
11132 1725 177 947 597 
11133 2126 1595 951 2984 
11134 2130 2631 2262 2881 
11135 2214 496 2403 2951 
11136 1525 652 1524 2608 
11137 2526 2811 2705 2998 
11138 1424 515 155 2798 
11139 1200 1162 2362 2976 
11140 1177 2587 1176 2805 
11141 403 1865 402 2783 
11142 1132 2322 2249 2840 
11143 450 2052 1073 2832 
11144 2284 1138 2367 3000 
11145 5 1548 1961 2586 
11146 1877 1876 781 2891 
11147 2316 2317 481 2557 
11148 2328 918 2070 2791 
11149 1356 133 956 2753 
11150 1356 133 2753 2864 
11151 1514 197 198 2854 
11152 1662 790 700 2863 
11153 1879 1880 2093 2949 
11154 2158 1904 811 2989 
11155 4 1529 714 2608 
11156 991 990 236 2925 
11157 1721 94 563 1720 
11158 2413 1748 2685 2842 
11159 304 324 323 2824 
11160 1541 4 1525 2608 
11161 989 2719 80 2791 
11162 582 1379 1380 2808 
11163 2071 422 651 2783 
11164 538 2710 1143 2785 
11165 2254 1809 1052 2959 
11166 1321 2468 2716 2839 
11167 1540 1842 1841 2925 
11168 1107 1781 749 2894 
11169 615 198 197 2854 
11170 1062 1105 2131 2874 
11171 2129 1483 192 2698 
11172 1953 1647 300 2837 
11173 2473 2449 2842 2977 
11174 410 2235 1138 3000 
11175 2324 514 1147 2923 
11176 1911 119 829 2624 
11177 530 1178 2711 2846 
11178 2288 1075 1493 2880 
11179 2450 191 1286 2977 
11180 819 348 2631 2960 
11181 1990 951 1595 2984 
11182 2339 2816 1260 2957 
11183 471 2125 1898 2950 
11184 2050 902 2051 2763 
11185 1150 812 2356 2845 
11186 2343 576 1148 2994 
11187 1705 1544 1549 2897 
11188 868 604 188 1766 
11189 308 2405 1865 2783 
11190 1169 470 2765 2862 
11191 2418 1247 1246 2968 
11192 346 2414 211 2977 
11193 1181 1245 808 2950 
11194 2492 69 1533 1365 
11195 2401 2384 2385 2788 
11196 421 2048 561 579 
11197 1033 1943 412 2975 
11198 1064 2535 2218 2641 
11199 2093 843 1879 2949 
11200 1783 2313 1106 2837 
11201 153 953 751 2547 
11202 2219 1021 2810 2835 
11203 2042 1429 613 1491 
11204 1701 108 1525 1524 
11205 1461 2631 1141 2960 
11206 1783 990 910 2563 
11207 1439 730 336 2762 
11208 1142 787 2000 2785 
11209 1661 2232 1034 2863 
11210 1729 1973 427 2648 
11211 1379 1378 1380 2808 
11212 1732 1777 355 2710 
11213 1040 2169 981 2831 
11214 956 1259 2285 2753 
11215 2402 344 738 2685 
11216 2254 1052 2253 2959 
11217 1576 259 8 2762 
11218 1064 516 2278 2711 
11219 1145 2700 2452 2864 
11220 2283 636 1126 2703 
11221 1661 374 2232 2863 
11222 214 79 2773 2857 
11223 478 1743 1821 2631 
11224 1627 2753 539 2994 
11225 564 2449 1286 2977 
11226 1719 2249 2322 2840 
11227 2317 2157 481 2989 
11228 1725 1402 177 597 
11229 1042 1104 2301 2840 
11230 850 1436 669 621 
11231 529 2316 2423 2853 
11232 242 2234 1369 2832 
11233 248 2477 2095 1545 
11234 4 652 1525 2608 
11235 1022 2279 517 2810 
11236 1911 2540 119 2624 
11237 2239 2088 2238 2986 
11238 335 199 986 622 
11239 1544 1962 1549 2897 
11240 613 1429 1428 1491 
11241 689 691 1624 2788 
11242 1145 2346 2385 2700 
11243 2320 2166 2319 2945 
11244 421 420 2048 579 
11245 1065 1022 517 2810 
11246 2415 1286 191 2977 
11247 2110 2114 111 2998 
11248 2305 490 1197 2822 
11249 259 1576 258 2762 
11250 1523 1683 1524 2608 
11251 2549 2923 2614 2984 
11252 1034 1662 700 2863 
11253 1137 738 2685 2994 
11254 1258 1827 1929 2680 
11255 1425 515 1424 2798 
11256 503 2108 2237 2907 
11257 809 1408 1899 2950 
11258 989 86 988 2719 
11259 2357 2435 2030 2923 
11260 1369 1520 242 2832 
11261 435 864 2000 2785 
11262 790 1662 1863 2863 
11263 2477 248 43 1545 
11264 983 2030 485 2859 
11265 691 283 479 2788 
11266 2027 2030 2029 2923 
11267 344 1733 2685 2842 
11268 397 1209 2215 2816 
11269 1780 81 214 2773 
11270 2275 2135 2816 2957 
11271 2336 1608 1461 2960 
11272 1909 645 1910 2854 
11273 2055 1799 829 2610 
11274 2128 2263 2262 2881 
11275 700 1661 1034 2863 
11276 214 2773 81 2857 
11277 83 166 2048 420 
11278 237 991 647 2925 
11279 2264 2215 77 2816 
11280 772 21 774 2698 
11281 306 250 294 1654 
11282 2198 483 304 1649 
11283 258 263 256 1571 
11284 2046 2047 900 2824 
11285 159 1462 632 2773 
11286 695 1758 1759 1817 
11287 2197 2358 493 2727 
11288 421 561 68 579 
11289 155 515 2278 2711 
11290 1147 2029 2324 2923 
11291 1827 1258 771 2680 
11292 1065 2219 1021 2810 
11293 397 2215 398 2816 
11294 509 2700 2311 2864 
11295 2384 1290 2383 2788 
11296 2185 1160 633 2781 
11297 2499 1186 129 2808 
11298 2370 1712 1316 2871 
11299 1436 850 339 621 
11300 855 2225 854 2785 
11301 1812 771 767 2680 
11302 1489 1032 224 2905 
11303 449 901 2048 2783 
11304 168 84 167 1665 
11305 2072 2161 1331 2783 
11306 2413 2473 2449 2842 
11307 218 116 1092 2765 
11308 2401 2385 2700 2788 
11309 2093 1880 2330 2949 
11310 1147 2027 2029 2923 
11311 214 79 632 2773 
11312 1021 1022 2810 2835 
11313 420 166 2048 579 
11314 1338 2685 1628 2994 
11315 2311 2700 2312 2864 
11316 214 2212 79 2857 
11317 2278 1667 2054 2711 
11318 847 30 250 698 
11319 215 895 633 2781 
11320 398 2215 2264 2816 
11321 1762 1763 1470 2862 
11322 1762 1470 2716 2862 
11323 2344 2685 692 2994 
11324 1295 285 50 2458 
11325 238 2198 2199 1650 
11326 1725 947 1405 597 
11327 971 403 1865 644 
11328 2422 2397 1251 2991 
11329 991 236 647 2925 
11330 1042 2301 2249 2840 
11331 689 1624 2304 2788 
11332 2224 2223 2225 2785 
11333 2493 1707 245 1534 
11334 1404 7 2248 1403 
11335 155 2278 2054 2711 
11336 1438 1439 34 1573 
11337 632 712 972 2791 
11338 1331 421 2071 2783 
11339 1529 1543 1394 2863 
11340 1157 2700 1156 2788 
11341 901 2783 900 2824 
11342 2459 2700 1157 2788 
11343 214 81 2212 2857 
11344 2264 77 1059 2816 
11345 2047 901 900 2824 
11346 2321 1784 1112 1820 
11347 692 2685 1338 2994 
11348 1707 1535 245 1534 
11349 2273 2274 1173 2957 
11350 2133 2015 871 1855 
11351 538 2355 1241 2785 
11352 1993 1992 1623 1094 
11353 1548 328 720 1545 
11354 2445 675 7 1403 
11355 1022 1065 1021 2810 
11356 1667 2278 516 2711 
11357 1489 658 1032 2905 
11358 1765 1173 2274 2957 
11359 401 1911 1839 2624 
11360 2046 900 2185 2824 
11361 2144 1620 974 1619 
11362 999 2185 900 2824 
11363 691 283 291 479 
11364 847 30 331 2493 
11365 511 23 1664 1832 
11366 663 1377 1375 662 
11367 480 964 1632 2152 
11368 974 973 2144 1619 
11369 964 292 143 1632 
11370 1158 1157 1156 2788 
11371 339 340 1802 1725 
11372 1443 202 1405 1403 
11373 2493 847 30 1534 
11374 84 214 2212 79 
11375 836 1510 79 2212 
11376 895 2042 87 613 
11377 1802 1575 1341 369 
11378 663 2500 1553 1377 
11379 3 1542 501 1369 
11380 401 2050 1924 2049 
11381 4 108 1541 1525 
11382 328 2095 2477 1545 
11383 1877 1876 2478 2460 
11384 200 1437 623 1318 
11385 2118 393 2119 801 
11386 406 46 2033 887 
11387 659 888 1390 743 
11388 1390 1278 743 1874 
11389 2165 998 709 822 
11390 998 1507 975 2165 
11391 611 612 154 2170 
11392 444 445 891 1096 
11393 2290 2327 1120 134 
11394 90 134 523 2290 
11395 891 2056 64 912 
11396 157 2097 1037 1038 
11397 457 2376 2378 507 
11398 1453 1068 1067 2305 
11399 468 943 2377 1039 
11400 1973 1929 1826 1258 
11401 474 1856 1030 382 
11402 415 741 1829 1747 
11403 2158 811 2012 2010 
11404 1995 861 1985 1986 
11405 1802 340 1804 369 
11406 1042 1090 2301 1104 
11407 2129 1141 39 955 
11408 1193 2273 1174 1155 
11409 973 2135 974 2144 
11410 745 163 1292 751 
11411 2273 1193 1174 1109 
11412 1209 2135 2136 2137 
11413 2135 974 55 2136 
11414 1993 1114 1992 1094 
11415 1109 1173 1174 2273 
11416 1623 1625 291 1094 
11417 1295 996 285 1778 
11418 2312 2458 1295 1294 
11419 1273 686 1003 2440 
11420 1641 11 872 1642 
11421 1642 2402 11 738 
11422 600 809 1408 876 
11423 957 1411 809 808 
11424 666 2244 1566 667 
11425 1817 1759 1713 729 
11426 718 1692 719 1690 
11427 840 719 1692 326 
11428 1120 2290 134 1670 
11429 1783 757 1264 362 
11430 1953 104 1645 318 
11431 167 589 1665 1355 
11432 1664 309 23 511 
11433 1951 1504 1511 644 
11434 1832 79 1510 2212 
11435 1659 1504 309 1660 
11436 30 1535 1651 1534 
11437 1553 1186 251 663 
11438 663 251 1554 662 
11439 1377 1553 663 1375 
11440 663 1375 1555 662 
11441 1362 2321 1112 1820 
11442 1303 1801 1784 1786 
11443 2486 1363 1364 1706 
11444 779 1818 922 1363 
11445 1707 331 2493 587 
11446 2227 1558 425 499 
11447 1055 2116 466 2117 
11448 503 1577 60 502 
11449 403 971 712 644 
11450 972 1462 632 159 
11451 612 2055 1426 195 
11452 2050 1910 2049 401 
11453 589 167 1665 168 
11454 2133 1115 1855 2001 
11455 1173 1156 1109 1174 
11456 1710 1709 727 330 
11457 2026 534 2206 2207 
11458 161 1730 1974 2580 
11459 106 2073 2328 2791 
11460 1853 269 409 2844 
11461 1962 1544 658 2897 
11462 16 1083 951 2909 
11463 2208 2209 807 2962 
11464 2209 2618 807 2962 
11465 1053 1054 2298 2986 
11466 787 2000 380 1142 
11467 787 380 2000 864 
11468 1451 672 2762 200 
11469 1451 2762 672 8 
11470 599 2827 678 1407 
11471 678 2827 599 1441 
11472 1822 1745 2960 1460 
11473 2960 1745 1822 819 
11474 1499 2081 1091 593 
11475 368 1559 2752 128 
11476 368 2752 1559 1800 
11477 2842 558 1740 2412 
11478 344 1740 558 2412 
11479 2547 1617 1292 690 
11480 2547 1292 1617 163 
11481 745 1292 1617 690 
11482 745 1617 1292 163 
11483 2818 2837 2641 2563 
11484 2641 2837 2818 2535 
11485 605 2345 1417 131 
11486 1417 2345 605 995 
11487 2345 2346 1417 131 
11488 135 2801 1457 1368 
11489 2588 2801 1457 630 
11490 2588 1457 2801 1368 
11491 2850 2523 2827 2797 
11492 2850 2827 2523 2683 
11493 2089 575 2626 928 
11494 2089 2626 575 2883 
11495 2789 2089 2626 928 
11496 2789 2626 2089 2883 
11497 1532 2089 2789 928 
11498 1532 2789 2089 2883 
11499 2931 175 2941 818 
11500 2931 2941 175 2652 
11501 1613 286 440 1010 
11502 1613 440 286 139 
11503 776 2587 2805 2151 
11504 2805 2587 776 2002 
11505 2805 1329 776 2151 
11506 776 1329 2805 2002 
11507 2136 1993 2689 2137 
11508 2689 1993 2136 433 
11509 2689 2816 2136 2137 
11510 2136 2816 2689 433 
11511 2904 2602 581 1716 
11512 2904 581 2602 2702 
11513 2998 1445 945 948 
11514 2998 945 1445 2811 
11515 421 2161 2783 1331 
11516 421 2783 2161 68 
11517 1691 2591 2245 1764 
11518 993 1178 2711 2176 
11519 2711 1178 993 2441 
11520 200 2762 1438 672 
11521 1438 2762 200 623 
11522 1623 2265 2149 1057 
11523 1623 2149 2265 1625 
11524 1733 738 2685 1137 
11525 1733 2685 738 344 
11526 2516 2942 2774 2520 
11527 2516 2774 2942 2909 
11528 2564 2774 2942 2520 
11529 2564 2942 2774 2909 
11530 2813 2085 1764 1691 
11531 2772 2875 2792 2568 
11532 2792 2875 2772 2520 
11533 2608 721 1530 2586 
11534 2608 1530 721 1541 
11535 2888 1268 2916 1006 
11536 2888 2916 1268 2681 
11537 206 1886 2907 207 
11538 2907 1886 206 2480 
11539 2703 2769 2519 2593 
11540 2519 2769 2703 2591 
11541 2525 2906 2659 2589 
11542 2659 2906 2525 2729 
11543 2812 446 2650 2524 
11544 1154 1250 2680 1136 
11545 1154 2680 1250 1929 
11546 778 2779 130 1387 
11547 2732 2188 2810 2647 
11548 2732 2810 2188 517 
11549 1407 482 2572 893 
11550 1407 2572 482 2954 
11551 2892 1374 2720 1843 
11552 2892 2720 1374 2632 
11553 2865 2877 2555 2513 
11554 2555 2877 2865 2597 
11555 1064 2711 2218 2535 
11556 1064 2218 2711 2278 
11557 515 2218 2711 2535 
11558 515 2711 2218 2278 
11559 2577 2630 1171 2618 
11560 2577 1171 2630 2951 
11561 1060 511 2857 312 
11562 2857 511 1060 1664 
11563 212 1412 2977 190 
11564 2977 1412 212 602 
11565 2775 2504 2834 2676 
11566 2775 2834 2504 2667 
11567 2656 2911 2822 2573 
11568 2822 2911 2656 2599 
11569 2940 2523 2755 2554 
11570 2940 2755 2523 2629 
11571 2512 2965 2665 2675 
11572 2512 2665 2965 2673 
11573 2503 2665 2965 2675 
11574 2503 2965 2665 2673 
11575 1785 1824 2779 1680 
11576 2945 1335 2633 2399 
11577 2945 2633 1335 2469 
11578 2179 2180 2787 994 
11579 2179 2787 2180 1945 
11580 694 610 2798 1425 
11581 2798 610 694 609 
11582 2798 2612 694 1425 
11583 694 2612 2798 609 
11584 90 531 2290 123 
11585 2290 531 90 134 
11586 2181 2787 994 2182 
11587 994 2787 2181 2180 
11588 2149 1623 1992 1625 
11589 2783 2071 2791 651 
11590 1412 2546 1349 186 
11591 2839 2904 2678 2544 
11592 2678 2904 2839 2716 
11593 2678 2844 2839 2544 
11594 2839 2844 2678 2716 
11595 1637 625 1726 177 
11596 1637 1726 625 203 
11597 2669 103 2789 753 
11598 2669 2789 103 2649 
11599 2945 354 2633 763 
11600 2945 2633 354 2613 
11601 1277 2633 354 763 
11602 1277 354 2633 2613 
11603 1418 2457 438 874 
11604 2854 1430 2674 2624 
11605 2854 2674 1430 614 
11606 388 2702 9 1886 
11607 2808 1378 1381 1379 
11608 1381 2502 2808 1379 
11609 2808 2502 1381 2649 
11610 223 2854 1512 905 
11611 2921 2736 2770 2605 
11612 2921 2770 2736 2550 
11613 1051 2840 337 1636 
11614 337 2840 1051 732 
11615 877 2566 1508 240 
11616 2911 2580 2599 2822 
11617 2911 2599 2580 2890 
11618 2823 2599 2580 2822 
11619 2823 2580 2599 2890 
11620 2898 1501 1502 643 
11621 2898 1502 1501 2734 
11622 1944 413 2886 1017 
11623 1944 2886 413 2732 
11624 2591 1773 2978 2331 
11625 2591 2978 1773 2534 
11626 2688 2736 2722 2529 
11627 2722 2736 2688 2582 
11628 1064 1021 2835 2218 
11629 2835 2641 1064 2218 
11630 1064 2641 2835 2968 
11631 2344 2994 539 2343 
11632 2732 2062 706 315 
11633 2612 2424 1677 2177 
11634 2459 1158 2788 1157 
11635 2698 1339 492 2634 
11636 2908 2672 2565 2562 
11637 2908 2565 2672 2532 
11638 1122 2240 125 504 
11639 2489 1366 2653 585 
11640 2489 2653 1366 2065 
11641 690 1765 1620 1619 
11642 690 1620 1765 1621 
11643 1907 1906 2845 1044 
11644 2845 1906 1907 1905 
11645 2331 1126 2591 2283 
11646 2782 798 2737 2594 
11647 2782 2737 798 799 
11648 2646 2737 798 2594 
11649 2646 798 2737 799 
11650 2077 2079 2801 921 
11651 2077 2801 2079 1371 
11652 1375 59 2751 1376 
11653 1375 2751 59 1555 
11654 2637 2684 1833 2360 
11655 220 2688 2754 637 
11656 2754 2688 220 2646 
11657 1442 1885 2565 1884 
11658 1442 2565 1885 2946 
11659 756 360 2706 2585 
11660 354 2819 1761 58 
11661 354 1761 2819 2613 
11662 1248 1761 2819 58 
11663 1248 2819 1761 2613 
11664 2833 2924 1165 2663 
11665 2833 1165 2924 2881 
11666 114 1165 2924 2663 
11667 114 2924 1165 2881 
11668 670 669 2992 1802 
11669 670 2992 669 671 
11670 1804 670 2992 1802 
11671 369 670 1804 1802 
11672 2796 1923 72 120 
11673 2796 72 1923 2576 
11674 1516 2624 650 711 
11675 650 2624 1516 25 
11676 1115 2014 2133 1855 
11677 2706 2297 617 756 
11678 2706 617 2297 1088 
11679 2811 852 2579 2526 
11680 2811 2579 852 428 
11681 2888 2439 2916 2714 
11682 2888 2916 2439 1006 
11683 2661 338 2992 1723 
11684 2661 2992 338 1341 
11685 369 2992 338 1723 
11686 369 338 2992 1341 
11687 2817 1324 2869 2704 
11688 2817 2869 1324 2438 
11689 58 2917 2663 1086 
11690 2663 2917 58 2819 
11691 2663 1248 58 1086 
11692 58 1248 2663 2819 
11693 2924 2963 2613 2508 
11694 2613 2963 2924 2663 
11695 1064 1246 2835 1021 
11696 1064 2835 1246 2968 
11697 2219 2835 1246 1021 
11698 2219 1246 2835 2968 
11699 2993 69 1372 2622 
11700 2919 1398 2604 656 
11701 2919 2604 1398 2728 
11702 2945 354 1889 2819 
11703 2945 1889 354 763 
11704 2881 1796 82 2833 
11705 2881 82 1796 2263 
11706 2229 2181 2758 115 
11707 2229 2758 2181 1216 
11708 2914 2543 2536 2687 
11709 2914 2536 2543 2760 
11710 690 1619 745 1765 
11711 974 1619 745 973 
11712 1930 1607 2805 2292 
11713 1930 2805 1607 1631 
11714 2847 2912 2771 2504 
11715 2771 2912 2847 2619 
11716 2997 2865 2740 2513 
11717 2997 2740 2865 2552 
11718 2953 679 2655 944 
11719 2953 2655 679 2954 
11720 2948 2723 2675 2584 
11721 2948 2675 2723 2619 
11722 2714 1291 2454 2682 
11723 2714 2454 1291 2455 
11724 1116 415 2859 2323 
11725 1116 2859 415 1830 
11726 59 2065 2653 2489 
11727 2899 2959 2958 2526 
11728 2958 2959 2899 2657 
11729 150 2612 609 1677 
11730 1630 693 2587 1629 
11731 2586 981 2897 1283 
11732 2586 2897 981 2740 
11733 417 823 2729 832 
11734 2729 823 417 93 
11735 2742 537 1915 2340 
11736 2742 1915 537 2625 
11737 1319 1115 2133 2132 
11738 1319 2133 1115 2014 
11739 2973 2533 2607 2611 
11740 2732 154 2170 444 
11741 2732 2170 154 2647 
11742 2906 2021 2729 823 
11743 2906 2729 2021 2606 
11744 1926 2799 2187 1925 
11745 2187 2799 1926 2677 
11746 2802 569 2570 1322 
11747 2802 2570 569 2699 
11748 2310 2570 569 1322 
11749 322 310 2608 158 
11750 322 2608 310 1836 
11751 1561 2932 2672 1435 
11752 2672 2932 1561 2565 
11753 2600 1685 2824 716 
11754 2600 2824 1685 2781 
11755 2780 2858 2919 2531 
11756 2919 2858 2780 2620 
11757 640 2684 890 1486 
11758 2853 1739 2989 18 
11759 2853 2989 1739 861 
11760 1994 2989 1739 18 
11761 1994 1739 2989 861 
11762 2747 534 2633 1240 
11763 2747 2633 534 2686 
11764 2232 1035 1542 501 
11765 2232 1542 1035 1034 
11766 2846 451 1352 1353 
11767 1352 451 2846 2053 
11768 1459 2766 2567 1089 
11769 2567 2766 1459 2583 
11770 2567 2802 1459 1089 
11771 1459 2802 2567 2583 
11772 420 83 1650 422 
11773 2577 2372 1915 2551 
11774 2577 1915 2372 1249 
11775 1472 1471 2871 430 
11776 2844 502 268 2268 
11777 2844 268 502 2643 
11778 2842 2412 2977 1750 
11779 2842 2977 2412 1740 
11780 346 2977 2412 1750 
11781 346 2412 2977 1740 
11782 642 1075 1493 230 
11783 2703 2272 2871 513 
11784 2818 2978 1773 754 
11785 1773 2978 2818 2534 
11786 981 2586 2961 2169 
11787 981 2961 2586 2740 
11788 2964 164 2801 2490 
11789 2964 2801 164 2734 
11790 1500 849 2705 1857 
11791 2705 849 1500 2811 
11792 2947 462 2718 2111 
11793 2947 2718 462 2756 
11794 2112 2718 462 2111 
11795 2112 462 2718 2756 
11796 2265 1623 2689 1057 
11797 2964 1370 2622 586 
11798 2964 2622 1370 2801 
11799 1026 2270 2904 1024 
11800 1026 2904 2270 2716 
11801 2678 2904 2270 1024 
11802 2678 2270 2904 2716 
11803 2883 1531 654 2733 
11804 2883 654 1531 244 
11805 2566 835 418 384 
11806 2566 418 835 1508 
11807 20 1681 2925 1842 
11808 20 2925 1681 419 
11809 2606 2938 2097 2635 
11810 2844 3001 2983 2668 
11811 2983 3001 2844 2643 
11812 517 2732 154 2188 
11813 2824 716 325 715 
11814 2824 325 716 1685 
11815 2602 2793 162 2464 
11816 2997 2525 2784 2934 
11817 2997 2784 2525 2659 
11818 2691 556 2564 371 
11819 2185 146 2719 999 
11820 2719 2824 2185 999 
11821 2185 2824 2719 2781 
11822 1932 2143 2587 1630 
11823 2814 1072 2706 1279 
11824 2814 2706 1072 2560 
11825 498 1072 2706 2560 
11826 2764 832 2021 878 
11827 2764 2021 832 2729 
11828 961 960 2859 860 
11829 2859 960 961 962 
11830 2878 705 1508 240 
11831 1764 1633 2591 2245 
11832 2591 1633 1764 301 
11833 1549 596 2595 176 
11834 1549 2595 596 2897 
11835 1482 1413 2603 603 
11836 2603 1413 1482 347 
11837 2963 2615 2761 2554 
11838 2963 2761 2615 2815 
11839 2859 2616 1747 1829 
11840 2859 1747 2616 1146 
11841 741 1747 2616 1829 
11842 2811 468 2579 428 
11843 2811 2579 468 2121 
11844 1591 2579 468 428 
11845 1591 468 2579 2121 
11846 2799 2066 320 144 
11847 2624 25 1016 223 
11848 2883 1213 2023 2404 
11849 2883 2023 1213 2621 
11850 2874 683 2830 276 
11851 2756 1130 2718 2112 
11852 2756 2718 1130 2627 
11853 2909 2242 1309 2243 
11854 2681 2875 2587 1170 
11855 2681 2587 2875 2564 
11856 1897 2587 2875 1170 
11857 1897 2875 2587 2564 
11858 2651 337 2893 1113 
11859 2651 2893 337 49 
11860 2796 2893 337 1113 
11861 2796 337 2893 49 
11862 2669 1271 2872 2649 
11863 2669 2872 1271 1272 
11864 2746 2626 1455 455 
11865 2746 1455 2626 2836 
11866 1454 1455 2626 455 
11867 1454 2626 1455 2836 
11868 2930 2713 2240 791 
11869 2240 2713 2930 2885 
11870 2240 1875 2930 791 
11871 2930 1875 2240 2885 
11872 1340 2939 2372 2373 
11873 2372 2939 1340 2634 
11874 889 2035 2684 2036 
11875 2684 2035 889 101 
11876 752 2967 2841 1770 
11877 2841 2967 752 2764 
11878 2912 2820 2723 2598 
11879 2912 2723 2820 2619 
11880 2769 546 1323 2593 
11881 2769 1323 546 2408 
11882 2966 1965 2592 1851 
11883 2966 2592 1965 2931 
11884 1849 2592 1965 1851 
11885 1849 1965 2592 2931 
11886 369 674 670 1575 
11887 2647 88 1940 1226 
11888 2647 1940 88 912 
11889 690 1292 1765 745 
11890 690 1765 1292 2742 
11891 2826 2962 2862 2618 
11892 2862 2962 2826 2678 
11893 1365 584 1533 2492 
11894 1365 1533 584 2486 
11895 2855 742 255 1968 
11896 2855 255 742 2790 
11897 1051 337 1289 391 
11898 1721 1289 337 391 
11899 2644 13 1592 272 
11900 2889 1075 1073 1074 
11901 2889 1073 1075 26 
11902 2965 2847 2675 2512 
11903 2965 2675 2847 2640 
11904 2827 201 1440 2672 
11905 2827 1440 201 624 
11906 2718 1130 1129 465 
11907 2718 1129 1130 2627 
11908 2774 2286 2587 2434 
11909 2774 2587 2286 2681 
11910 2633 2686 1861 1111 
11911 1330 1861 755 2469 
11912 2823 2542 1359 2633 
11913 2823 1359 2542 2715 
11914 479 283 1625 2149 
11915 479 1625 283 291 
11916 1094 1625 283 2149 
11917 1094 283 1625 291 
11918 930 2868 226 616 
11919 226 2868 930 2794 
11920 1060 2857 1665 1669 
11921 1111 2945 2319 1861 
11922 473 303 2547 277 
11923 473 2547 303 37 
11924 2837 1772 657 2563 
11925 2837 657 1772 2083 
11926 2292 2888 1632 1607 
11927 391 1912 1709 1280 
11928 1709 1912 391 814 
11929 2941 2692 1546 2752 
11930 1790 1546 2692 2752 
11931 1873 2935 716 385 
11932 1685 716 2935 385 
11933 1685 2935 716 2600 
11934 399 2470 2960 1744 
11935 399 2960 2470 126 
11936 2650 53 228 2037 
11937 2963 2917 2819 2558 
11938 2963 2819 2917 2663 
11939 2644 853 2806 1977 
11940 895 1491 2650 2042 
11941 895 2650 1491 2781 
11942 2017 2688 335 986 
11943 2017 335 2688 2790 
11944 622 335 2688 986 
11945 622 2688 335 2790 
11946 2747 2542 2686 2557 
11947 2747 2686 2542 2633 
11948 1448 2830 2874 683 
11949 2874 2830 1448 2570 
11950 984 2178 179 2119 
11951 162 2652 2602 608 
11952 2602 2652 162 2793 
11953 2784 2969 2918 2664 
11954 2918 2969 2784 2525 
11955 2777 29 1345 1806 
11956 2777 1345 29 2754 
11957 947 178 177 625 
11958 177 178 947 597 
11959 1658 2855 1970 61 
11960 1970 2855 1658 2702 
11961 690 2163 1617 745 
11962 2959 2420 2817 2253 
11963 2959 2817 2420 2875 
11964 2786 1671 1022 2654 
11965 2786 1022 1671 2217 
11966 2586 1551 108 759 
11967 1524 108 1551 759 
11968 965 1752 2790 1751 
11969 2790 1752 965 742 
11970 2547 527 1292 153 
11971 2703 1760 2871 2272 
11972 2703 2871 1760 851 
11973 1586 2871 1760 2272 
11974 1586 1760 2871 851 
11975 2608 1543 1957 1530 
11976 2608 1957 1543 2863 
11977 357 2915 797 2646 
11978 357 797 2915 1782 
11979 1495 1496 642 230 
11980 1495 642 1496 1494 
11981 26 642 1073 230 
11982 26 1073 642 1494 
11983 642 1496 1073 230 
11984 642 1073 1496 1494 
11985 151 2015 2778 2348 
11986 527 2547 2765 116 
11987 527 2765 2547 2742 
11988 2853 2988 861 1986 
11989 861 2988 2853 2557 
11990 2941 1790 1546 2692 
11991 2941 1546 1790 1547 
11992 1665 1669 1355 2481 
11993 1665 1355 1669 167 
11994 580 1355 1669 2481 
11995 580 1669 1355 167 
11996 979 2564 1987 484 
11997 1987 2564 979 980 
11998 2078 69 2486 1363 
11999 2486 69 2078 1365 
12000 962 2140 2923 960 
12001 2923 2140 962 1116 
12002 2774 1268 2916 2681 
12003 2774 2916 1268 1269 
12004 1897 2691 371 2255 
12005 371 1808 1897 2255 
12006 1897 1808 371 805 
12007 228 1491 2650 2037 
12008 2778 2616 350 151 
12009 1746 350 2616 151 
12010 2947 1203 2731 619 
12011 2947 2731 1203 2672 
12012 1435 2731 1203 619 
12013 1435 1203 2731 2672 
12014 2783 1865 2791 971 
12015 2783 2791 1865 308 
12016 1659 1865 2791 308 
12017 2894 798 2646 749 
12018 2894 2646 798 2594 
12019 669 2992 257 1572 
12020 257 2992 669 340 
12021 2905 2961 2555 2831 
12022 2555 2961 2905 2740 
12023 2048 2405 2783 561 
12024 2783 2405 2048 449 
12025 1612 1639 2864 45 
12026 2753 2864 1639 45 
12027 2753 1639 2864 1605 
12028 2976 888 2624 2674 
12029 2976 2624 888 1390 
12030 3003 1078 824 2851 
12031 3003 824 1078 2289 
12032 2624 453 25 591 
12033 2624 25 453 1016 
12034 473 2547 2446 682 
12035 2446 2547 473 472 
12036 2712 2674 1756 659 
12037 2958 2409 1189 1152 
12038 1189 2409 2958 2767 
12039 1189 543 2958 1152 
12040 2958 543 1189 2767 
12041 2769 2706 2724 2393 
12042 495 2706 2724 2585 
12043 495 2724 2706 2393 
12044 2852 154 612 2170 
12045 2852 612 154 2188 
12046 2717 2849 2558 2662 
12047 2558 2849 2717 2607 
12048 2680 2190 372 1812 
12049 2680 372 2190 2975 
12050 2973 2679 2607 2533 
12051 2973 2607 2679 2690 
12052 2967 1217 2708 2732 
12053 2967 2708 1217 107 
12054 1687 2708 1217 2732 
12055 1687 1217 2708 107 
12056 953 116 2547 153 
12057 1408 1899 876 809 
12058 2806 184 2644 2236 
12059 2806 2644 184 1592 
12060 13 2644 184 2236 
12061 13 184 2644 1592 
12062 2781 613 1491 895 
12063 2781 1491 613 1428 
12064 523 1679 2560 1673 
12065 523 2560 1679 239 
12066 96 2907 2442 1276 
12067 96 2442 2907 2839 
12068 574 2442 2907 1276 
12069 574 2907 2442 2839 
12070 2853 98 628 1449 
12071 2853 628 98 1737 
12072 2686 2853 2747 2557 
12073 2686 2747 2853 2207 
12074 431 2747 2853 2557 
12075 431 2853 2747 2207 
12076 245 587 1533 70 
12077 245 1533 587 2492 
12078 584 1533 587 70 
12079 584 587 1533 2492 
12080 1350 2116 2839 1351 
12081 1350 2839 2116 1055 
12082 2742 1292 527 2274 
12083 2742 527 1292 2547 
12084 644 1951 2791 712 
12085 644 2791 1951 1659 
12086 3004 595 1395 594 
12087 3004 1395 595 2728 
12088 2874 2830 1816 62 
12089 2874 1816 2830 2570 
12090 2697 2261 1099 1100 
12091 2697 1099 2261 179 
12092 562 1812 2680 1828 
12093 562 2680 1812 2190 
12094 2955 2987 528 2894 
12095 528 2987 2955 2768 
12096 2248 202 675 1051 
12097 1053 2559 2378 507 
12098 1053 2378 2559 2767 
12099 457 2378 2559 507 
12100 457 2559 2378 2767 
12101 369 2992 670 671 
12102 670 2992 369 1804 
12103 2579 804 2121 1891 
12104 1590 2121 804 1891 
12105 1016 2624 233 453 
12106 233 2624 1016 813 
12107 2465 2635 533 157 
12108 533 2635 2465 427 
12109 34 1571 256 263 
12110 256 1571 34 1341 
12111 256 674 34 263 
12112 34 674 256 1341 
12113 1349 2546 2035 443 
12114 141 1615 2547 1614 
12115 2547 1615 141 740 
12116 238 483 2824 2 
12117 2824 483 238 2198 
12118 2824 1650 238 2 
12119 238 1650 2824 2198 
12120 789 1505 2854 1864 
12121 2854 1505 789 24 
12122 3004 2497 2751 1396 
12123 3004 2751 2497 2701 
12124 827 1755 2950 2546 
12125 827 2950 1755 1933 
12126 2591 1648 697 2080 
12127 2591 697 1648 1195 
12128 2654 2279 702 1671 
12129 2754 1782 2646 109 
12130 2754 2646 1782 2915 
12131 797 2646 1782 109 
12132 797 1782 2646 2915 
12133 12 289 2547 290 
12134 12 2547 289 1603 
12135 2773 1510 1511 23 
12136 2773 1511 1510 836 
12137 2962 414 1223 2787 
12138 2962 1223 414 494 
12139 1656 641 1075 2880 
12140 1075 26 1656 2880 
12141 2909 484 1308 1309 
12142 2909 1308 484 2691 
12143 2868 226 172 2777 
12144 2868 172 226 616 
12145 2591 1817 1634 793 
12146 2591 1634 1817 695 
12147 1849 2790 1700 2722 
12148 1849 1700 2790 1752 
12149 1699 1700 2790 2722 
12150 1699 2790 1700 1752 
12151 2060 2654 134 531 
12152 2706 1779 360 756 
12153 2740 2961 2851 2555 
12154 2740 2851 2961 2553 
12155 2540 2851 2961 2555 
12156 2540 2961 2851 2553 
12157 2868 2773 2719 2536 
12158 2868 2719 2773 2791 
12159 898 896 2751 897 
12160 898 2751 896 446 
12161 1633 2591 695 1634 
12162 695 2591 1633 2244 
12163 2901 2294 2866 1185 
12164 2901 2866 2294 2701 
12165 2387 2866 2294 1185 
12166 2387 2294 2866 2701 
12167 2905 2690 658 931 
12168 2844 2303 1306 2826 
12169 2844 1306 2303 1196 
12170 2841 64 1941 1940 
12171 2732 912 2056 891 
12172 729 2591 152 933 
12173 729 152 2591 2703 
12174 934 152 2591 933 
12175 934 2591 152 2703 
12176 1571 34 258 263 
12177 1571 258 34 2762 
12178 1615 2006 2547 41 
12179 1615 2547 2006 869 
12180 188 42 2710 604 
12181 188 2710 42 2013 
12182 2778 350 2015 151 
12183 26 641 1075 1656 
12184 1075 641 26 642 
12185 850 674 670 1436 
12186 850 670 674 1575 
12187 2813 593 2814 2081 
12188 1439 623 2762 1438 
12189 1439 2762 623 730 
12190 2845 2192 1110 1735 
12191 2845 1110 2192 2587 
12192 2778 871 350 1856 
12193 2778 350 871 2015 
12194 2498 1380 2808 2499 
12195 2498 2808 1380 1378 
12196 2823 1250 2680 2656 
12197 2823 2680 1250 1136 
12198 1243 1242 2798 1675 
12199 2830 476 1919 440 
12200 1814 1919 476 440 
12201 496 76 2951 1938 
12202 496 2951 76 559 
12203 1346 2644 2369 1244 
12204 1346 2369 2644 2806 
12205 1977 2369 2644 1244 
12206 1977 2644 2369 2806 
12207 2844 1853 3001 1852 
12208 2844 3001 1853 2643 
12209 2697 179 2118 2119 
12210 801 2118 179 2119 
12211 1451 2849 8 784 
12212 8 2849 1451 2662 
12213 163 1617 2163 745 
12214 2163 1617 163 1999 
12215 2831 1957 1522 1958 
12216 2831 1522 1957 2763 
12217 1224 1590 2579 2025 
12218 2579 1590 1224 2410 
12219 2874 1834 375 1815 
12220 2874 375 1834 2570 
12221 2715 1828 1154 1979 
12222 2715 1154 1828 2680 
12223 2291 524 2805 2681 
12224 2805 1170 2291 2681 
12225 2953 1635 464 944 
12226 2953 464 1635 2766 
12227 2978 1954 1392 1955 
12228 2645 476 2205 2145 
12229 2645 2205 476 2795 
12230 745 1619 2163 973 
12231 745 2163 1619 690 
12232 2969 2810 2852 2545 
12233 2969 2852 2810 2660 
12234 2610 46 887 2361 
12235 2610 887 46 406 
12236 2856 425 1558 2726 
12237 2284 2994 2926 520 
12238 2926 2994 2284 3000 
12239 2986 2297 2298 2585 
12240 2871 2366 136 2806 
12241 2824 1509 483 2159 
12242 482 2954 1638 296 
12243 1638 2954 482 2940 
12244 2891 660 1550 2586 
12245 2891 1550 660 781 
12246 2978 1698 2591 1354 
12247 2978 2591 1698 2813 
12248 182 1452 2839 96 
12249 2839 1452 182 2117 
12250 1284 1589 182 181 
12251 2779 1326 896 894 
12252 2779 896 1326 1325 
12253 2727 2194 1298 2195 
12254 2727 1298 2194 2637 
12255 444 2732 1096 891 
12256 2878 1332 911 1769 
12257 2878 911 1332 2841 
12258 2152 2888 145 2287 
12259 145 2888 2152 480 
12260 2907 2117 206 1452 
12261 2907 206 2117 1055 
12262 2610 2165 709 320 
12263 651 2824 422 1686 
12264 422 2824 651 2783 
12265 1539 1538 2978 2563 
12266 1539 837 2978 1954 
12267 2978 837 1539 2563 
12268 2909 484 2242 2564 
12269 2909 2242 484 1309 
12270 2994 2343 2682 2753 
12271 2994 2682 2343 576 
12272 2939 375 2698 2570 
12273 2778 871 2133 2015 
12274 2778 2133 871 382 
12275 1512 25 2854 223 
12276 1512 2854 25 1516 
12277 2624 2854 25 223 
12278 2624 25 2854 1516 
12279 2762 1576 34 1573 
12280 2762 34 1576 258 
12281 263 34 1576 1573 
12282 263 1576 34 258 
12283 353 1759 2703 1713 
12284 2703 1759 353 1758 
12285 2484 1361 129 1492 
12286 2288 1361 129 1187 
12287 2400 2401 2788 2384 
12288 2400 2788 2401 1198 
12289 2907 2108 2702 503 
12290 2907 2702 2108 1970 
12291 406 822 2610 405 
12292 2610 822 406 46 
12293 2801 1820 2752 1362 
12294 2801 2752 1820 2588 
12295 770 2779 2041 1326 
12296 770 2041 2779 2650 
12297 894 2041 2779 1326 
12298 894 2779 2041 2650 
12299 1949 2798 1424 155 
12300 1424 2798 1949 834 
12301 200 2762 1318 623 
12302 200 1318 2762 2662 
12303 1299 2762 1318 2662 
12304 2477 248 2595 43 
12305 2477 2595 248 2891 
12306 2959 1798 1151 2958 
12307 2959 1151 1798 1052 
12308 2546 2456 1412 1349 
12309 2906 932 2021 1921 
12310 2906 2021 932 2606 
12311 2858 1214 2621 1213 
12312 2858 2621 1214 2804 
12313 2977 2842 564 2449 
12314 2977 564 2842 1750 
12315 540 1147 2923 2027 
12316 540 2923 1147 514 
12317 2871 2366 408 469 
12318 2871 408 2366 2806 
12319 1334 2765 1934 2039 
12320 1934 2765 1334 2127 
12321 2535 2082 2441 2798 
12322 2441 2082 2535 2987 
12323 2441 2711 2535 2798 
12324 2535 2711 2441 2987 
12325 2856 245 70 587 
12326 146 2773 1254 553 
12327 2779 447 1325 1118 
12328 2779 1325 447 896 
12329 2798 1384 165 834 
12330 2798 165 1384 1675 
12331 2546 602 1754 185 
12332 2546 1754 602 2977 
12333 2591 2244 2245 1633 
12334 2961 1957 2831 1040 
12335 2961 2831 1957 2763 
12336 2211 18 2989 1994 
12337 2849 8 1847 2762 
12338 2849 1847 8 784 
12339 776 2587 56 1629 
12340 2684 2457 2016 874 
12341 1507 452 1506 367 
12342 1507 1506 452 998 
12343 2610 1506 452 367 
12344 2610 452 1506 998 
12345 278 274 2547 277 
12346 278 2547 274 1609 
12347 2778 2133 1319 1320 
12348 2778 1319 2133 2132 
12349 937 31 2713 2100 
12350 937 2713 31 459 
12351 2689 1902 2816 1901 
12352 2689 2816 1902 510 
12353 398 2816 1902 1901 
12354 398 1902 2816 510 
12355 853 601 2644 183 
12356 853 2644 601 1977 
12357 2765 218 2547 1467 
12358 2765 2547 218 116 
12359 952 2547 218 1467 
12360 2987 2641 2768 2535 
12361 2987 2768 2641 2980 
12362 2809 2976 2799 2610 
12363 2809 2799 2976 2282 
12364 1163 2799 2976 2610 
12365 1163 2976 2799 2282 
12366 2840 202 732 1719 
12367 2840 732 202 1051 
12368 1967 676 2907 207 
12369 2907 676 1967 505 
12370 1788 2591 923 1195 
12371 1648 923 2591 1195 
12372 1648 2591 923 2813 
12373 2816 118 2957 2135 
12374 2816 2957 118 2148 
12375 2137 51 2689 1901 
12376 2137 2689 51 1993 
12377 2830 1919 139 440 
12378 2645 2830 139 440 
12379 2795 2645 139 440 
12380 2735 1437 2475 33 
12381 90 239 2560 523 
12382 90 2560 239 1517 
12383 1109 2700 2788 1156 
12384 1109 2788 2700 2834 
12385 1589 36 2716 2155 
12386 1589 2716 36 271 
12387 553 2952 2760 1254 
12388 2760 2952 553 2901 
12389 2760 2773 553 1254 
12390 553 2773 2760 2901 
12391 146 2600 2812 2293 
12392 2812 2600 146 2719 
12393 1607 1632 1273 292 
12394 2307 1101 2937 2709 
12395 2308 2937 1101 2709 
12396 1174 2834 2788 1109 
12397 2788 2834 1174 2689 
12398 55 2135 433 2275 
12399 55 433 2135 2136 
12400 1898 1899 2950 2125 
12401 2857 168 81 2212 
12402 3001 1853 2251 1852 
12403 3001 2251 1853 2782 
12404 2711 2176 992 993 
12405 1814 491 1834 1005 
12406 2830 1834 491 1005 
12407 1630 2002 2587 1932 
12408 2853 2010 140 884 
12409 2853 140 2010 2012 
12410 1549 2891 2897 1962 
12411 2897 2891 1549 2595 
12412 2124 471 2950 2125 
12413 2950 471 2124 1036 
12414 2966 938 1965 1883 
12415 2966 1965 938 2931 
12416 2614 99 1905 1907 
12417 2610 998 405 822 
12418 2610 405 998 1506 
12419 1507 2799 234 975 
12420 234 2799 1507 909 
12421 2844 1305 2826 1306 
12422 2844 2826 1305 2668 
12423 2929 2476 2477 43 
12424 2929 2595 2477 2478 
12425 2477 2595 2929 43 
12426 2781 215 2600 633 
12427 2781 2600 215 2650 
12428 1085 2600 215 633 
12429 1085 215 2600 2650 
12430 2781 196 1428 613 
12431 901 80 2783 449 
12432 2889 1656 26 2880 
12433 2889 26 1656 1521 
12434 1126 326 2591 1565 
12435 1126 2591 326 2331 
12436 1004 1003 2727 138 
12437 1209 2137 2816 397 
12438 2816 2137 1209 2136 
12439 2000 2223 189 63 
12440 79 2857 511 2773 
12441 2853 98 882 1737 
12442 2853 882 98 2603 
12443 2906 2635 1221 533 
12444 2906 1221 2635 2097 
12445 1675 1676 2798 1243 
12446 2473 1286 2977 2450 
12447 2473 2977 1286 2449 
12448 1639 2864 284 1612 
12449 668 2271 2703 636 
12450 2703 2271 668 802 
12451 1051 178 2840 1636 
12452 1051 2840 178 2248 
12453 1554 898 2701 662 
12454 1554 2701 898 2043 
12455 2751 2701 898 662 
12456 2751 898 2701 2043 
12457 2716 297 2155 36 
12458 2716 2155 297 967 
12459 2435 2347 2616 571 
12460 2889 450 2763 2051 
12461 2889 2763 450 2832 
12462 2485 2726 2856 1558 
12463 2485 209 2856 54 
12464 170 2978 1388 171 
12465 1388 2978 170 2943 
12466 70 2856 2993 792 
12467 2993 2856 70 1533 
12468 2993 2491 70 792 
12469 70 2491 2993 1533 
12470 2813 1391 2814 593 
12471 2813 2814 1391 2943 
12472 241 2814 1391 593 
12473 2989 786 1230 2937 
12474 2989 1230 786 867 
12475 1624 2788 117 2304 
12476 117 689 1624 2304 
12477 1624 689 117 1611 
12478 2078 921 2622 922 
12479 2078 2622 921 2077 
12480 2801 2622 921 922 
12481 2801 921 2622 2077 
12482 1706 2903 2493 726 
12483 672 1573 2762 1438 
12484 2762 1573 672 1576 
12485 1903 1744 2960 2470 
12486 2960 1744 1903 279 
12487 2395 1079 2888 2440 
12488 2888 1079 2395 1190 
12489 2710 2223 1777 355 
12490 2225 1777 2223 355 
12491 2880 229 1361 1360 
12492 2653 1653 59 2044 
12493 1154 1136 2715 1978 
12494 2715 1136 1154 2680 
12495 2839 409 2844 1928 
12496 2839 2844 409 2544 
12497 1605 50 2864 133 
12498 17 2685 1749 1210 
12499 2805 865 1932 2002 
12500 130 1785 2321 489 
12501 1529 374 2863 1394 
12502 526 204 2727 2451 
12503 550 2682 2598 2453 
12504 2598 2682 550 2700 
12505 2762 1341 1439 34 
12506 2762 1439 1341 338 
12507 1784 1785 2779 1786 
12508 311 2857 1665 1060 
12509 2989 1985 2308 1995 
12510 2989 2308 1985 2988 
12511 2315 1219 2822 2305 
12512 2315 2822 1219 1974 
12513 2846 2711 2053 907 
12514 2498 588 663 2497 
12515 2751 663 588 2497 
12516 2751 588 663 1377 
12517 2392 554 2669 2391 
12518 2669 554 2392 1272 
12519 2862 828 2246 1935 
12520 1063 2268 2544 409 
12521 2544 2268 1063 2267 
12522 2832 2233 501 1035 
12523 2788 1094 283 2149 
12524 2788 283 1094 1114 
12525 2689 51 1623 1622 
12526 2689 1623 51 1993 
12527 1094 1623 51 1622 
12528 1094 51 1623 1993 
12529 2957 2274 1794 2273 
12530 1794 2274 2957 2742 
12531 1794 1155 2957 2273 
12532 2957 1155 1794 2742 
12533 24 1422 2854 648 
12534 277 682 2547 473 
12535 2547 682 277 274 
12536 526 1087 2727 2296 
12537 1186 2808 1553 251 
12538 1587 2272 2871 1586 
12539 115 2180 2758 1257 
12540 2758 2180 115 2181 
12541 2830 1601 1598 685 
12542 1854 2864 1295 381 
12543 1612 1778 1854 285 
12544 1612 1854 1778 381 
12545 1778 1295 1854 285 
12546 1778 1854 1295 381 
12547 1824 2779 2650 770 
12548 2650 2779 1824 1680 
12549 2650 1823 1824 770 
12550 1824 1823 2650 1680 
12551 379 436 2937 786 
12552 2937 436 379 1903 
12553 194 1800 2995 193 
12554 2995 1800 194 1559 
12555 2654 2693 2327 1672 
12556 2862 2040 2246 828 
12557 2862 2246 2040 1169 
12558 2691 766 2255 1808 
12559 371 2255 766 1808 
12560 2458 1612 1854 285 
12561 2458 1854 1612 2864 
12562 1295 2458 1854 285 
12563 1295 1854 2458 2864 
12564 50 284 2458 285 
12565 50 2458 284 2864 
12566 284 1612 2458 285 
12567 284 2458 1612 2864 
12568 2006 2008 2547 2009 
12569 133 2458 2864 1356 
12570 2864 2458 133 50 
12571 770 1325 2779 1326 
12572 770 2779 1325 2463 
12573 400 2989 811 1904 
12574 2871 546 2703 2593 
12575 2871 2703 546 1166 
12576 962 1830 2859 1116 
12577 2050 2961 2555 1924 
12578 2555 2961 2050 2763 
12579 2050 2555 3003 1924 
12580 3003 2555 2050 2763 
12581 2050 3003 66 1924 
12582 66 3003 2050 2763 
12583 759 1551 1683 615 
12584 759 1683 1551 1524 
12585 2608 1683 1551 615 
12586 2608 1551 1683 1524 
12587 840 1954 2978 1955 
12588 840 2978 1954 1805 
12589 1815 1816 2874 1834 
12590 1815 2874 1816 373 
12591 1393 1121 1686 651 
12592 1393 1686 1121 715 
12593 2135 2144 55 974 
12594 590 914 2779 1385 
12595 2779 914 590 1456 
12596 2116 466 112 2156 
12597 2716 2839 112 512 
12598 2591 719 2245 718 
12599 1690 2245 719 718 
12600 2292 2888 480 1632 
12601 1273 160 1607 686 
12602 1273 1607 160 1632 
12603 1607 160 2292 686 
12604 1607 2292 160 1632 
12605 2942 1942 2909 16 
12606 2942 2909 1942 411 
12607 1943 1942 2909 411 
12608 872 873 1628 100 
12609 1627 872 1628 100 
12610 2994 872 1627 100 
12611 2832 903 450 2052 
12612 2832 450 903 2763 
12613 2144 1620 55 974 
12614 2144 55 1620 2957 
12615 1765 1620 55 2957 
12616 1829 1831 2859 959 
12617 2693 1870 2060 915 
12618 1651 1123 2903 1535 
12619 2903 1123 1651 2329 
12620 1120 1670 2654 702 
12621 2654 1670 1120 134 
12622 2984 954 860 1990 
12623 2984 860 954 2975 
12624 47 2164 2624 2033 
12625 1498 1891 2811 1497 
12626 1498 2811 1891 1892 
12627 3002 2250 2251 2884 
12628 3002 2251 2250 2432 
12629 1949 2054 2711 155 
12630 2711 2054 1949 908 
12631 2585 2354 2706 2074 
12632 2585 2706 2354 360 
12633 2221 2706 2354 2074 
12634 2221 2354 2706 360 
12635 2795 286 440 139 
12636 1829 415 1831 1830 
12637 450 1074 2889 1073 
12638 2889 1074 450 2051 
12639 2778 1979 2616 2715 
12640 2778 2616 1979 1220 
12641 1828 2616 1979 2715 
12642 1828 1979 2616 1220 
12643 2968 1064 2980 1247 
12644 2968 2980 1064 2641 
12645 2743 2980 1064 1247 
12646 2743 1064 2980 2641 
12647 1710 698 331 1654 
12648 331 698 1710 727 
12649 2853 1300 481 2316 
12650 2857 1255 1252 1666 
12651 2857 1252 1255 1254 
12652 2698 2146 2147 349 
12653 2698 2147 2146 1838 
12654 2608 1529 1541 4 
12655 2608 1541 1529 1543 
12656 1402 1048 1725 1724 
12657 1402 1725 1048 597 
12658 1468 2127 2765 1934 
12659 1468 2765 2127 1467 
12660 2212 2857 1832 79 
12661 511 2857 1832 1664 
12662 511 1832 2857 79 
12663 2654 757 702 1670 
12664 2654 702 757 313 
12665 2703 353 851 1760 
12666 745 1619 55 1765 
12667 745 55 1619 974 
12668 1620 55 1619 1765 
12669 1620 1619 55 974 
12670 2765 2474 137 395 
12671 137 2547 2765 395 
12672 2837 104 1953 1952 
12673 663 2500 588 2498 
12674 663 588 2500 1377 
12675 272 2644 219 1592 
12676 2806 219 2644 1592 
12677 1254 988 2773 146 
12678 2773 988 1254 1255 
12679 631 114 2802 1893 
12680 631 2802 114 2128 
12681 2721 2802 114 1893 
12682 2721 114 2802 2128 
12683 1653 2653 1652 1118 
12684 1652 2653 1653 305 
12685 1612 2031 2864 1854 
12686 2864 2031 1612 45 
12687 2795 1477 638 1478 
12688 638 2577 2795 1478 
12689 179 1333 2697 1099 
12690 1724 1725 621 339 
12691 1724 621 1725 1402 
12692 2328 926 2754 29 
12693 2328 2754 926 159 
12694 287 559 2795 40 
12695 2795 559 287 76 
12696 1864 645 2854 904 
12697 2854 645 1864 1505 
12698 2577 2204 1009 2202 
12699 1905 540 2614 52 
12700 2214 1938 2951 1937 
12701 2951 1938 2214 496 
12702 96 181 2839 182 
12703 2839 181 96 2442 
12704 1970 2855 1969 61 
12705 2857 311 1664 1060 
12706 2857 1664 311 1663 
12707 1936 1043 2862 1763 
12708 1121 2791 1282 1393 
12709 1121 1282 2791 2868 
12710 2712 2697 1767 2096 
12711 1095 1767 2107 2106 
12712 963 1287 2923 1596 
12713 963 2923 1287 2141 
12714 1598 1997 2830 1600 
12715 1598 2830 1997 2200 
12716 1366 1368 2653 2487 
12717 1366 2653 1368 2064 
12718 65 2832 1495 1496 
12719 1526 323 2824 1685 
12720 2824 323 1526 713 
12721 2824 2781 1526 1685 
12722 1526 2781 2824 713 
12723 651 2070 2791 1393 
12724 872 1641 2994 11 
12725 2586 721 720 108 
12726 2586 720 721 5 
12727 1242 442 2711 165 
12728 587 1707 2856 245 
12729 1237 2338 2689 1058 
12730 1237 2689 2338 537 
12731 1376 2489 2751 2501 
12732 1376 2751 2489 59 
12733 718 1566 2591 761 
12734 2891 1283 2897 1962 
12735 2891 2897 1283 2586 
12736 869 2008 2547 2006 
12737 2171 639 2603 737 
12738 2603 639 2171 859 
12739 278 1614 2547 299 
12740 2547 1614 278 1643 
12741 1125 2949 2642 2330 
12742 2642 2949 1125 2938 
12743 1125 1293 2642 2938 
12744 41 2009 2547 365 
12745 2547 2009 41 2006 
12746 770 1313 2779 2463 
12747 770 2779 1313 1824 
12748 506 2256 2873 368 
12749 506 2873 2256 1789 
12750 2752 2873 2256 368 
12751 1538 765 2978 359 
12752 1538 2978 765 91 
12753 748 743 2976 659 
12754 2976 743 748 1200 
12755 1725 621 177 1402 
12756 2799 2610 452 2055 
12757 2799 195 452 909 
12758 452 195 2799 2055 
12759 2937 1903 1015 436 
12760 2491 586 2993 1372 
12761 2993 586 2491 387 
12762 1410 219 2806 1592 
12763 1137 410 2685 1733 
12764 1137 2685 410 1138 
12765 2846 1253 1667 1668 
12766 367 646 2610 1506 
12767 2691 1225 2579 2168 
12768 2691 2579 1225 2396 
12769 1224 2579 1225 2168 
12770 374 1542 2863 1394 
12771 374 2863 1542 2232 
12772 607 2854 1514 198 
12773 1721 732 1289 94 
12774 1721 1289 732 337 
12775 1051 732 1289 337 
12776 1758 744 2703 666 
12777 1758 2703 744 353 
12778 1114 2459 2304 1947 
12779 2475 2476 2929 2252 
12780 2475 2929 2476 578 
12781 603 1414 2603 687 
12782 2040 2765 2474 2039 
12783 1528 758 2650 747 
12784 1528 2650 758 1527 
12785 2603 187 98 1449 
12786 1413 98 187 1449 
12787 1494 2233 2832 1495 
12788 2832 2233 1494 2234 
12789 439 2644 1898 876 
12790 2950 2644 1898 471 
12791 2950 1898 2644 876 
12792 2853 628 884 140 
12793 1951 2791 1511 1504 
12794 2773 1511 2791 1504 
12795 1242 969 2711 442 
12796 1242 2711 969 2176 
12797 1942 412 2909 16 
12798 1942 2909 412 1943 
12799 1533 1372 2993 69 
12800 1533 2993 1372 2491 
12801 1344 1230 2937 2307 
12802 2937 1230 1344 785 
12803 1603 163 2547 289 
12804 2308 2307 2937 1230 
12805 2308 2937 2307 1101 
12806 1280 294 95 306 
12807 1280 95 294 1912 
12808 2466 2478 2929 578 
12809 2466 2929 2478 2460 
12810 1592 1135 1061 184 
12811 2806 136 1592 184 
12812 2806 1592 136 1410 
12813 136 1135 1592 184 
12814 136 1592 1135 1410 
12815 2788 283 689 691 
12816 2033 405 2164 406 
12817 2164 405 2033 47 
12818 2033 887 405 406 
12819 491 492 2939 1005 
12820 491 2939 492 2373 
12821 1284 2839 271 2468 
12822 2945 1975 113 97 
12823 1895 113 1975 97 
12824 1821 2631 775 768 
12825 2444 1749 2685 1626 
12826 2444 2685 1749 17 
12827 1141 955 2631 39 
12828 1141 2631 955 2130 
12829 1820 1558 1362 2485 
12830 1630 2192 2587 693 
12831 1630 2587 2192 2143 
12832 1361 229 1493 1492 
12833 1361 129 1493 2288 
12834 1493 129 1361 1492 
12835 2007 2630 2547 280 
12836 2547 2630 2007 2008 
12837 2547 2009 2007 280 
12838 2007 2009 2547 2008 
12839 374 714 2863 1840 
12840 374 2863 714 1529 
12841 2608 714 2863 1529 
12842 970 1301 2628 1314 
12843 970 2628 1301 831 
12844 469 2871 2703 408 
12845 2703 2871 469 2271 
12846 2703 636 469 408 
12847 469 636 2703 2271 
12848 213 1460 2960 1461 
12849 2960 1460 213 1822 
12850 2960 2631 213 1461 
12851 213 2631 2960 1822 
12852 1449 140 2853 1357 
12853 2853 140 1449 628 
12854 36 1043 2716 297 
12855 36 2716 1043 1762 
12856 2862 2716 1043 297 
12857 2862 1043 2716 1762 
12858 380 1149 1855 2014 
12859 380 1855 1149 2001 
12860 1855 1149 1115 2014 
12861 1855 1115 1149 2001 
12862 1115 1149 2785 2014 
12863 1505 905 2854 645 
12864 608 2652 193 194 
12865 682 273 2547 2446 
12866 682 2547 273 1593 
12867 1386 1385 2779 85 
12868 1386 2779 1385 590 
12869 647 235 2925 236 
12870 647 2925 235 2063 
12871 189 1766 2710 604 
12872 2710 1766 189 63 
12873 2011 2010 2989 2211 
12874 2994 872 738 1642 
12875 11 738 872 1642 
12876 638 2795 1479 1477 
12877 867 1994 2989 1995 
12878 2325 2326 2828 221 
12879 2325 2828 2326 2447 
12880 1654 95 294 306 
12881 1654 294 95 1710 
12882 1072 1779 2706 1279 
12883 2706 1779 1072 498 
12884 2846 580 1161 1342 
12885 448 2824 2 2047 
12886 2880 1493 1361 229 
12887 2880 1361 1493 2288 
12888 2293 1160 2600 1085 
12889 2600 1160 2293 146 
12890 432 2686 2603 1988 
12891 2474 1169 2765 2040 
12892 648 905 2854 1505 
12893 2989 811 2010 2011 
12894 2989 2010 811 2158 
12895 628 18 2853 884 
12896 1517 917 2560 27 
12897 2463 1119 2779 1325 
12898 2779 1119 2463 85 
12899 2225 1982 2785 855 
12900 2368 2370 2871 1712 
12901 2368 2871 2370 1166 
12902 2346 2700 1417 131 
12903 2950 808 1899 809 
12904 957 1899 808 809 
12905 69 2077 2622 2078 
12906 914 2065 2653 305 
12907 819 399 2960 1745 
12908 819 2960 399 820 
12909 806 2125 2950 1899 
12910 806 2950 2125 2124 
12911 2994 1628 872 873 
12912 737 1775 2603 2171 
12913 2603 1775 737 1732 
12914 1399 618 2652 1432 
12915 2652 618 1399 175 
12916 1284 2839 1589 271 
12917 2716 2839 1589 156 
12918 2716 1589 2839 271 
12919 431 1738 2853 2207 
12920 2853 1738 431 1986 
12921 2063 20 2925 1841 
12922 2925 20 2063 647 
12923 233 366 2624 1839 
12924 563 1289 675 94 
12925 563 675 1289 2445 
12926 975 89 2799 234 
12927 463 460 2913 262 
12928 2913 460 463 549 
12929 502 2237 2544 503 
12930 2544 2702 502 503 
12931 95 1721 1280 1720 
12932 95 1280 1721 1709 
12933 391 1721 1280 1709 
12934 2415 564 2977 2414 
12935 2415 2977 564 1286 
12936 2069 241 2560 48 
12937 2069 2560 241 132 
12938 276 1601 2830 62 
12939 276 2830 1601 683 
12940 1555 2044 2751 59 
12941 1555 2751 2044 897 
12942 1167 1169 2862 470 
12943 971 972 2791 106 
12944 328 2095 2891 14 
12945 328 2891 2095 1545 
12946 368 1801 2873 506 
12947 2873 1801 368 128 
12948 2154 1486 2684 640 
12949 2684 2637 2154 640 
12950 2154 2637 2684 1833 
12951 52 2216 2845 1905 
12952 2845 2216 52 1150 
12953 889 2684 1486 890 
12954 1552 1333 2712 2178 
12955 1552 2712 1333 2306 
12956 1516 1515 2854 1514 
12957 2854 1515 1516 1512 
12958 2637 1833 2727 2360 
12959 1087 2727 1833 2360 
12960 222 1482 2603 603 
12961 222 2603 1482 639 
12962 67 2798 834 1384 
12963 2563 1513 1950 1315 
12964 1518 1950 1513 1315 
12965 1204 2796 337 1113 
12966 1588 1586 2871 1712 
12967 2846 2711 1352 2053 
12968 38 1641 2753 2222 
12969 2994 2753 1641 2222 
12970 2994 1641 2753 1606 
12971 1198 2788 479 2400 
12972 1746 1747 2616 741 
12973 2616 1747 1746 1146 
12974 835 234 2799 89 
12975 808 1408 2950 1245 
12976 2950 1408 808 809 
12977 2837 1647 1952 1953 
12978 105 1952 1647 1953 
12979 1159 438 2684 874 
12980 2684 438 1159 2359 
12981 863 1477 2795 862 
12982 863 2795 1477 1479 
12983 1584 269 2643 199 
12984 1584 2643 269 1853 
12985 2175 487 2837 2174 
12986 2685 2842 558 344 
12987 2685 1210 558 1749 
12988 558 1210 2685 344 
12989 2162 304 2824 324 
12990 2162 2824 304 2159 
12991 1468 2765 2039 1934 
12992 2039 828 1468 1934 
12993 85 1313 2779 1386 
12994 2779 1313 85 2463 
12995 1901 1622 2689 1902 
12996 2689 1622 1901 51 
12997 1517 2069 2560 239 
12998 1517 2560 2069 377 
12999 1784 128 1112 1820 
13000 2856 584 1707 587 
13001 163 1999 290 289 
13002 290 1999 163 1617 
13003 290 2547 163 289 
13004 163 2547 290 1617 
13005 668 667 2703 666 
13006 2703 667 668 1126 
13007 1610 281 2630 688 
13008 2630 281 1610 2007 
13009 156 2716 2155 1589 
13010 2662 200 2735 1451 
13011 2662 2735 200 1318 
13012 1437 200 2735 1318 
13013 2500 129 1186 1553 
13014 1186 129 2500 2499 
13015 1930 1931 2805 825 
13016 2805 1931 1930 1175 
13017 2785 2000 380 864 
13018 1146 983 2859 1747 
13019 1146 2859 983 485 
13020 1316 430 2871 1471 
13021 2871 430 1316 2370 
13022 2937 968 126 821 
13023 1904 126 968 821 
13024 670 256 369 671 
13025 670 369 256 674 
13026 967 1168 2862 1167 
13027 967 2862 1168 297 
13028 2685 692 541 2344 
13029 2685 541 692 1338 
13030 1924 2049 1911 401 
13031 929 71 2986 2092 
13032 929 2986 71 2091 
13033 235 1646 2837 1 
13034 235 2837 1646 1647 
13035 251 1188 2808 2390 
13036 251 2808 1188 1186 
13037 1350 581 2907 2480 
13038 1350 2907 581 1351 
13039 662 897 2751 1555 
13040 662 2751 897 898 
13041 591 2033 2624 2164 
13042 2624 2033 591 886 
13043 48 1519 2560 707 
13044 2560 1519 48 241 
13045 2577 2201 2795 559 
13046 2577 2795 2201 1008 
13047 40 2795 2201 559 
13048 40 2201 2795 1008 
13049 744 2272 2703 802 
13050 2703 2272 744 1760 
13051 1894 997 2686 75 
13052 2686 997 1894 535 
13053 891 2170 912 64 
13054 1446 2333 2648 1288 
13055 2648 2333 1446 803 
13056 1362 1112 2801 1820 
13057 2588 2801 1112 1820 
13058 2588 1112 2801 1819 
13059 2072 2073 2791 918 
13060 2072 2791 2073 106 
13061 439 2018 2644 183 
13062 439 2644 2018 2019 
13063 2478 2595 2891 1876 
13064 2891 2595 2478 2477 
13065 2891 2095 2478 1876 
13066 2478 2095 2891 2477 
13067 478 819 2631 1822 
13068 2957 118 475 2135 
13069 2477 578 2929 2478 
13070 2929 578 2477 2476 
13071 2846 2711 1353 1352 
13072 1976 2396 2579 429 
13073 2579 2396 1976 2410 
13074 703 2062 2693 2059 
13075 1377 1376 2751 588 
13076 2751 1376 1377 1375 
13077 663 251 2500 1554 
13078 663 2500 251 1553 
13079 397 1901 2816 398 
13080 2816 1901 397 2137 
13081 2045 448 2824 1509 
13082 2045 2824 448 899 
13083 2133 1320 2014 1319 
13084 2211 884 2989 18 
13085 2211 2989 884 2010 
13086 2853 2989 884 18 
13087 2853 884 2989 2010 
13088 681 1586 2871 1588 
13089 2871 1586 681 1587 
13090 102 1428 2781 196 
13091 984 2118 2697 2107 
13092 2697 2118 984 2119 
13093 2260 2259 2580 73 
13094 1824 489 2779 1313 
13095 2779 489 1824 1785 
13096 971 712 2791 972 
13097 971 2791 712 644 
13098 2019 272 2644 2018 
13099 2019 2644 272 13 
13100 1692 719 2813 326 
13101 1692 2813 719 1690 
13102 2994 873 2685 1628 
13103 454 2080 2813 1091 
13104 2813 2080 454 1648 
13105 55 2275 2957 2135 
13106 476 1009 2795 2205 
13107 476 2795 1009 1010 
13108 177 1726 947 625 
13109 2840 1113 732 337 
13110 1719 732 1113 337 
13111 97 2260 2945 1890 
13112 2945 2260 97 113 
13113 1799 1839 2624 366 
13114 2624 1839 1799 829 
13115 2624 2610 1799 366 
13116 1799 2610 2624 829 
13117 1127 427 2635 533 
13118 2635 427 1127 1972 
13119 1506 47 2610 405 
13120 1506 2610 47 646 
13121 2606 2938 932 2097 
13122 1038 932 2938 2097 
13123 1071 2197 2727 2451 
13124 2727 2197 1071 493 
13125 1890 1975 2945 97 
13126 485 2349 2616 2347 
13127 2616 2349 485 1146 
13128 1149 1319 2785 2014 
13129 2785 1319 1149 2355 
13130 882 1739 2853 1737 
13131 882 2853 1739 345 
13132 1414 2603 2710 870 
13133 2710 188 1414 870 
13134 1414 188 2710 868 
13135 2765 1468 2862 1469 
13136 2765 2862 1468 828 
13137 1935 2862 1468 1469 
13138 1935 1468 2862 828 
13139 1616 276 2874 288 
13140 1616 2874 276 10 
13141 279 1461 2960 1460 
13142 279 2960 1461 1608 
13143 286 287 2795 1613 
13144 286 2795 287 1996 
13145 1481 1939 2951 830 
13146 1481 2951 1939 1480 
13147 2246 297 2862 1043 
13148 2862 297 2246 1168 
13149 2474 470 2765 1169 
13150 2474 2765 470 396 
13151 1480 221 2577 1117 
13152 1480 2577 221 1481 
13153 553 2389 2952 1254 
13154 2952 2389 553 1184 
13155 2994 100 2753 2222 
13156 2994 2753 100 1627 
13157 883 2753 100 2222 
13158 883 100 2753 1627 
13159 359 657 2978 1538 
13160 359 2978 657 1772 
13161 2563 2978 657 1538 
13162 2563 657 2978 1772 
13163 1 2837 300 1646 
13164 2837 1647 2925 105 
13165 2837 2925 1647 235 
13166 2063 2925 1647 105 
13167 2063 1647 2925 235 
13168 617 1788 2706 1279 
13169 617 2706 1788 1463 
13170 2773 361 2915 1462 
13171 2773 2915 361 1780 
13172 770 2042 2650 1823 
13173 770 2650 2042 2041 
13174 3 1394 2863 1542 
13175 3 2863 1394 1543 
13176 109 1462 2754 1782 
13177 986 1475 2688 985 
13178 986 2688 1475 2102 
13179 2650 747 2781 1528 
13180 122 2781 747 1528 
13181 122 747 2781 2038 
13182 1650 83 238 2 
13183 166 238 83 2 
13184 1668 907 2846 701 
13185 1668 2846 907 1667 
13186 1013 2781 2824 102 
13187 2824 2781 1013 2162 
13188 2046 634 2824 2185 
13189 2824 634 2046 899 
13190 24 788 2608 1836 
13191 24 2608 788 789 
13192 339 1802 621 850 
13193 339 621 1802 340 
13194 669 621 1802 850 
13195 669 1802 621 340 
13196 1718 110 2796 731 
13197 2796 110 1718 1204 
13198 229 642 1075 1493 
13199 1075 642 229 641 
13200 1075 2880 229 1493 
13201 229 2880 1075 641 
13202 1074 2288 2880 1075 
13203 1074 2880 2288 2391 
13204 2779 1385 2653 1652 
13205 2779 2653 1385 914 
13206 305 2653 1385 1652 
13207 305 1385 2653 914 
13208 921 135 2801 777 
13209 921 2801 135 2079 
13210 2234 501 2832 2233 
13211 2234 2832 501 1369 
13212 1078 1235 3003 2289 
13213 3003 1235 1078 1233 
13214 2853 2010 1300 2012 
13215 2158 1300 2010 2012 
13216 1318 730 2762 1299 
13217 2762 730 1318 623 
13218 328 108 2586 720 
13219 328 2586 108 1701 
13220 2735 1318 2475 1437 
13221 578 2475 1318 1437 
13222 200 33 2735 1451 
13223 200 2735 33 1437 
13224 1099 253 2712 1922 
13225 1099 2712 253 2306 
13226 2096 2697 2107 984 
13227 1767 1200 2809 748 
13228 2809 1200 1767 769 
13229 650 1390 2624 1278 
13230 2624 1390 650 321 
13231 197 711 2854 1514 
13232 197 2854 711 614 
13233 197 1551 2854 614 
13234 197 2854 1551 615 
13235 2854 2608 322 24 
13236 2854 1422 322 607 
13237 322 1422 2854 24 
13238 47 453 2624 2164 
13239 2624 453 47 233 
13240 1909 1839 2624 401 
13241 2624 1839 1909 813 
13242 367 366 2610 646 
13243 367 2610 366 1799 
13244 1427 909 2799 234 
13245 1427 2799 909 195 
13246 384 234 2799 835 
13247 2799 234 384 1427 
13248 2799 2566 384 835 
13249 384 2566 2799 1427 
13250 2566 1508 2799 877 
13251 2566 2799 1508 835 
13252 89 2799 1508 877 
13253 89 1508 2799 835 
13254 1846 240 2878 649 
13255 1846 2878 240 705 
13256 1508 911 2878 418 
13257 2878 911 1508 705 
13258 833 649 2878 1948 
13259 833 2878 649 1846 
13260 542 2067 2566 518 
13261 542 2566 2067 1948 
13262 518 2066 2799 2280 
13263 2799 2066 518 2067 
13264 2165 89 2799 975 
13265 2165 2799 89 2020 
13266 2020 320 2799 2066 
13267 2799 320 2020 2165 
13268 709 46 2610 319 
13269 2610 46 709 822 
13270 2566 384 2841 1867 
13271 2566 2841 384 418 
13272 1868 384 2841 418 
13273 1226 2647 2841 1940 
13274 2841 2647 1226 1770 
13275 2841 1771 1226 1940 
13276 1226 1771 2841 1770 
13277 518 723 2729 542 
13278 518 2729 723 1697 
13279 452 1799 2610 367 
13280 452 2610 1799 2055 
13281 1925 829 2610 2055 
13282 2610 829 1925 1926 
13283 2327 703 2693 2061 
13284 2327 2693 703 1672 
13285 2654 2068 2560 123 
13286 2654 2560 2068 917 
13287 1517 2560 2068 123 
13288 1517 2068 2560 917 
13289 316 912 2732 88 
13290 2732 912 316 2056 
13291 2693 2654 445 1672 
13292 702 2654 445 2279 
13293 702 445 2654 1672 
13294 1870 2068 2693 2060 
13295 1870 2693 2068 919 
13296 2654 2693 2068 2060 
13297 2654 2068 2693 919 
13298 2056 445 891 892 
13299 891 445 2056 1096 
13300 913 2693 445 892 
13301 2056 913 445 892 
13302 154 1096 2732 517 
13303 2732 1096 154 444 
13304 316 2062 2732 913 
13305 316 2732 2062 706 
13306 892 1672 2693 445 
13307 892 2693 1672 703 
13308 123 2060 2654 2068 
13309 123 2654 2060 531 
13310 2061 134 2693 2327 
13311 2061 2693 134 2060 
13312 2654 2693 134 2327 
13313 2654 134 2693 2060 
13314 27 2074 2560 2221 
13315 27 2560 2074 917 
13316 2706 2560 2074 2221 
13317 919 917 2654 2068 
13318 919 2654 917 2074 
13319 2238 2074 2585 919 
13320 2238 2585 2074 2354 
13321 982 64 2841 2170 
13322 982 2841 64 1941 
13323 911 1771 2841 1868 
13324 911 2841 1771 1332 
13325 1688 791 2930 1689 
13326 2930 791 1688 1872 
13327 2090 1018 2885 2086 
13328 2090 2885 1018 2087 
13329 111 1038 2998 1037 
13330 111 2998 1038 2110 
13331 841 1959 2967 1474 
13332 841 2967 1959 1960 
13333 567 1125 2642 2330 
13334 2642 1125 567 1293 
13335 2098 2021 2606 932 
13336 2606 2021 2098 1239 
13337 1474 842 2967 1871 
13338 1474 2967 842 1959 
13339 2930 2967 842 1871 
13340 2098 2606 2938 932 
13341 2938 2606 2098 1293 
13342 2938 1038 2098 932 
13343 2098 1038 2938 1293 
13344 1124 2330 2949 1125 
13345 1124 2949 2330 1880 
13346 71 456 2986 2094 
13347 71 2986 456 1317 
13348 2885 2986 456 2094 
13349 2885 456 2986 1317 
13350 2097 1921 2906 1221 
13351 2097 2906 1921 932 
13352 1797 2375 2958 549 
13353 1797 2958 2375 1179 
13354 2913 2958 2375 549 
13355 262 458 2913 2099 
13356 262 2913 458 460 
13357 942 2109 2811 943 
13358 2811 2109 942 1574 
13359 942 2705 2811 1574 
13360 1857 1878 2705 1124 
13361 1857 2705 1878 673 
13362 673 935 2913 1878 
13363 2913 935 673 936 
13364 1122 2101 2713 457 
13365 1122 2713 2101 125 
13366 2257 2378 2767 543 
13367 2767 2378 2257 1053 
13368 507 1054 2986 2094 
13369 507 2986 1054 1053 
13370 2239 2354 2986 2238 
13371 2239 2986 2354 2091 
13372 1317 2091 2986 2239 
13373 2986 2091 1317 71 
13374 2092 2094 2986 1054 
13375 2092 2986 2094 71 
13376 1054 2297 2986 2092 
13377 1054 2986 2297 2298 
13378 1088 2706 2585 2297 
13379 2585 2706 1088 495 
13380 2585 2298 1088 2297 
13381 1088 2298 2585 495 
13382 1697 2729 2799 518 
13383 2799 2729 1697 519 
13384 2799 2280 1697 518 
13385 1697 2280 2799 519 
13386 1163 519 2799 2280 
13387 2799 519 1163 2282 
13388 723 1963 2906 844 
13389 2906 1963 723 1696 
13390 948 1288 2648 1445 
13391 948 2648 1288 1446 
13392 1250 210 2656 1000 
13393 1250 2656 210 1164 
13394 1149 538 2785 2355 
13395 1149 2785 538 1142 
13396 1973 1929 2648 1826 
13397 1973 2648 1929 2183 
13398 2656 1929 2648 2183 
13399 1447 736 2579 1731 
13400 1447 2579 736 2334 
13401 2942 2579 736 1731 
13402 2942 736 2579 2334 
13403 1826 771 2680 767 
13404 1826 2680 771 1258 
13405 411 2942 2333 1942 
13406 1447 804 2579 626 
13407 1447 2579 804 880 
13408 2334 626 2579 1288 
13409 2334 2579 626 1447 
13410 1225 2410 2579 1224 
13411 2579 2410 1225 2396 
13412 2579 2691 1308 1731 
13413 2579 880 1308 2024 
13414 1308 880 2579 1731 
13415 428 429 2579 852 
13416 2579 429 428 1976 
13417 766 429 2691 2396 
13418 766 2691 429 1809 
13419 2579 2691 429 2396 
13420 2579 429 2691 1809 
13421 736 1082 2909 1731 
13422 736 2909 1082 1083 
13423 2027 2028 2923 540 
13424 2923 2028 2027 441 
13425 2411 1225 2691 2167 
13426 2411 2691 1225 556 
13427 803 411 2942 2333 
13428 803 2942 411 1811 
13429 767 1811 2680 1826 
13430 767 2680 1811 411 
13431 2942 2680 1811 1826 
13432 2942 1811 2680 411 
13433 372 411 2680 767 
13434 372 2680 411 1943 
13435 2374 2435 2549 1266 
13436 2549 2435 2374 2357 
13437 1905 514 2614 540 
13438 1905 2614 514 99 
13439 2923 2614 514 540 
13440 2374 2286 2587 1177 
13441 2374 2587 2286 2434 
13442 2859 2616 2030 485 
13443 2347 2616 2030 2435 
13444 2347 2030 2616 485 
13445 22 1287 2614 2247 
13446 22 2614 1287 1946 
13447 1906 1476 2845 739 
13448 2845 1476 1906 1020 
13449 858 980 2564 1987 
13450 858 2564 980 74 
13451 1946 2243 2614 1208 
13452 1946 2614 2243 2242 
13453 825 1631 2805 1930 
13454 825 2805 1631 866 
13455 825 2143 2587 1932 
13456 2587 2143 825 2142 
13457 2151 2150 2805 1329 
13458 2151 2805 2150 1176 
13459 2002 2003 2805 865 
13460 2002 2805 2003 1329 
13461 1329 143 2805 2003 
13462 2805 143 1329 2150 
13463 866 1932 2805 865 
13464 866 2805 1932 825 
13465 1176 2356 2587 1177 
13466 1176 2587 2356 1908 
13467 2151 56 2587 1908 
13468 2151 2587 56 776 
13469 2564 371 2587 805 
13470 2564 2587 371 2191 
13471 1896 2587 371 805 
13472 1896 371 2587 2191 
13473 883 2031 2753 2032 
13474 883 2753 2031 1205 
13475 1175 2292 2805 524 
13476 2805 2292 1175 1930 
13477 524 1170 2805 1175 
13478 524 2805 1170 2291 
13479 2150 2805 1177 1176 
13480 1176 2152 1177 2150 
13481 1177 2152 1176 2287 
13482 2715 1978 855 1979 
13483 1030 959 2616 2139 
13484 2616 959 1030 1829 
13485 2859 983 2923 2323 
13486 2859 2923 983 2030 
13487 2029 2923 983 2323 
13488 2029 983 2923 2030 
13489 2323 1747 2859 983 
13490 2859 1747 2323 415 
13491 1229 2132 2778 474 
13492 2778 2132 1229 2407 
13493 2015 2014 2133 1320 
13494 2133 2014 2015 1855 
13495 1319 2349 1320 2348 
13496 2778 1320 2349 2348 
13497 2225 1115 2785 1982 
13498 2225 2785 1115 2224 
13499 1416 1415 2603 78 
13500 1416 2603 1415 187 
13501 2223 435 2785 2224 
13502 2785 435 2223 2000 
13503 63 746 2710 1766 
13504 2223 746 2710 63 
13505 2223 2710 746 355 
13506 1414 1413 2603 1416 
13507 1414 2603 1413 603 
13508 2710 854 2223 2225 
13509 1777 2223 854 2225 
13510 2542 1981 2715 1359 
13511 2542 2715 1981 854 
13512 1980 2715 1981 1359 
13513 1980 1981 2715 854 
13514 1859 1775 2686 1776 
13515 1859 2686 1775 1014 
13516 2686 1014 2603 1775 
13517 2171 2603 1014 1775 
13518 2171 1014 2603 1989 
13519 2471 1774 2633 1359 
13520 2471 2633 1774 1330 
13521 2686 1774 2633 1330 
13522 1860 1014 2686 1859 
13523 1860 2686 1014 1862 
13524 2206 2335 2686 534 
13525 2206 2686 2335 19 
13526 2423 538 2710 2342 
13527 1300 78 2853 1415 
13528 1300 2853 78 2423 
13529 2603 2853 78 1415 
13530 2603 78 2853 2423 
13531 1415 2012 2853 1300 
13532 18 1737 2853 1739 
13533 18 2853 1737 628 
13534 2011 436 1015 2211 
13535 2989 1994 2011 2211 
13536 1994 436 2011 2211 
13537 2207 2443 2747 431 
13538 2747 2443 2207 1240 
13539 2184 19 2686 2206 
13540 2184 997 2686 19 
13541 2184 2686 997 1988 
13542 978 2319 2320 2166 
13543 2320 2319 978 977 
13544 121 2107 2580 2118 
13545 121 2580 2107 1974 
13546 2697 2580 2107 2118 
13547 2697 2107 2580 1974 
13548 1281 977 2580 978 
13549 1281 2580 977 1888 
13550 2580 2259 977 1888 
13551 113 977 2259 1888 
13552 978 2118 2580 1281 
13553 978 2580 2118 121 
13554 2472 75 1111 1862 
13555 2472 1111 75 1894 
13556 1975 1894 2633 1895 
13557 1975 2633 1894 535 
13558 1889 1975 2945 1890 
13559 1889 2945 1975 763 
13560 1104 1459 2766 2309 
13561 2766 1459 1104 1089 
13562 1572 1571 2992 270 
13563 1572 2992 1571 671 
13564 348 349 773 774 
13565 1726 1804 2992 340 
13566 2992 1804 1726 1803 
13567 2992 257 1726 340 
13568 1191 2249 2840 1132 
13569 1191 2840 2249 2301 
13570 2698 1485 2874 192 
13571 2698 2874 1485 2131 
13572 1421 2874 1485 192 
13573 1421 1485 2874 2131 
13574 1140 434 2645 2200 
13575 1140 2645 434 1007 
13576 2795 2645 434 2200 
13577 2795 434 2645 1007 
13578 440 1813 1919 881 
13579 440 1919 1813 1814 
13580 2830 1919 1813 881 
13581 2830 1813 1919 1814 
13582 2200 1599 2830 1140 
13583 2830 1599 2200 1598 
13584 10 1420 2874 606 
13585 2874 1420 10 1616 
13586 1485 2130 2698 2262 
13587 1485 2698 2130 955 
13588 2631 2698 2130 2262 
13589 2631 2130 2698 955 
13590 955 192 2698 2129 
13591 955 2698 192 1485 
13592 1461 39 2631 213 
13593 1461 2631 39 1141 
13594 819 1743 2631 348 
13595 2631 1743 819 478 
13596 1821 2146 2631 1743 
13597 1838 2698 2631 2146 
13598 2631 1821 1838 2146 
13599 1838 1821 2631 775 
13600 1616 1837 2874 1420 
13601 2874 1837 1616 477 
13602 21 349 2698 2147 
13603 21 2698 349 774 
13604 2631 1918 349 773 
13605 348 349 1918 773 
13606 785 2336 2960 1608 
13607 785 2960 2336 1344 
13608 821 820 2960 404 
13609 820 126 2960 399 
13610 820 2960 126 821 
13611 1183 968 2636 404 
13612 2937 968 2989 1904 
13613 2937 2989 968 2157 
13614 2158 2989 968 1904 
13615 2158 968 2989 2157 
13616 2157 2937 2636 968 
13617 2636 2937 2157 2220 
13618 2157 497 2636 2220 
13619 1070 492 2698 1339 
13620 2698 492 1070 1835 
13621 772 773 2698 774 
13622 375 773 2698 772 
13623 375 2698 773 1835 
13624 62 288 2874 276 
13625 2874 288 62 373 
13626 1835 1005 2939 492 
13627 2939 1005 1835 375 
13628 2939 2698 1835 492 
13629 1835 2698 2939 375 
13630 536 2230 2699 147 
13631 2699 2230 536 1297 
13632 2699 2645 536 147 
13633 863 2200 2795 434 
13634 863 2795 2200 1997 
13635 2205 2204 2577 1249 
13636 2205 2577 2204 1009 
13637 683 1598 2830 1601 
13638 683 2830 1598 1599 
13639 881 1816 2830 1920 
13640 881 2830 1816 1813 
13641 683 10 2874 1448 
13642 683 2874 10 276 
13643 139 2830 1600 1919 
13644 1296 2430 2570 1262 
13645 1296 2570 2430 1297 
13646 1997 862 2795 1328 
13647 2795 862 1997 863 
13648 1996 76 2795 287 
13649 2795 76 1996 1477 
13650 1481 2577 2795 638 
13651 2795 2577 1481 221 
13652 2795 1479 1481 638 
13653 1481 1479 2795 221 
13654 2210 1117 2951 1171 
13655 2210 2951 1117 1480 
13656 2577 2951 1117 1171 
13657 2577 1117 2951 1480 
13658 115 2758 2828 1285 
13659 2828 2758 115 2229 
13660 2828 2448 115 1285 
13661 115 2448 2828 2229 
13662 500 2229 2828 2448 
13663 500 2828 2229 1029 
13664 1029 147 2828 2230 
13665 1029 2828 147 500 
13666 1261 1153 2870 2228 
13667 2870 1153 1261 2428 
13668 467 2228 2870 1153 
13669 2870 2228 467 2406 
13670 2406 1216 2530 2228 
13671 2530 1216 2406 2182 
13672 466 2839 2716 156 
13673 2716 2155 466 156 
13674 466 2155 2716 2156 
13675 1093 2862 218 1092 
13676 2765 2862 218 1469 
13677 2765 218 2862 1092 
13678 1470 2468 2716 1321 
13679 1093 2862 2716 1470 
13680 2716 2862 1093 2302 
13681 2716 1321 1093 1470 
13682 1093 1321 2716 2302 
13683 1936 218 2862 1469 
13684 1763 1470 1936 1469 
13685 1470 218 1936 1469 
13686 2468 1762 2716 271 
13687 2716 1762 2468 1470 
13688 512 2122 2716 2270 
13689 512 2716 2122 112 
13690 967 2156 2716 2155 
13691 967 2716 2156 112 
13692 1043 1935 2862 2246 
13693 1043 2862 1935 1936 
13694 2862 1167 2716 967 
13695 2862 2716 1167 2122 
13696 112 2716 1167 967 
13697 112 1167 2716 2122 
13698 2122 470 2862 2123 
13699 2862 470 2122 1167 
13700 2302 527 1093 1092 
13701 2302 1093 527 2303 
13702 2862 1093 2826 1092 
13703 1093 527 2826 1092 
13704 1093 2826 527 2303 
13705 1469 1467 2765 1468 
13706 2765 1467 1469 218 
13707 273 2039 2765 1334 
13708 273 2765 2039 2474 
13709 396 2123 2765 470 
13710 396 2765 2123 950 
13711 2862 2765 2123 470 
13712 2862 2123 2765 950 
13713 163 750 2547 751 
13714 163 2547 750 1603 
13715 2951 559 1212 2201 
13716 1211 1212 559 2201 
13717 1937 688 2630 281 
13718 2630 688 1937 1231 
13719 2630 2951 1937 281 
13720 1937 2951 2630 1231 
13721 1231 958 2630 1900 
13722 2630 958 1231 1939 
13723 953 218 2547 116 
13724 2547 218 953 952 
13725 952 2127 2547 1467 
13726 2765 2547 2127 1467 
13727 750 952 2547 953 
13728 750 2547 952 37 
13729 1643 1603 2547 12 
13730 1643 2547 1603 1602 
13731 141 1617 2547 1618 
13732 141 2547 1617 290 
13733 987 2173 2547 1618 
13734 987 2547 2173 486 
13735 1211 2008 2630 2004 
13736 1212 2951 2630 1211 
13737 2630 2004 1212 1211 
13738 1212 2004 2630 2203 
13739 2007 2214 2951 281 
13740 2951 2214 2007 2403 
13741 2951 2630 2007 281 
13742 1914 2204 2630 2203 
13743 1914 2630 2204 815 
13744 1620 475 2957 885 
13745 2957 475 1620 2144 
13746 690 1618 2547 1617 
13747 690 2547 1618 987 
13748 2163 1617 1619 690 
13749 2275 1765 2957 1173 
13750 2275 2957 1765 55 
13751 1621 2339 2957 2341 
13752 1260 1621 2957 885 
13753 1260 2957 1621 2339 
13754 1992 433 2689 1174 
13755 1992 2689 433 1993 
13756 1173 2957 2689 2273 
13757 2689 2957 1173 2275 
13758 2689 1174 1173 2273 
13759 1173 1174 2689 2275 
13760 2304 283 2788 1114 
13761 2788 283 2304 689 
13762 1290 1058 2689 1057 
13763 1290 2689 1058 1237 
13764 1156 2311 2700 1157 
13765 2700 2311 1156 509 
13766 1174 1156 2788 1158 
13767 1174 2788 1156 1109 
13768 1198 2346 2700 2401 
13769 2700 2346 1198 131 
13770 2700 2788 1198 2401 
13771 2459 1947 416 995 
13772 416 1947 2459 1294 
13773 416 2700 2459 995 
13774 2459 2700 416 1294 
13775 1623 1902 2689 1622 
13776 1623 2689 1902 2265 
13777 1356 2312 2864 2311 
13778 1356 2864 2312 2458 
13779 2753 1640 1606 1604 
13780 2753 1606 1640 956 
13781 1605 1606 1640 1604 
13782 539 1144 2753 1205 
13783 539 2753 1144 2343 
13784 1205 1627 2753 539 
13785 2753 1627 1205 883 
13786 2312 2459 2700 1157 
13787 2700 2459 2312 1294 
13788 1144 1145 2864 1854 
13789 1144 2864 1145 2452 
13790 2311 2285 2864 1356 
13791 2311 2864 2285 509 
13792 2753 1205 2864 2031 
13793 2753 2864 1205 1144 
13794 1854 2864 1205 2031 
13795 1854 1205 2864 1144 
13796 2452 2385 2700 1145 
13797 2452 2700 2385 550 
13798 2452 2343 2682 576 
13799 2682 2343 2452 1144 
13800 493 2196 2727 1006 
13801 493 2727 2196 1071 
13802 2888 2727 2196 1006 
13803 2888 2196 2727 1071 
13804 2287 1071 2888 145 
13805 2888 1071 2287 2196 
13806 1450 205 145 204 
13807 2415 1418 2977 191 
13808 2415 2977 1418 190 
13809 138 1487 2727 1004 
13810 2727 1487 138 2296 
13811 1087 2451 2727 2197 
13812 1087 2727 2451 526 
13813 1003 2440 1742 1273 
13814 2440 1004 2727 2195 
13815 2440 2727 1004 1003 
13816 2153 2457 2684 101 
13817 2684 2457 2153 2016 
13818 1486 101 2684 889 
13819 1486 2684 101 2153 
13820 2193 2036 2684 1182 
13821 2193 2684 2036 890 
13822 2194 890 2684 2193 
13823 2684 890 2194 640 
13824 2637 2727 640 2194 
13825 1004 2727 640 1487 
13826 1004 640 2727 2194 
13827 2359 2360 2684 1307 
13828 2684 2360 2359 1159 
13829 2016 1833 2684 1159 
13830 2684 1833 2016 2153 
13831 2977 191 2546 2450 
13832 2977 2546 191 1418 
13833 438 2546 191 2450 
13834 438 191 2546 1418 
13835 190 2456 2977 1418 
13836 190 2977 2456 1412 
13837 2546 2977 2456 1418 
13838 2546 2456 2977 1412 
13839 212 2414 2977 211 
13840 2977 2414 212 2415 
13841 2685 2994 17 873 
13842 872 2994 17 1642 
13843 872 17 2994 873 
13844 2222 872 2994 100 
13845 2994 872 2222 1641 
13846 692 539 2994 1627 
13847 692 2994 539 2344 
13848 2353 1307 2684 2352 
13849 2353 2684 1307 2359 
13850 2685 2842 2473 2413 
13851 1628 1626 2685 1338 
13852 1628 2685 1626 2444 
13853 2994 1338 872 1628 
13854 1627 872 1338 1628 
13855 956 2134 2994 1606 
13856 2994 2134 956 1259 
13857 2994 2753 956 1606 
13858 956 2753 2994 1259 
13859 601 2644 2950 1245 
13860 2950 2644 601 600 
13861 2950 1408 601 1245 
13862 601 1408 2950 600 
13863 2124 1755 2950 1933 
13864 2950 1755 2124 806 
13865 219 2018 2644 272 
13866 876 183 2644 600 
13867 876 2644 183 439 
13868 136 469 2871 1135 
13869 2871 469 136 2366 
13870 2871 2806 1977 2369 
13871 2871 2370 1977 430 
13872 1977 2370 2871 2369 
13873 1471 2871 219 1472 
13874 2806 2871 219 1410 
13875 2806 219 2871 1472 
13876 2806 1472 2644 219 
13877 2806 2644 1472 853 
13878 2018 2644 1472 219 
13879 2018 1472 2644 853 
13880 2369 1166 2871 546 
13881 2871 1166 2369 2370 
13882 2978 1692 1805 840 
13883 2978 1805 1692 1698 
13884 326 1805 1692 840 
13885 326 1692 1805 1698 
13886 1712 728 2871 2368 
13887 2871 728 1712 851 
13888 1409 2272 2871 1587 
13889 2871 2272 1409 513 
13890 1773 2283 2591 1069 
13891 1773 2591 2283 2331 
13892 729 728 2703 1713 
13893 729 2703 728 152 
13894 851 1713 2703 728 
13895 2703 1713 851 353 
13896 718 2244 2591 1566 
13897 2591 2244 718 2245 
13898 57 1674 2563 1513 
13899 2563 1674 57 2058 
13900 2331 359 2978 1354 
13901 2331 2978 359 1773 
13902 1513 1678 2943 708 
13903 1513 2943 1678 1674 
13904 1539 91 2978 1538 
13905 1539 2978 91 1954 
13906 1538 1540 2925 1539 
13907 2925 1540 1538 657 
13908 2925 2563 1538 1539 
13909 1538 2563 2925 657 
13910 837 1955 1392 1954 
13911 837 1392 1955 1681 
13912 1388 419 2563 1389 
13913 1388 2563 419 1681 
13914 1348 2084 2837 1952 
13915 1348 2837 2084 2083 
13916 2081 132 2814 169 
13917 132 593 2814 241 
13918 132 2814 593 2081 
13919 927 1691 2813 1690 
13920 927 2813 1691 2085 
13921 1764 1091 2813 2080 
13922 2813 1091 1764 2085 
13923 498 1684 2560 27 
13924 498 2560 1684 1072 
13925 707 708 2943 1678 
13926 707 2943 708 1519 
13927 757 2786 1264 362 
13928 1673 2290 2560 523 
13929 2560 2290 1673 314 
13930 704 1674 2943 2057 
13931 2943 1674 704 1678 
13932 990 2174 2837 1783 
13933 990 2837 2174 2175 
13934 910 2563 2925 2058 
13935 2925 2563 910 990 
13936 2925 991 910 2058 
13937 910 991 2925 990 
13938 515 2313 2612 1106 
13939 515 2612 2313 2218 
13940 2313 2217 2786 1265 
13941 2786 2217 2313 2218 
13942 1264 313 2786 757 
13943 2786 313 1264 1265 
13944 2798 834 2711 1949 
13945 2798 2711 834 165 
13946 908 2711 834 1949 
13947 834 1383 2711 908 
13948 834 2711 1383 165 
13949 67 1675 2798 1384 
13950 2174 1425 2612 1106 
13951 2612 1425 2174 487 
13952 2612 2837 2174 1106 
13953 2174 2837 2612 487 
13954 609 293 2612 150 
13955 609 2612 293 694 
13956 487 1 2837 300 
13957 2837 1 487 2175 
13958 317 2798 2612 609 
13959 2612 2798 317 2424 
13960 2612 1677 317 609 
13961 317 1677 2612 2424 
13962 2482 1358 2987 2441 
13963 2987 1358 2482 528 
13964 530 2176 2711 1178 
13965 530 2711 2176 969 
13966 2846 530 2318 1342 
13967 2846 2318 530 1178 
13968 548 530 2318 1178 
13969 2481 1353 1161 580 
13970 1161 1353 2481 451 
13971 701 2846 1161 451 
13972 701 1161 2481 451 
13973 969 1161 2711 1353 
13974 969 2711 1161 530 
13975 2846 2711 1161 1353 
13976 2846 1161 2711 530 
13977 2427 1253 2846 1252 
13978 2277 516 2427 1252 
13979 516 1253 2427 1252 
13980 2846 1668 2857 1253 
13981 2846 2857 1668 1669 
13982 312 2857 1668 1253 
13983 312 1668 2857 1669 
13984 1663 2857 1665 311 
13985 1665 589 2857 1663 
13986 2857 589 1665 168 
13987 312 2266 2773 1666 
13988 2773 2266 312 511 
13989 2773 2857 312 1666 
13990 312 2857 2773 511 
13991 511 309 2773 2266 
13992 511 2773 309 23 
13993 798 1337 2782 799 
13994 2782 1337 798 557 
13995 109 159 2754 1462 
13996 109 2754 159 926 
13997 81 1781 2857 1780 
13998 81 2857 1781 826 
13999 2915 2857 1781 1780 
14000 220 1715 2688 637 
14001 2688 1715 220 799 
14002 557 1853 2782 1584 
14003 2782 1853 557 2251 
14004 149 2418 2743 1247 
14005 149 2743 2418 2419 
14006 2427 1254 2952 2389 
14007 2952 1254 2427 1252 
14008 1185 552 2866 1184 
14009 2866 552 1185 2387 
14010 1184 2388 2952 2389 
14011 2952 2388 1184 552 
14012 2390 2043 2701 1554 
14013 2701 2043 2390 2387 
14014 1186 1187 2808 1188 
14015 1186 2808 1187 129 
14016 777 922 2801 921 
14017 2801 922 777 779 
14018 2496 164 2653 1501 
14019 2496 2653 164 2488 
14020 588 2496 2751 1396 
14021 588 2751 2496 2501 
14022 59 305 2653 2065 
14023 59 2653 305 1653 
14024 2043 446 2751 898 
14025 2043 2751 446 1084 
14026 2293 1184 2812 553 
14027 2293 2812 1184 1185 
14028 2901 2812 1184 553 
14029 2901 1184 2812 1185 
14030 1085 1185 2812 2293 
14031 1085 2812 1185 1084 
14032 1112 130 2779 2321 
14033 122 324 2781 713 
14034 2781 324 122 2162 
14035 1303 506 2873 1801 
14036 1303 2873 506 920 
14037 920 1789 2873 506 
14038 2873 1789 920 758 
14039 215 2650 446 894 
14040 894 2650 895 215 
14041 1819 130 2779 1112 
14042 1819 2779 130 778 
14043 1707 2486 1364 1706 
14044 1364 2856 1707 1706 
14045 69 1371 2622 2077 
14046 69 2622 1371 1372 
14047 2801 2622 1371 2077 
14048 777 2801 778 630 
14049 2801 778 2588 1819 
14050 2801 2588 778 630 
14051 2588 778 2779 1819 
14052 2588 2779 778 630 
14053 1368 1371 2801 1367 
14054 1368 2801 1371 2079 
14055 1818 1112 2801 1362 
14056 1818 2801 1112 1819 
14057 778 779 2801 777 
14058 2801 779 778 1819 
14059 70 1535 2856 1123 
14060 2856 1535 70 245 
14061 1971 994 2576 426 
14062 1971 2576 994 2179 
14063 665 1314 499 1301 
14064 2793 499 1314 1301 
14065 426 2576 2893 994 
14066 2893 2576 426 2120 
14067 2893 2182 426 994 
14068 426 2182 2893 2120 
14069 726 2903 2796 1708 
14070 2796 2903 726 727 
14071 2796 330 726 1708 
14072 726 330 2796 727 
14073 425 2485 2856 1558 
14074 425 2856 2485 209 
14075 9 333 2602 334 
14076 9 2602 333 332 
14077 193 1432 2652 608 
14078 193 2652 1432 32 
14079 1559 499 2995 1558 
14080 1559 2995 499 665 
14081 2464 162 608 1655 
14082 1965 699 2966 1883 
14083 1965 2966 699 1851 
14084 2602 1716 2464 1655 
14085 1314 2269 2904 970 
14086 1314 2904 2269 2479 
14087 574 2468 2839 1284 
14088 2839 2468 574 2276 
14089 388 1045 2702 941 
14090 388 2702 1045 9 
14091 2966 2702 1045 941 
14092 622 799 2782 1337 
14093 622 2782 799 1715 
14094 2702 2855 2108 1970 
14095 1969 2855 2108 60 
14096 1969 2108 2855 1970 
14097 2873 2752 661 1790 
14098 2873 1695 661 1789 
14099 661 1695 2873 1790 
14100 2935 2873 243 1693 
14101 1695 2873 243 1527 
14102 1695 243 2873 1693 
14103 1916 29 2754 816 
14104 1916 2754 29 1345 
14105 999 2719 988 146 
14106 86 1666 2773 2266 
14107 2070 2071 2791 918 
14108 2070 2791 2071 651 
14109 1331 2783 2791 2072 
14110 2791 2783 1331 2071 
14111 2791 918 1331 2072 
14112 1331 918 2791 2071 
14113 2161 106 2783 2072 
14114 2783 106 2161 971 
14115 2071 420 2783 421 
14116 2071 2783 420 422 
14117 836 1951 2791 1511 
14118 2791 1951 836 1682 
14119 2791 2773 836 1511 
14120 836 2773 2791 1682 
14121 2048 2047 2783 901 
14122 2783 2047 2048 83 
14123 989 1255 86 1666 
14124 989 86 1255 988 
14125 2773 86 1255 1666 
14126 2773 1255 86 988 
14127 80 901 900 989 
14128 2719 988 80 999 
14129 2719 80 988 989 
14130 988 900 80 999 
14131 988 80 900 989 
14132 2 1509 2824 448 
14133 2824 1509 2 483 
14134 2781 196 2824 102 
14135 1509 2824 196 102 
14136 1509 196 2824 2045 
14137 899 895 2781 634 
14138 899 2781 895 87 
14139 2038 2162 2781 122 
14140 2038 2781 2162 1013 
14141 1013 2037 2781 1491 
14142 1013 2781 2037 2038 
14143 2650 2781 2037 1491 
14144 1491 102 2781 1013 
14145 1491 2781 102 1428 
14146 1135 2271 2871 1061 
14147 1135 2871 2271 469 
14148 706 88 2732 916 
14149 706 2732 88 316 
14150 332 1655 2602 333 
14151 332 2602 1655 1716 
14152 1918 1835 2631 1070 
14153 1918 2631 1835 773 
14154 2698 2631 1835 1070 
14155 2698 1835 2631 773 
14156 2251 1199 2884 2332 
14157 2251 2884 1199 557 
14158 1484 2698 1837 1483 
14159 1621 987 2742 690 
14160 1621 2742 987 2172 
14161 2547 2742 987 690 
14162 2547 987 2742 2172 
14163 2699 2230 2870 1029 
14164 2699 2870 2230 1261 
14165 2228 2870 2230 1029 
14166 2228 2230 2870 1261 
14167 1609 810 2547 342 
14168 2253 1238 2959 2420 
14169 2875 2959 1238 2420 
14170 2875 1238 2959 2255 
14171 2610 407 2677 2540 
14172 2610 2677 407 1926 
14173 2185 1160 2719 146 
14174 2185 2719 1160 2781 
14175 2600 2719 1160 146 
14176 2600 1160 2719 2781 
14177 2730 2968 2660 2835 
14178 2730 2660 2968 2417 
14179 2219 2660 2968 2835 
14180 2219 2968 2660 2417 
14181 1251 2990 2397 1134 
14182 1251 2397 2990 2991 
14183 2363 2397 2990 1134 
14184 802 666 2703 744 
14185 2703 666 802 668 
14186 777 1457 2801 630 
14187 777 2801 1457 135 
14188 2602 9 1886 332 
14189 2602 1886 9 2702 
14190 360 498 2706 2221 
14191 2706 498 360 1779 
14192 1641 1604 2753 1606 
14193 2753 1604 1641 38 
14194 2801 2964 2974 2588 
14195 2974 2964 2801 2622 
14196 2974 2752 2801 2588 
14197 2801 2752 2974 2622 
14198 712 1682 2791 632 
14199 2791 1682 712 1951 
14200 2470 1015 2937 1903 
14201 2937 1015 2470 400 
14202 2650 1786 1680 53 
14203 2650 1680 1786 2779 
14204 971 2160 2783 403 
14205 971 2783 2160 2161 
14206 2774 2909 2549 2564 
14207 2549 2909 2774 2516 
14208 362 704 2943 2057 
14209 362 2943 704 2560 
14210 2154 2153 2684 1486 
14211 2154 2684 2153 1833 
14212 646 233 2624 47 
14213 2624 233 646 366 
14214 2624 2610 646 47 
14215 646 2610 2624 366 
14216 2616 741 350 1746 
14217 2967 1956 2425 1960 
14218 2967 2425 1956 2606 
14219 895 2041 2650 894 
14220 2650 2041 895 2042 
14221 2710 1775 2686 2603 
14222 2710 2686 1775 1776 
14223 2795 1007 2828 2325 
14224 2795 2828 1007 2645 
14225 1680 228 2650 53 
14226 1680 2650 228 1823 
14227 2814 923 2591 2813 
14228 2814 2591 923 1788 
14229 2721 2631 2262 2698 
14230 2721 2262 2631 2881 
14231 703 913 2693 2062 
14232 703 2693 913 892 
14233 2547 1593 2765 273 
14234 2547 2765 1593 137 
14235 2474 2765 1593 273 
14236 2474 1593 2765 137 
14237 2168 2579 1308 2024 
14238 1308 2579 2168 2691 
14239 2935 2868 716 2600 
14240 2935 716 2868 1873 
14241 1512 648 2854 1515 
14242 2854 648 1512 905 
14243 2019 1898 2644 471 
14244 2019 2644 1898 439 
14245 526 1741 2727 204 
14246 1791 1890 2819 2113 
14247 1791 2819 1890 1889 
14248 869 2004 2547 2008 
14249 869 2547 2004 2005 
14250 2630 2547 2004 2008 
14251 2630 2004 2547 2005 
14252 2353 2546 2359 2450 
14253 2353 2359 2546 2684 
14254 438 2359 2546 2450 
14255 438 2546 2359 2684 
14256 2706 2560 2786 2654 
14257 2706 2786 2560 2814 
14258 2778 1856 2616 1030 
14259 2778 2616 1856 350 
14260 741 1856 2616 350 
14261 2739 2806 1466 2593 
14262 2739 1466 2806 545 
14263 408 1466 2806 2593 
14264 408 2806 1466 545 
14265 330 337 2796 1709 
14266 2796 337 330 1204 
14267 1192 2567 1132 1191 
14268 2547 472 2127 952 
14269 2547 2127 472 2446 
14270 22 2845 2247 2614 
14271 22 2247 2845 1044 
14272 1907 2247 2845 2614 
14273 1907 2845 2247 1044 
14274 1639 50 2864 1605 
14275 1639 2864 50 284 
14276 785 2960 379 279 
14277 785 379 2960 2937 
14278 1903 379 2960 279 
14279 1903 2960 379 2937 
14280 481 2989 2853 2557 
14281 1519 2560 2814 241 
14282 2814 2560 1519 2943 
14283 2814 1391 635 241 
14284 635 1391 2814 2943 
14285 1519 2814 635 241 
14286 635 2814 1519 2943 
14287 962 1831 2859 1830 
14288 2859 1831 962 961 
14289 1504 23 2773 1511 
14290 1504 2773 23 309 
14291 2710 343 1766 746 
14292 452 1507 2799 909 
14293 2799 1507 452 2610 
14294 1629 2002 2587 1630 
14295 1629 2587 2002 776 
14296 1168 1169 2862 1167 
14297 2862 1169 1168 2246 
14298 1229 2616 2407 562 
14299 1229 2407 2616 2778 
14300 1220 2407 2616 562 
14301 1220 2616 2407 2778 
14302 138 1741 2727 526 
14303 1495 1035 2832 65 
14304 2832 1035 1495 2233 
14305 607 1515 2854 1422 
14306 607 2854 1515 1514 
14307 400 2011 2989 1015 
14308 400 2989 2011 811 
14309 597 1725 1403 1405 
14310 1403 178 597 1405 
14311 1838 2698 1837 1484 
14312 1837 2698 1838 2147 
14313 2798 610 834 1424 
14314 2798 834 610 67 
14315 242 26 2832 1521 
14316 242 2832 26 1494 
14317 1073 2832 26 1521 
14318 1073 26 2832 1494 
14319 2248 1403 597 1404 
14320 597 1403 2248 178 
14321 2846 84 2318 548 
14322 2846 2318 84 1342 
14323 530 2318 84 548 
14324 530 84 2318 1342 
14325 1600 1328 2830 139 
14326 2830 1328 1600 1997 
14327 1328 2645 2830 139 
14328 2830 2645 1328 1997 
14329 1328 2795 2645 139 
14330 2645 2795 1328 1997 
14331 1837 2874 2147 477 
14332 1837 2147 2874 2698 
14333 21 2147 2874 477 
14334 21 2874 2147 2698 
14335 2065 2064 2653 1366 
14336 2065 2653 2064 914 
14337 738 2402 2994 1642 
14338 738 2994 2402 2685 
14339 17 2994 2402 1642 
14340 17 2402 2994 2685 
14341 502 2267 2544 2237 
14342 502 2544 2267 2268 
14343 1741 1450 2727 204 
14344 1741 2727 1450 1742 
14345 2444 873 2685 17 
14346 2685 873 2444 1628 
14347 2148 475 2957 118 
14348 2148 2957 475 885 
14349 1742 138 2727 1003 
14350 1742 2727 138 1741 
14351 2166 121 2945 978 
14352 2166 2945 121 1730 
14353 2580 2945 121 978 
14354 2580 121 2945 1730 
14355 973 1619 1617 1998 
14356 1617 1619 973 2163 
14357 1617 1999 973 1998 
14358 973 1999 1617 2163 
14359 947 340 177 1725 
14360 947 177 340 1726 
14361 620 340 177 1726 
14362 1866 384 2841 1868 
14363 1866 2841 384 1867 
14364 2967 2764 92 358 
14365 1768 2764 92 838 
14366 1768 92 2764 358 
14367 2254 1238 2959 2253 
14368 2254 2959 1238 2255 
14369 2753 133 1640 1605 
14370 2753 1640 133 956 
14371 1606 1640 133 1605 
14372 1606 133 1640 956 
14373 854 1978 2715 1980 
14374 854 2715 1978 855 
14375 1856 1829 2616 1030 
14376 1856 2616 1829 741 
14377 2423 1241 2710 538 
14378 2710 1241 2423 529 
14379 2012 1357 2853 140 
14380 2012 2853 1357 1415 
14381 1730 1335 2945 161 
14382 2945 1335 1730 2166 
14383 1183 2157 2636 968 
14384 1183 2636 2157 497 
14385 317 1675 2798 67 
14386 317 2798 1675 1676 
14387 2053 908 2711 1383 
14388 2711 908 2053 907 
14389 1084 215 2650 446 
14390 2650 215 1084 1085 
14391 2650 2812 1084 446 
14392 1084 2812 2650 1085 
14393 1142 380 2785 2000 
14394 1142 2785 380 1149 
14395 2081 1091 2813 1499 
14396 2081 2813 1091 454 
14397 344 1740 2842 558 
14398 2842 1740 344 1733 
14399 2459 2700 2345 995 
14400 2345 1417 2459 995 
14401 440 1010 2795 476 
14402 2795 1010 440 286 
14403 2057 2058 2563 910 
14404 2057 362 2563 2943 
14405 2563 362 2057 910 
14406 1057 2689 1992 1623 
14407 1992 2689 1057 1290 
14408 1992 2149 1057 1623 
14409 1057 2149 1992 1290 
14410 2837 1645 1953 104 
14411 1953 1645 2837 300 
14412 1817 1759 2703 1758 
14413 2703 1759 1817 729 
14414 2691 979 980 2411 
14415 980 979 2691 2564 
14416 2791 644 1865 1659 
14417 1865 644 2791 971 
14418 2633 1330 1335 2469 
14419 2633 2399 1330 2471 
14420 1330 2399 2633 1335 
14421 2290 2560 2654 1670 
14422 2654 2560 2290 123 
14423 2290 531 2654 123 
14424 134 2290 2654 1670 
14425 134 2654 2290 531 
14426 1418 2457 2546 438 
14427 2546 2457 1418 2456 
14428 1381 2808 2701 1378 
14429 2701 2808 1381 2649 
14430 2570 1296 569 2699 
14431 2570 569 1296 2310 
14432 808 2950 957 2546 
14433 352 1755 2950 806 
14434 2950 1755 352 2546 
14435 957 352 2950 806 
14436 2950 352 957 2546 
14437 2240 125 2713 1122 
14438 2240 2713 125 459 
14439 310 2608 2863 788 
14440 310 1661 2863 1840 
14441 700 310 2863 788 
14442 700 2863 310 1661 
14443 150 2612 1644 293 
14444 150 1645 2612 318 
14445 2612 1645 150 1644 
14446 920 2075 2873 2650 
14447 2873 2075 920 1303 
14448 2075 2779 2873 2650 
14449 2873 2779 2075 1303 
14450 2075 1786 2779 2650 
14451 2779 1786 2075 1303 
14452 2647 912 2170 64 
14453 2647 2170 912 2732 
14454 1488 2836 1031 1066 
14455 2597 2831 1488 2905 
14456 1488 2831 2597 2836 
14457 1488 1031 2597 2905 
14458 2597 1031 1488 2836 
14459 1034 1035 2863 1542 
14460 1034 2863 1035 65 
14461 1535 1534 2903 1651 
14462 2493 2903 1534 1651 
14463 2602 608 2464 162 
14464 74 2564 556 371 
14465 2411 2691 2564 980 
14466 2564 2691 2411 556 
14467 2564 74 2411 980 
14468 2411 74 2564 556 
14469 2236 1036 2019 1215 
14470 2236 2644 2019 13 
14471 2019 2644 2236 1215 
14472 471 2236 2019 13 
14473 471 2019 2236 1036 
14474 1214 2022 2621 2023 
14475 2621 2022 1214 2946 
14476 2022 2876 2621 2023 
14477 2621 2876 2022 2946 
14478 2022 1256 2876 2023 
14479 2876 1256 2022 2946 
14480 1533 584 2856 70 
14481 1533 2856 584 2486 
14482 1330 1861 2633 2686 
14483 1330 2633 1861 2469 
14484 1861 755 2686 1330 
14485 1811 2648 1729 803 
14486 1729 1826 2648 1811 
14487 2648 1826 1729 1973 
14488 391 1709 337 1721 
14489 337 1709 391 814 
14490 1674 2563 2057 2058 
14491 1674 2057 2563 2943 
14492 2178 179 2697 984 
14493 2178 2697 179 1333 
14494 841 92 2764 838 
14495 2764 92 841 2967 
14496 2764 1956 1960 838 
14497 1960 1956 2764 2967 
14498 841 2764 1960 838 
14499 1960 2764 841 2967 
14500 998 2165 2610 452 
14501 998 2610 2165 709 
14502 108 2586 2608 1551 
14503 2608 2586 108 721 
14504 108 1541 2608 721 
14505 868 1766 2710 343 
14506 868 2710 1766 188 
14507 371 1897 2564 2691 
14508 2564 1897 371 805 
14509 2863 2832 1035 65 
14510 1035 1542 2832 2863 
14511 1035 2832 1542 501 
14512 3 2832 1542 2863 
14513 3 1542 2832 501 
14514 2712 2258 327 2674 
14515 327 2258 2712 1964 
14516 327 1756 2712 2674 
14517 2712 1756 327 1964 
14518 2712 1552 1756 1964 
14519 2712 659 1552 748 
14520 1552 659 2712 1756 
14521 2706 2724 2725 2769 
14522 2706 2725 2724 2585 
14523 1899 876 2950 1408 
14524 1899 2950 876 1898 
14525 955 2631 2129 2698 
14526 1484 1838 2631 775 
14527 2631 1838 1484 2698 
14528 2631 1484 2129 2698 
14529 2631 2129 39 955 
14530 1484 39 2631 2129 
14531 1484 2631 39 775 
14532 675 1289 2248 1051 
14533 675 2248 1403 202 
14534 1403 2248 675 7 
14535 675 7 1289 2445 
14536 1289 7 675 2248 
14537 1590 2121 2579 804 
14538 2579 2121 1590 1591 
14539 1823 2042 228 1429 
14540 1823 228 2042 2650 
14541 1491 228 2042 1429 
14542 1491 2042 228 2650 
14543 2905 2690 2897 658 
14544 2897 2690 2905 2679 
14545 2535 2837 2313 2641 
14546 2313 2837 2535 2612 
14547 2313 2218 2535 2641 
14548 2535 2218 2313 2612 
14549 476 1814 2830 1919 
14550 2830 1814 476 2145 
14551 179 801 2697 2118 
14552 2697 801 179 2261 
14553 695 2591 2703 1817 
14554 1758 695 2703 1817 
14555 2703 2591 666 667 
14556 2244 666 2591 667 
14557 1758 2703 2591 666 
14558 2591 2703 1758 695 
14559 2591 2244 1758 666 
14560 1758 2244 2591 695 
14561 2631 768 1822 213 
14562 1821 1822 2631 768 
14563 1821 2631 1822 478 
14564 1861 1859 2686 755 
14565 1860 1861 2686 1111 
14566 1860 2686 1861 1859 
14567 1589 182 2839 1284 
14568 1589 2839 182 156 
14569 659 2976 888 743 
14570 1756 2674 2976 659 
14571 2976 2674 1756 327 
14572 2976 888 1756 659 
14573 1756 888 2976 327 
14574 2945 2320 1111 2319 
14575 2633 2472 2945 1895 
14576 2633 2945 2472 1111 
14577 2320 2945 2472 1895 
14578 2320 2472 2945 1111 
14579 2903 1708 389 110 
14580 208 1708 2903 726 
14581 208 2903 1708 389 
14582 1361 129 2808 2484 
14583 1361 2808 129 1187 
14584 1890 2113 2580 2819 
14585 2580 2113 1890 73 
14586 1742 2727 2440 1003 
14587 564 2842 2413 2449 
14588 2413 1750 2842 564 
14589 2842 1750 2413 351 
14590 2788 1947 2304 2459 
14591 2304 1947 2788 117 
14592 1417 995 1947 2459 
14593 1947 995 1417 117 
14594 1535 2856 1707 245 
14595 2135 2816 433 2275 
14596 2135 2136 2816 1209 
14597 2816 2136 2135 433 
14598 2857 84 81 168 
14599 2857 81 84 548 
14600 214 84 81 548 
14601 84 2212 81 168 
14602 81 2212 84 214 
14603 1834 1814 2830 491 
14604 2830 1814 1834 1813 
14605 1669 2481 1668 580 
14606 1668 2481 1669 701 
14607 1161 2846 1668 580 
14608 1668 2846 1161 701 
14609 2481 1161 1668 580 
14610 1668 1161 2481 701 
14611 1748 2685 351 1749 
14612 1748 351 2685 2842 
14613 558 351 2685 1749 
14614 558 2685 351 2842 
14615 1354 2591 326 1698 
14616 326 2591 1354 2331 
14617 1354 1126 326 2331 
14618 326 1565 1354 1698 
14619 1354 1565 326 1126 
14620 2223 189 2710 2785 
14621 2223 2710 189 63 
14622 189 2000 2785 2223 
14623 2785 2000 189 787 
14624 1221 2635 157 533 
14625 157 2097 2635 1221 
14626 2635 2097 157 1038 
14627 2888 686 205 160 
14628 205 686 2888 145 
14629 145 2292 2888 480 
14630 2888 2292 145 686 
14631 2292 160 205 686 
14632 145 205 2292 480 
14633 2292 205 145 686 
14634 2856 2485 2622 2726 
14635 2622 2485 2856 54 
14636 131 1624 117 1611 
14637 117 1417 131 1611 
14638 2622 1363 1818 583 
14639 922 1363 2622 2078 
14640 922 2622 1363 1818 
14641 996 995 2700 416 
14642 996 1778 2700 381 
14643 996 2700 1778 416 
14644 381 605 2700 996 
14645 381 2700 605 2345 
14646 995 2700 605 996 
14647 995 605 2700 2345 
14648 2493 1706 1534 2903 
14649 1534 1706 2493 1707 
14650 1706 1535 1534 2903 
14651 1534 1535 1706 1707 
14652 1706 2856 1535 2903 
14653 1535 2856 1706 1707 
14654 727 1651 2493 331 
14655 2493 1651 727 726 
14656 727 1706 2493 726 
14657 2493 1707 727 331 
14658 727 1707 2493 1706 
14659 1038 1037 2635 2998 
14660 2635 1037 1038 157 
14661 1037 2648 2635 2998 
14662 2635 2648 1037 157 
14663 1037 1343 2648 2998 
14664 2648 1343 1037 157 
14665 1785 2321 2779 130 
14666 1785 2779 2321 1784 
14667 2011 436 2989 1015 
14668 1257 2787 1945 2180 
14669 1945 1223 2787 1257 
14670 2787 1223 1945 414 
14671 2049 1924 2553 2050 
14672 2049 2553 1924 2540 
14673 2961 2553 1924 2050 
14674 2961 1924 2553 2540 
14675 1352 2711 1383 2053 
14676 2711 442 1352 1383 
14677 2778 474 2139 1229 
14678 1030 2778 474 2139 
14679 1030 474 2778 1856 
14680 766 371 2691 2255 
14681 2691 371 766 1810 
14682 2913 262 2705 463 
14683 2913 2705 262 673 
14684 1574 262 2705 673 
14685 262 942 2705 463 
14686 2705 942 262 1574 
14687 2811 2377 428 1797 
14688 468 2377 2811 1039 
14689 468 2811 2377 428 
14690 340 621 1725 339 
14691 2938 2998 1858 2110 
14692 2938 1858 2998 2705 
14693 383 1858 2998 2110 
14694 383 2998 1858 2705 
14695 715 2791 1686 2824 
14696 715 1686 2791 1393 
14697 651 1686 2791 2824 
14698 651 2791 1686 1393 
14699 2135 2144 2957 55 
14700 2135 2957 2144 475 
14701 112 2116 2839 466 
14702 2839 2116 112 512 
14703 112 2716 466 2839 
14704 466 2716 112 2156 
14705 1690 2245 2591 719 
14706 2591 2245 1690 1691 
14707 2591 2813 1690 719 
14708 1690 2813 2591 1691 
14709 1632 205 2292 160 
14710 1632 2292 205 480 
14711 516 2427 2846 2277 
14712 1829 415 2859 1831 
14713 1829 2859 415 1747 
14714 2857 1832 589 2212 
14715 1624 479 2788 691 
14716 1624 2788 479 1198 
14717 2712 2821 1095 2697 
14718 1095 2821 2712 2106 
14719 1095 1767 2712 2697 
14720 2712 1767 1095 2106 
14721 1767 2107 2697 1095 
14722 1767 2697 2107 2096 
14723 2816 2215 118 1209 
14724 2148 2816 2215 118 
14725 2148 2215 2816 77 
14726 2857 1663 1832 1664 
14727 1832 1663 2857 589 
14728 2873 2256 661 2752 
14729 2873 661 2256 1789 
14730 621 177 340 1725 
14731 621 340 177 620 
14732 1910 1909 2624 401 
14733 1910 2624 1909 2854 
14734 2553 1910 2624 401 
14735 2553 2624 1910 2854 
14736 2049 1910 2553 401 
14737 2049 2553 1910 2854 
14738 732 1289 675 1051 
14739 732 675 1289 94 
14740 1114 2459 2788 2304 
14741 2788 2459 1114 1158 
14742 2658 1971 425 2227 
14743 390 425 2658 1971 
14744 390 2658 425 800 
14745 1413 98 2603 187 
14746 2603 98 1413 347 
14747 1135 2871 1409 1061 
14748 1409 2871 1135 1410 
14749 1409 1592 1135 1061 
14750 1135 1592 1409 1410 
14751 405 887 2610 406 
14752 2033 2624 2610 887 
14753 2610 2624 2033 47 
14754 2610 405 2033 887 
14755 2033 405 2610 47 
14756 1895 113 2945 1975 
14757 2945 113 1895 2320 
14758 2995 1558 2752 1559 
14759 2995 2752 1558 2485 
14760 1362 1558 2752 2485 
14761 1558 128 2752 1559 
14762 1820 1558 2752 1362 
14763 2752 1558 1820 128 
14764 714 2863 158 2608 
14765 714 158 2863 1840 
14766 310 158 2863 2608 
14767 310 2863 158 1840 
14768 1115 1149 380 2785 
14769 380 1149 1115 2001 
14770 380 864 435 2785 
14771 435 864 380 2001 
14772 1115 380 435 2785 
14773 435 380 1115 2001 
14774 1524 108 2608 1551 
14775 1524 2608 108 1541 
14776 11 738 2994 872 
14777 2994 738 11 2134 
14778 2839 156 2117 182 
14779 466 2117 2839 156 
14780 466 2839 2117 2116 
14781 2603 432 859 1989 
14782 1988 859 2603 432 
14783 1988 2603 859 2184 
14784 2603 432 1014 2686 
14785 1014 432 2603 1989 
14786 2700 131 117 1417 
14787 2700 117 1947 1417 
14788 1947 117 2700 2788 
14789 2700 1947 2459 1417 
14790 2459 1947 2700 2788 
14791 2700 1417 2345 2346 
14792 2700 2345 1417 2459 
14793 957 1899 2950 808 
14794 2950 1899 957 806 
14795 1048 1403 597 1725 
14796 1048 597 1403 1404 
14797 502 2544 2844 2702 
14798 2844 2544 502 2268 
14799 1721 1280 563 391 
14800 1721 563 1280 1720 
14801 2845 1020 693 1476 
14802 56 2845 1020 693 
14803 56 1020 2845 812 
14804 972 2791 159 632 
14805 2773 2791 159 2328 
14806 2773 159 2791 632 
14807 159 106 2791 972 
14808 2791 106 159 2328 
14809 2559 2094 457 507 
14810 1122 2885 457 2559 
14811 1122 457 2885 456 
14812 2094 457 2885 2559 
14813 2094 2885 457 456 
14814 1518 1950 2563 1513 
14815 2563 1950 1518 1389 
14816 2727 1833 2296 1087 
14817 2637 2154 2727 1833 
14818 2296 2727 2154 1833 
14819 2296 2154 2727 1487 
14820 105 1952 2837 1647 
14821 2837 1952 105 1348 
14822 1472 853 2871 2806 
14823 1472 2871 853 430 
14824 1977 2871 853 2806 
14825 1977 853 2871 430 
14826 2039 828 2765 1468 
14827 2039 2765 828 2040 
14828 2752 128 2588 2873 
14829 2752 2588 128 1820 
14830 1112 2588 128 2873 
14831 1112 128 2588 1820 
14832 1784 128 2873 1112 
14833 2873 128 1784 1801 
14834 251 2500 2808 1553 
14835 1186 2808 2500 1553 
14836 2500 2499 2808 1186 
14837 2808 2499 2500 2498 
14838 2923 2324 2323 2029 
14839 1116 2324 2923 2140 
14840 1116 2923 2324 2323 
14841 1904 126 2937 968 
14842 2937 126 1904 400 
14843 2049 1911 2553 2540 
14844 2049 2553 1911 401 
14845 2624 2553 1911 2540 
14846 2624 1911 2553 401 
14847 891 2170 2732 912 
14848 2732 2170 891 444 
14849 2711 1353 442 969 
14850 2711 442 1353 1352 
14851 2500 1554 2808 2498 
14852 2808 1554 2500 251 
14853 1113 1719 2840 732 
14854 2840 1719 1113 2322 
14855 2049 2763 904 902 
14856 2049 904 2763 2608 
14857 903 904 2763 902 
14858 903 2763 904 2608 
14859 2710 1414 687 2603 
14860 687 1414 2710 868 
14861 687 343 2710 2603 
14862 2710 343 687 868 
14863 2813 1648 169 923 
14864 2813 2814 169 2081 
14865 169 2814 2813 923 
14866 454 169 2813 1648 
14867 454 2813 169 2081 
14868 2773 632 361 1462 
14869 1780 632 2773 214 
14870 1780 2773 632 361 
14871 747 2781 1232 2650 
14872 747 1232 2781 2038 
14873 2037 1232 2781 2650 
14874 2037 2781 1232 2038 
14875 238 1650 420 83 
14876 420 1650 238 2199 
14877 420 166 238 83 
14878 238 166 420 2199 
14879 2783 900 80 901 
14880 80 900 2783 999 
14881 2159 2824 1013 2162 
14882 2824 102 2159 1013 
14883 2159 102 2824 1509 
14884 2540 824 1911 119 
14885 1924 1911 2540 824 
14886 1924 2540 1911 2049 
14887 1300 2853 2989 2010 
14888 2989 2853 1300 481 
14889 2989 2158 1300 2010 
14890 1300 2158 2989 481 
14891 1318 578 2929 2475 
14892 2929 578 1318 2466 
14893 2929 2735 1318 2475 
14894 1318 2735 2929 2466 
14895 2608 903 1864 904 
14896 1863 2608 1864 790 
14897 1863 1864 2608 903 
14898 2854 198 1523 2608 
14899 1523 198 2854 607 
14900 1523 322 2854 2608 
14901 2854 322 1523 607 
14902 195 2799 2566 1427 
14903 2566 2799 195 1426 
14904 195 612 2566 1426 
14905 611 195 2566 1427 
14906 611 2566 195 612 
14907 2654 445 2810 2693 
14908 2654 2810 445 2279 
14909 445 2056 2732 913 
14910 2732 2056 445 1096 
14911 2732 2693 445 913 
14912 445 2693 2732 1096 
14913 2560 2074 2654 2706 
14914 2560 2654 2074 917 
14915 2878 878 1846 833 
14916 879 1846 2878 878 
14917 879 2878 1846 780 
14918 2967 842 2642 2930 
14919 2967 2642 842 1959 
14920 2958 2375 2569 2913 
14921 2958 2569 2375 1179 
14922 2767 2569 2375 2913 
14923 2767 2375 2569 1179 
14924 463 942 2811 943 
14925 2811 942 463 2705 
14926 2811 2377 463 943 
14927 463 2377 2811 2705 
14928 507 2559 2986 1053 
14929 2094 2559 2986 507 
14930 2094 2986 2559 2885 
14931 2680 1929 2942 2656 
14932 2680 2942 1929 1826 
14933 2648 2942 1929 2656 
14934 2648 1929 2942 1826 
14935 2691 556 2396 1225 
14936 1810 2691 2396 766 
14937 1810 2396 2691 556 
14938 2691 2168 979 2167 
14939 484 2168 2691 1308 
14940 484 2691 2168 979 
14941 1287 2614 2141 2923 
14942 1287 2141 2614 99 
14943 514 2141 2614 2923 
14944 514 2614 2141 99 
14945 2614 1150 2356 2845 
14946 2356 1150 2614 2357 
14947 2356 2374 2614 2845 
14948 2614 2374 2356 2357 
14949 2616 2030 2549 2859 
14950 2616 2549 2030 2435 
14951 2923 2549 2030 2859 
14952 2923 2030 2549 2435 
14953 1450 2888 205 160 
14954 2805 292 2003 143 
14955 866 292 2805 1631 
14956 866 2805 292 2003 
14957 2805 1177 2152 2150 
14958 2287 1177 2805 522 
14959 2287 2805 1177 2152 
14960 1319 2349 2778 1320 
14961 2778 2349 1319 2350 
14962 854 1777 2710 2223 
14963 2710 1777 854 1981 
14964 1981 1774 2542 2686 
14965 1981 2542 1774 1359 
14966 2633 2542 1774 2686 
14967 2633 1774 2542 1359 
14968 1994 436 2989 2011 
14969 2989 436 1994 867 
14970 2320 2945 978 2166 
14971 2320 977 2945 113 
14972 2945 977 2320 978 
14973 113 2945 2580 977 
14974 2580 2945 113 2260 
14975 2580 2259 113 977 
14976 113 2259 2580 2260 
14977 2686 75 1111 1894 
14978 2686 1862 1111 75 
14979 1111 1862 2686 1860 
14980 349 773 2698 2631 
14981 349 2698 773 774 
14982 2567 2301 2300 1090 
14983 1191 2300 2567 2301 
14984 1191 2567 2300 1192 
14985 1726 2992 2766 257 
14986 2766 2992 1726 1803 
14987 1131 2567 1192 2870 
14988 1131 1192 2567 1132 
14989 348 349 2631 1918 
14990 2631 349 348 1743 
14991 536 2699 2830 2645 
14992 2830 2699 536 1297 
14993 2874 21 373 1815 
14994 477 373 2874 21 
14995 477 2874 373 288 
14996 2830 1919 685 1600 
14997 1920 1919 2830 881 
14998 1920 2830 1919 685 
14999 2793 2464 665 162 
15000 1470 1936 2862 1763 
15001 1470 218 2862 1936 
15002 2862 218 1470 1093 
15003 1093 2826 2302 2862 
15004 1093 2302 2826 2303 
15005 2008 1211 2951 2403 
15006 2951 1211 2008 2630 
15007 2951 2007 2008 2403 
15008 2008 2007 2951 2630 
15009 2547 280 1609 365 
15010 282 1609 2547 280 
15011 282 2547 1609 810 
15012 273 2547 1334 2765 
15013 273 1334 2547 2446 
15014 2127 1334 2547 2765 
15015 2127 2547 1334 2446 
15016 2630 1212 2204 2951 
15017 2204 1212 2630 2203 
15018 2951 2403 559 496 
15019 1211 2951 559 1212 
15020 1211 559 2951 2403 
15021 1059 510 2689 1057 
15022 2689 510 1059 2816 
15023 2689 1058 1059 1057 
15024 1059 1058 2689 2816 
15025 1260 2816 885 2957 
15026 1260 885 2816 77 
15027 2148 885 2816 2957 
15028 2148 2816 885 77 
15029 1198 2700 117 2788 
15030 117 2700 1198 131 
15031 117 1624 1198 2788 
15032 1198 1624 117 131 
15033 145 1450 2888 205 
15034 2888 2727 2451 1071 
15035 2451 145 2888 1071 
15036 204 2727 2888 1450 
15037 2888 2727 204 2451 
15038 2888 145 204 1450 
15039 204 145 2888 2451 
15040 160 2888 1742 1450 
15041 2727 2888 1742 2440 
15042 2727 1742 2888 1450 
15043 1273 1742 2888 2440 
15044 1273 2888 1742 160 
15045 2727 640 2154 2637 
15046 2727 2154 640 1487 
15047 101 2684 2546 2457 
15048 2546 2684 101 2035 
15049 101 1349 2546 2035 
15050 2456 101 2546 2457 
15051 2456 2546 101 1349 
15052 2685 1338 2473 541 
15053 2413 1338 2685 1626 
15054 2413 2685 1338 2473 
15055 2685 2985 2353 2842 
15056 2353 2985 2685 541 
15057 2353 2473 2685 2842 
15058 2685 2473 2353 541 
15059 1338 1627 2994 872 
15060 2994 1627 1338 692 
15061 2871 219 1409 1471 
15062 2871 1409 219 1410 
15063 1587 681 1409 1410 
15064 1409 219 681 1471 
15065 1409 681 219 1410 
15066 681 2871 1409 1471 
15067 681 1409 2871 1587 
15068 2813 1690 171 927 
15069 1392 1690 2813 1692 
15070 1392 2813 1690 171 
15071 1392 2978 837 1954 
15072 1392 1681 2978 1388 
15073 2978 1681 1392 837 
15074 1678 2943 1673 704 
15075 2560 1673 2943 704 
15076 1679 2560 2943 707 
15077 2943 2560 1679 1673 
15078 2943 1678 1679 707 
15079 1679 1678 2943 1673 
15080 2943 1519 1518 708 
15081 635 2943 1518 592 
15082 635 1518 2943 1519 
15083 2176 2711 2798 1242 
15084 2798 2711 2176 992 
15085 2176 488 2798 992 
15086 1243 2798 2176 488 
15087 1243 2176 2798 1242 
15088 516 1253 2846 2427 
15089 2846 1253 516 1667 
15090 2857 1781 2638 2915 
15091 2857 2638 1781 826 
15092 1707 2486 2856 1364 
15093 1707 2856 2486 584 
15094 2622 1371 1370 2801 
15095 2622 1370 1371 1372 
15096 665 1314 2793 499 
15097 2793 1314 665 2464 
15098 2602 333 608 1714 
15099 608 1655 2602 2464 
15100 2602 1655 608 333 
15101 2904 581 2464 1716 
15102 2904 2602 2464 1314 
15103 2464 2602 2904 1716 
15104 2479 2904 2464 1314 
15105 2479 2464 2904 581 
15106 2602 1716 2480 581 
15107 2480 2602 2702 1886 
15108 2702 2602 2480 581 
15109 2480 2702 2907 1886 
15110 2907 2702 2480 581 
15111 332 2480 2602 1716 
15112 332 2602 2480 1886 
15113 2702 1045 2602 2966 
15114 2702 2602 1045 9 
15115 334 2602 1045 2966 
15116 334 1045 2602 9 
15117 502 2855 503 2702 
15118 502 503 2855 60 
15119 2108 503 2855 2702 
15120 2108 2855 503 60 
15121 2873 243 2650 2935 
15122 2873 2650 243 1527 
15123 653 2650 243 2935 
15124 653 243 2650 1527 
15125 196 2824 87 2781 
15126 196 87 2824 2045 
15127 899 87 2824 2781 
15128 899 2824 87 2045 
15129 2397 2990 2972 2363 
15130 2397 2972 2990 2991 
$EndElements
